customer_id,name,email,region,segment,signup_date
C00001,Thomas Bradford,clayjeff@example.org,West,At-Risk,2023-12-02
C00002,Adrian Skinner,brittanyramirez@example.com,Midwest,New,2024-01-24
C00003,James Williams,norrischristopher@example.org,Southwest,Regular,2024-05-12
C00004,Jessica Larson,oriley@example.com,Midwest,Regular,2023-07-28
C00005,Kevin Jones,veronicacastillo@example.com,Midwest,New,2023-04-28
C00006,Lisa Munoz DDS,cheryltaylor@example.org,West,Regular,2023-04-03
C00007,Gregory Garrett,kathy43@example.com,Midwest,VIP,2024-02-15
C00008,Sandra Caldwell,oweneric@example.net,Southeast,Regular,2024-05-31
C00009,Paige Castro,ryangalvan@example.org,Southeast,Regular,2024-04-09
C00010,Melanie Gordon,andersonmadison@example.com,Southwest,Regular,2023-03-25
C00011,Michael Long,phillipsmelissa@example.org,Southeast,Regular,2024-04-15
C00012,Nathan Green,cwilson@example.com,West,VIP,2022-03-11
C00013,Michele Gill,omorris@example.net,Midwest,Regular,2024-02-21
C00014,Trevor Harvey,snowronald@example.org,Southeast,VIP,2023-07-03
C00015,Amber Newman,robin02@example.org,West,Regular,2023-01-22
C00016,Wayne Davis,phelpsvalerie@example.net,Midwest,Regular,2024-02-21
C00017,Jared Woodard,flemingjessica@example.org,West,Regular,2023-07-08
C00018,Tony Taylor,suzanne42@example.org,Midwest,New,2024-12-12
C00019,Katherine Vargas,jonesjohnny@example.org,Southwest,Regular,2022-06-02
C00020,Nicholas Cooper,valdezandrea@example.com,Southeast,At-Risk,2023-12-12
C00021,Christine Harrell,thomas41@example.com,West,Regular,2022-07-05
C00022,Mr. Logan Thompson,kevin47@example.org,Southeast,Regular,2024-06-21
C00023,Jeremy Morgan,victoria66@example.net,Southwest,Regular,2023-09-15
C00024,Shelley Brewer,juankey@example.com,West,Regular,2022-03-10
C00025,Christina Wallace,cgonzales@example.net,West,Regular,2023-04-24
C00026,Tracy Porter,michelle09@example.com,Midwest,At-Risk,2023-09-09
C00027,Dr. Rebecca Perry,steven47@example.org,West,Regular,2023-05-13
C00028,Emily Hutchinson,albert71@example.net,West,Regular,2023-05-03
C00029,Billy Barnett,chamberspatrick@example.org,Southeast,Regular,2023-08-04
C00030,Jasmin Bowen,jacob12@example.org,Southwest,At-Risk,2024-06-30
C00031,Adam Taylor,lorimccarthy@example.org,Southeast,Regular,2023-04-01
C00032,William Lewis,mortonallison@example.com,Southeast,New,2023-05-30
C00033,Thomas Barnett,bjohnston@example.net,West,VIP,2024-05-17
C00034,Roberto Schultz,masseykatelyn@example.net,Southwest,Regular,2022-07-22
C00035,Nicholas Obrien,tanya35@example.org,Southeast,Regular,2023-02-19
C00036,Kimberly Smith,davisandrew@example.org,Southeast,At-Risk,2024-06-16
C00037,Anna Burke,christinesmith@example.com,West,Regular,2024-12-08
C00038,Robert Hudson,ericabest@example.com,Northeast,Regular,2023-06-24
C00039,Emma Taylor,alexcastro@example.net,Southwest,Regular,2024-07-29
C00040,Patrick Gonzalez,emily95@example.net,Northeast,New,2023-12-01
C00041,Candice Pearson,oyork@example.net,West,Regular,2022-04-03
C00042,Megan Howard,julielarson@example.com,Midwest,Regular,2024-06-23
C00043,Allison Johnson,floydjennifer@example.com,Midwest,New,2023-08-30
C00044,Kristina Perry,grayamanda@example.org,Midwest,Regular,2022-03-06
C00045,Jason Hamilton,yjordan@example.net,Southeast,Regular,2022-02-01
C00046,Laurie Blair,scampos@example.com,Northeast,Regular,2023-10-12
C00047,Gerald Martin,jacksonchristopher@example.net,Southeast,Regular,2024-08-09
C00048,Taylor Robertson,qtaylor@example.org,Southwest,Regular,2022-06-21
C00049,David Sullivan,derekcaldwell@example.org,Midwest,Regular,2022-11-28
C00050,Walter Cox,summer38@example.net,Midwest,Regular,2022-06-27
C00051,Joseph Waters,cheryl27@example.org,Midwest,New,2024-07-28
C00052,Karla Simmons,soniawright@example.net,Southeast,Regular,2024-09-06
C00053,Michael Adams,ryan12@example.com,Midwest,Regular,2022-03-14
C00054,Julia Smith,sarascott@example.com,Southeast,VIP,2024-06-19
C00055,Kenneth Conner,bryanlane@example.net,Southwest,Regular,2022-11-29
C00056,Kara Sanchez,christine76@example.org,Northeast,Regular,2024-02-19
C00057,Heather Stephens,chad62@example.org,West,At-Risk,2023-01-26
C00058,Victoria Ayala,susan32@example.com,Southwest,Regular,2023-02-16
C00059,Gabrielle Torres,morganamanda@example.org,Southwest,Regular,2024-01-27
C00060,Ryan Rose,usmith@example.net,Midwest,Regular,2024-03-17
C00061,Ashley Graham,stephanie54@example.net,West,At-Risk,2024-07-05
C00062,Kelly Davenport,jameswilliams@example.net,Southwest,Regular,2023-04-10
C00063,Derrick Johnson,jordan93@example.com,Southwest,New,2023-10-05
C00064,James Coleman,luke00@example.org,West,Regular,2022-10-21
C00065,Alexander Stewart,andersonscott@example.net,West,New,2022-11-29
C00066,Shannon Moody,umoyer@example.org,Midwest,Regular,2022-07-20
C00067,Heather Maldonado,jameswalker@example.org,West,Regular,2023-04-21
C00068,Gina Ingram,qchristian@example.org,Northeast,Regular,2024-04-11
C00069,Mr. Timothy Jacobs,john89@example.org,Midwest,Regular,2022-03-08
C00070,Steven Mills,wwoods@example.net,West,Regular,2022-05-25
C00071,Troy Baker,richardsonbradley@example.com,Midwest,VIP,2023-04-09
C00072,David Steele,ikim@example.net,Midwest,Regular,2023-07-28
C00073,Autumn Lee,thomasbrandy@example.com,Southwest,Regular,2024-06-11
C00074,Edward George,connie57@example.org,Southeast,Regular,2024-07-12
C00075,Jennifer Sanchez,julie29@example.com,Midwest,Regular,2023-06-18
C00076,Jaime Roberts,mary03@example.net,Northeast,Regular,2023-02-07
C00077,Bethany Villa,mahoneyrandy@example.com,Northeast,Regular,2023-01-08
C00078,Victor Tyler,danieljackson@example.net,West,Regular,2024-04-13
C00079,Antonio Silva,jmorgan@example.com,Southeast,Regular,2024-01-09
C00080,Stephen Baker,ynichols@example.org,Southwest,Regular,2023-05-11
C00081,Matthew Green,joeljones@example.com,Northeast,Regular,2024-06-14
C00082,Heather Bell,dperez@example.com,Southeast,Regular,2023-10-08
C00083,Rebekah Wu,aprilcontreras@example.org,Southwest,Regular,2024-10-16
C00084,Jenna Wright DDS,wmendez@example.org,Northeast,Regular,2024-04-02
C00085,Matthew Sullivan,vbrandt@example.com,Southeast,Regular,2022-12-28
C00086,Michael Delgado,emma08@example.net,Southeast,At-Risk,2022-02-26
C00087,Adam Parsons,colleenfletcher@example.com,West,Regular,2024-10-16
C00088,Nathan Taylor,adrian96@example.org,Midwest,Regular,2022-09-13
C00089,Wanda Summers,shawnjenkins@example.net,Southwest,Regular,2023-11-14
C00090,Amy Davis,omcgee@example.org,Midwest,New,2022-02-07
C00091,Glenn Hernandez,santosgabrielle@example.com,Northeast,Regular,2024-06-30
C00092,James Watkins,johnsonstephen@example.net,Midwest,Regular,2023-02-16
C00093,Stephanie Richards,susan01@example.net,Southwest,New,2023-09-30
C00094,Ethan Summers,mccartychristopher@example.org,West,Regular,2023-06-14
C00095,Steven Smith,vjones@example.net,Midwest,Regular,2022-12-12
C00096,Jordan Carter,scottkim@example.net,Midwest,Regular,2023-04-01
C00097,Christopher Guerrero,tracey67@example.com,West,At-Risk,2023-07-06
C00098,Amy Rice,lisa95@example.net,Southeast,New,2022-12-25
C00099,Peter Johnson,kathleen31@example.net,Midwest,Regular,2022-10-04
C00100,Larry Jarvis,fmaynard@example.net,Northeast,Regular,2023-06-11
C00101,Arthur Bridges,adamriley@example.org,Southeast,Regular,2022-12-30
C00102,Parker Frye Jr.,thancock@example.com,West,Regular,2022-09-24
C00103,Jacob Joseph,rarmstrong@example.com,Northeast,Regular,2022-09-18
C00104,Diana Osborn,wmorgan@example.org,Northeast,Regular,2023-10-02
C00105,David Vaughn,tmiddleton@example.net,West,Regular,2024-03-18
C00106,John Faulkner,kim81@example.org,Midwest,Regular,2024-10-09
C00107,Noah Wood,mullinsbrandon@example.com,Northeast,Regular,2023-05-24
C00108,Larry Hodge,schmidtfelicia@example.com,Midwest,New,2022-05-24
C00109,Logan Estrada,kellywarren@example.org,Northeast,Regular,2024-08-30
C00110,Taylor Bautista,bobby42@example.com,Midwest,At-Risk,2024-02-24
C00111,Anthony Yates,kevin38@example.org,West,New,2023-10-10
C00112,Ricky Cruz,fwood@example.net,West,Regular,2022-08-05
C00113,Jessica Morris,michaelgrant@example.net,Northeast,Regular,2023-05-14
C00114,Stephen Sanchez MD,toddkirk@example.com,Southwest,Regular,2024-12-07
C00115,Matthew Carroll,paige26@example.net,Southeast,Regular,2024-01-08
C00116,Pamela Kirby,daniel52@example.com,Midwest,Regular,2023-01-16
C00117,Kyle Snyder,marievasquez@example.org,Northeast,Regular,2024-10-27
C00118,Rachel Boyd,jessicamorales@example.org,West,Regular,2022-07-26
C00119,Zachary Parker,jeff96@example.com,Southwest,Regular,2024-05-09
C00120,Lindsey Edwards,jonathan58@example.net,Midwest,Regular,2022-07-13
C00121,Erica Blankenship,shannon60@example.org,Northeast,Regular,2024-08-24
C00122,Julia Mathews,amy34@example.net,Midwest,Regular,2024-08-08
C00123,Frances Richards,whitejacob@example.org,Southwest,Regular,2023-05-23
C00124,Cole Drake,oreyes@example.org,Midwest,Regular,2022-11-07
C00125,Samuel Chavez MD,john91@example.com,Southwest,Regular,2022-06-03
C00126,William Dunn,carol98@example.org,West,Regular,2022-08-31
C00127,Katherine Elliott,lisa93@example.net,Northeast,Regular,2022-08-16
C00128,James Case,kennethgoodwin@example.com,Southwest,Regular,2022-10-07
C00129,Desiree Smith,piercematthew@example.net,West,VIP,2022-08-14
C00130,Herbert Cole,terrancestewart@example.org,Northeast,VIP,2022-02-28
C00131,Crystal Arroyo,millscaleb@example.org,West,At-Risk,2023-11-06
C00132,Brian Collins,gregory17@example.net,Southwest,Regular,2023-05-14
C00133,Kristina Brown,amanning@example.org,Midwest,Regular,2022-04-01
C00134,Brenda Perez,hwest@example.net,Southwest,At-Risk,2023-12-11
C00135,David Lamb,danajennings@example.net,Northeast,Regular,2023-10-15
C00136,Anthony Hernandez,elizabethsimmons@example.org,Midwest,At-Risk,2022-09-12
C00137,Ashley Flores,kellermatthew@example.org,West,Regular,2022-01-22
C00138,Nicole Yang,jbryant@example.org,Southwest,Regular,2022-10-05
C00139,Ms. Janice Miller MD,elliotttiffany@example.org,Northeast,Regular,2024-01-03
C00140,Angela Dawson,cathy61@example.org,Southeast,Regular,2023-12-11
C00141,Crystal Lane,ocarlson@example.com,Southeast,At-Risk,2024-10-08
C00142,Matthew Ortega,steven15@example.com,Southeast,Regular,2022-04-25
C00143,Steven Robinson,stevengibson@example.org,Southeast,Regular,2023-05-21
C00144,Kristin Chambers,mcdonaldsarah@example.org,Southeast,New,2024-10-09
C00145,Stacey Mcbride,kevinlarson@example.org,Northeast,New,2022-03-07
C00146,Ethan Lewis,kellygarza@example.org,Northeast,Regular,2023-06-01
C00147,Timothy Smith,ashley33@example.net,Southwest,Regular,2024-08-31
C00148,Amy West,dale36@example.org,Southeast,New,2024-10-12
C00149,Johnny Salinas,michaelsmith@example.org,Northeast,Regular,2024-04-03
C00150,Donald Kim,jennifer27@example.net,West,Regular,2024-04-05
C00151,Madison Taylor,dakotapayne@example.org,Northeast,Regular,2023-11-07
C00152,Amy Moore,nancy44@example.org,West,Regular,2024-12-02
C00153,Kenneth White,powersanthony@example.org,West,New,2023-10-29
C00154,Pamela Perez,kimberly52@example.com,West,Regular,2024-03-18
C00155,Shelly Fischer,jacksonthomas@example.org,Midwest,Regular,2022-01-04
C00156,Matthew Cunningham,zhenry@example.com,Southwest,New,2024-06-28
C00157,Mr. Isaiah Sosa MD,slam@example.org,Southeast,VIP,2022-04-24
C00158,David Chapman,fclark@example.net,West,VIP,2022-05-08
C00159,Judith Huff,donaldrodgers@example.com,Midwest,Regular,2022-03-22
C00160,Robert Boyer,nicole07@example.org,Northeast,New,2023-12-18
C00161,Frances Ingram,ruth10@example.com,West,Regular,2024-09-27
C00162,Natalie Burns,yatesjoseph@example.org,Southwest,Regular,2022-05-20
C00163,Charles Stokes,nbrooks@example.net,Southwest,Regular,2023-07-16
C00164,Angela Barnes,jamespeterson@example.com,Midwest,Regular,2024-01-10
C00165,David Johnson,bbauer@example.net,West,Regular,2024-07-18
C00166,Marcia Hancock,taylortina@example.com,Southeast,Regular,2023-06-27
C00167,Christopher Holmes,jamesgomez@example.org,Midwest,New,2024-05-05
C00168,Robert Stewart,hollyruiz@example.net,Midwest,Regular,2022-01-28
C00169,Heather Young,johnjohnson@example.org,Southeast,VIP,2023-02-28
C00170,Alejandra Gray,peter24@example.org,Southwest,Regular,2022-11-27
C00171,Sandra Wong,davisjulie@example.org,Northeast,Regular,2024-02-10
C00172,David Johnson,tlee@example.com,Northeast,Regular,2024-03-06
C00173,Evan Nelson,sellersscott@example.org,Northeast,Regular,2024-06-03
C00174,John Moss,lpeterson@example.org,Northeast,Regular,2023-05-26
C00175,Emily Evans,michelleshea@example.com,Southwest,Regular,2024-09-17
C00176,Tammie Kim,kennethwells@example.org,Southwest,Regular,2022-01-13
C00177,Paul Thomas,jordansheila@example.com,Southwest,Regular,2024-06-12
C00178,Larry Watson,edwardhudson@example.com,Midwest,Regular,2024-06-17
C00179,Sue Richard,daniellester@example.org,Midwest,New,2024-02-22
C00180,Calvin Clark,kingjulie@example.com,Northeast,Regular,2022-03-03
C00181,Dylan Page,nancy80@example.net,West,VIP,2022-10-10
C00182,Michael Gomez,melissa63@example.org,Northeast,Regular,2022-05-30
C00183,Kathy Lane,matthew75@example.org,West,Regular,2023-10-20
C00184,Kathryn Mendez,mullinsedwin@example.org,Southeast,New,2023-09-28
C00185,Brandy Jones,aviladeborah@example.org,Southwest,Regular,2022-10-16
C00186,Jerry Lutz,iharper@example.com,Northeast,Regular,2024-07-06
C00187,Denise Clark,davidwest@example.net,Southwest,Regular,2024-08-13
C00188,Curtis Kirby,richardmarsh@example.net,Southeast,At-Risk,2022-07-08
C00189,Jessica Robinson,gambledevin@example.org,West,VIP,2022-05-15
C00190,Alejandro Flowers,rileyjeremy@example.net,Southeast,Regular,2022-02-04
C00191,Christine Hampton,brookslogan@example.net,Southeast,Regular,2024-07-11
C00192,Christine Rodriguez,ericcarr@example.com,Southwest,Regular,2022-07-29
C00193,Michelle Lang,bridgetjones@example.com,Southeast,VIP,2023-05-08
C00194,Kimberly Montgomery,hannah18@example.com,Midwest,New,2023-09-09
C00195,Marvin Mcconnell,melissa98@example.org,West,Regular,2022-07-06
C00196,Amanda Thomas,rachel92@example.com,West,Regular,2022-04-30
C00197,Shawn Gardner,james90@example.net,Southwest,Regular,2022-11-01
C00198,Matthew Kirk,perezgregory@example.org,Southwest,Regular,2024-04-14
C00199,Taylor Ward,ocampbell@example.com,Northeast,At-Risk,2022-12-03
C00200,Stephanie Johnston,abranch@example.net,Southeast,Regular,2023-02-10
C00201,Greg Lamb,ashleygonzalez@example.org,Southwest,Regular,2023-01-12
C00202,Taylor Maldonado,hawkinsadrienne@example.com,Southeast,VIP,2022-04-17
C00203,David Cox,christy47@example.com,Southeast,Regular,2023-06-15
C00204,Michael Stewart,kyle24@example.net,Northeast,Regular,2024-12-26
C00205,Gregory Owens,myerselizabeth@example.net,Southwest,New,2022-06-23
C00206,Michael Sherman,brittany07@example.net,Southeast,Regular,2024-08-27
C00207,John Hendrix,michaelsmith@example.org,Midwest,Regular,2024-11-08
C00208,Eric Bauer,gabriel46@example.org,West,Regular,2024-06-16
C00209,Eddie Hill,colonalyssa@example.com,Southeast,Regular,2024-05-30
C00210,Seth Gomez,fernandezbrian@example.net,Southwest,VIP,2024-05-05
C00211,Paul Collins,paulcunningham@example.net,Northeast,New,2022-06-11
C00212,Robert Murray,yrodriguez@example.com,Northeast,Regular,2024-02-20
C00213,Gregory Gardner,lsalazar@example.net,Southwest,New,2023-10-25
C00214,David Pena,kelly51@example.net,Midwest,At-Risk,2023-03-20
C00215,Jonathan Briggs,amanda16@example.net,West,Regular,2022-09-21
C00216,Melissa Thompson,johnharrington@example.net,Southwest,Regular,2023-10-19
C00217,Stephen Lewis,glen34@example.com,Southwest,Regular,2023-01-14
C00218,Savannah Roberts,benjaminsparks@example.org,Midwest,Regular,2022-08-04
C00219,Barbara Wagner,nancywilkins@example.net,Northeast,Regular,2024-04-29
C00220,Shelby Moore,sharris@example.org,West,New,2023-12-07
C00221,Michaela Key,flopez@example.net,Southwest,New,2023-04-14
C00222,Ronald Davis,wilsonjustin@example.org,Northeast,Regular,2023-02-05
C00223,Julie Wong,christopher45@example.org,Southwest,At-Risk,2022-01-28
C00224,Jennifer Harding,ibrown@example.net,West,Regular,2023-05-18
C00225,John Hernandez,frazierisaiah@example.com,West,At-Risk,2022-01-06
C00226,Joe Jones,andrea74@example.net,West,Regular,2024-01-04
C00227,Sabrina Montgomery,james41@example.org,Southwest,Regular,2024-01-23
C00228,David Brown,lmarks@example.com,West,Regular,2022-02-14
C00229,Cheyenne Rodriguez,qburke@example.com,Midwest,Regular,2022-10-10
C00230,Amanda Grimes,dlee@example.org,Southwest,New,2023-03-26
C00231,Andrew Jones,joshua41@example.net,Northeast,Regular,2024-05-21
C00232,Linda Curtis,harrislaura@example.org,Southwest,Regular,2024-02-02
C00233,Nancy Rodriguez,laurensantiago@example.org,Southeast,Regular,2023-08-26
C00234,Crystal Evans,fryjennifer@example.org,Southwest,Regular,2022-11-22
C00235,Sean Hampton,james56@example.net,Southeast,At-Risk,2022-06-27
C00236,Glenn White,houstonstephanie@example.org,Northeast,New,2023-01-03
C00237,Gerald Williams,rebeccahendrix@example.org,West,New,2022-07-28
C00238,Kevin Phelps,ray96@example.net,Southwest,Regular,2023-09-23
C00239,Sherri Ochoa,kellyphilip@example.com,Northeast,New,2024-01-03
C00240,Brenda Rogers MD,brian61@example.net,Southeast,Regular,2022-08-12
C00241,Michael Maldonado,hthompson@example.org,Southwest,Regular,2022-12-09
C00242,David Ramsey,johnsonnancy@example.net,Midwest,Regular,2024-06-06
C00243,Mary Hodges,xwagner@example.com,Southwest,Regular,2022-12-22
C00244,Nicole Hubbard,zcook@example.net,West,Regular,2024-10-26
C00245,Keith Grant,franklinbrady@example.org,Northeast,Regular,2024-09-02
C00246,Calvin Young,joannaschultz@example.com,West,Regular,2024-09-18
C00247,Mark Lowery,collinsbob@example.org,Midwest,New,2022-11-09
C00248,Cynthia Carpenter,troyjones@example.org,Midwest,Regular,2022-02-16
C00249,Shannon Chaney,becky48@example.net,Midwest,Regular,2024-03-30
C00250,Michael Bradley,morenolindsey@example.com,Midwest,Regular,2022-10-28
C00251,Rebecca Ortiz,jenniferthompson@example.net,Southeast,Regular,2023-07-06
C00252,Maria Brooks,owilliams@example.com,Southeast,Regular,2023-04-05
C00253,Michael Collins,christinehaynes@example.com,Southwest,New,2022-09-18
C00254,Larry Malone,taylorjose@example.net,Northeast,Regular,2023-08-05
C00255,Shane Walker,johnsonjose@example.com,West,At-Risk,2024-02-23
C00256,Karen Harris,kayleelyons@example.net,West,Regular,2023-04-30
C00257,Kimberly Jones,lynnkimberly@example.org,Northeast,Regular,2023-08-05
C00258,Ronald Mejia,leeashley@example.org,Southeast,VIP,2022-05-07
C00259,Megan Young,jenny74@example.com,Southwest,VIP,2024-03-26
C00260,Danielle Carter,smithdavid@example.org,Southwest,VIP,2023-03-30
C00261,Brian Martinez,taylorjason@example.net,Southwest,At-Risk,2022-08-07
C00262,Justin Diaz,usmall@example.com,Southwest,Regular,2023-03-13
C00263,Marcus Greer,zrhodes@example.org,Midwest,At-Risk,2023-03-26
C00264,Jason Cowan,crystal18@example.net,Southeast,Regular,2022-05-10
C00265,Jasmine Pena,colemanjasmine@example.org,Northeast,Regular,2024-09-02
C00266,William Jones,copelandpamela@example.net,Northeast,Regular,2022-07-11
C00267,Nathan Castro,njohnson@example.org,Midwest,At-Risk,2022-07-25
C00268,Pam Weaver,robert09@example.com,Northeast,At-Risk,2024-07-12
C00269,Eric Jones,richardmedina@example.net,Southeast,At-Risk,2022-03-18
C00270,Sabrina Richard,danielsullivan@example.com,West,Regular,2023-10-06
C00271,Michael Preston,lisacordova@example.com,Southwest,Regular,2024-11-22
C00272,Joseph Landry,woodscott@example.com,West,Regular,2022-06-11
C00273,Angela Juarez,williamedwards@example.com,Southeast,Regular,2023-08-06
C00274,Matthew Jones,iwoodward@example.net,West,Regular,2024-12-18
C00275,John Lee,michael92@example.org,Northeast,Regular,2024-10-06
C00276,Victoria Ray,jacksonlindsay@example.org,Midwest,Regular,2024-06-25
C00277,Brian Contreras,stricklandnancy@example.com,Northeast,Regular,2022-08-05
C00278,Stephanie Crosby,christian24@example.net,Southwest,New,2023-04-26
C00279,Joshua Gardner,graceparker@example.net,West,Regular,2024-12-11
C00280,Steven Torres,fordcaitlyn@example.com,Southwest,At-Risk,2022-05-16
C00281,Julie Pierce,meghan32@example.net,Southwest,At-Risk,2024-07-27
C00282,Thomas Garza,sheilapierce@example.com,Midwest,Regular,2022-11-21
C00283,Stephanie Scott,johnsongeorge@example.org,Northeast,Regular,2022-02-07
C00284,Brett Woodard,greenronald@example.com,Southeast,Regular,2022-09-05
C00285,Amber Mendez,jorge25@example.org,Southwest,VIP,2022-06-11
C00286,Connor Payne,eperez@example.org,Northeast,New,2022-04-05
C00287,Tina Harris,riveramonique@example.org,Southeast,At-Risk,2023-04-22
C00288,Renee Martin,josesmith@example.org,Northeast,Regular,2023-11-08
C00289,Christine Webb,shannonmarquez@example.com,Southeast,Regular,2022-02-15
C00290,Erin James,rickyshort@example.com,Midwest,New,2024-08-13
C00291,Joshua Jones,luistaylor@example.com,Southwest,Regular,2023-05-07
C00292,Susan Goodwin,kingmegan@example.com,Northeast,Regular,2022-06-02
C00293,Natasha Walsh,kellibrooks@example.com,Northeast,VIP,2024-03-22
C00294,Carol Higgins,nicole32@example.com,West,New,2023-06-06
C00295,Dr. Randy Ortega,bdavis@example.com,Southwest,At-Risk,2023-01-28
C00296,Destiny Dunn,derrickbrown@example.org,Southwest,Regular,2023-01-13
C00297,Laurie Burton,williamortiz@example.org,Southwest,At-Risk,2023-05-14
C00298,Michele Mahoney,nicole89@example.net,Southeast,Regular,2023-02-25
C00299,Timothy Walker,bgreen@example.net,Southwest,Regular,2023-09-16
C00300,Kristen Perkins,garciaangel@example.net,Northeast,At-Risk,2024-05-22
C00301,Ryan Hughes,nguyenshannon@example.com,Southwest,Regular,2022-12-15
C00302,Cheryl Young,travis21@example.com,Northeast,Regular,2022-03-04
C00303,Karen Oconnor,barnettkimberly@example.com,Southeast,Regular,2022-10-10
C00304,Kim Allen,igamble@example.net,Southeast,Regular,2022-07-18
C00305,Ms. Lisa Odonnell,james45@example.org,Midwest,Regular,2022-12-12
C00306,Roberto Vargas,floresvincent@example.org,West,New,2022-07-15
C00307,Kristine Cain,wmartinez@example.net,West,Regular,2023-07-29
C00308,Nathaniel Solis,pearsonian@example.org,Midwest,Regular,2023-04-15
C00309,George Bradley,shelley10@example.org,Southwest,Regular,2023-02-12
C00310,Travis Williamson,brittanycrosby@example.com,Southeast,New,2024-05-07
C00311,Lawrence Parker,hburns@example.net,West,At-Risk,2022-01-08
C00312,Tara Campbell,lori89@example.org,Southeast,Regular,2022-12-09
C00313,Thomas Macias,williamwilliams@example.org,Midwest,Regular,2022-06-15
C00314,Randall Hall,joseph81@example.org,Southeast,Regular,2024-05-11
C00315,Lindsay Moore,martha43@example.net,Northeast,New,2024-06-05
C00316,Travis Roberson,shines@example.net,West,Regular,2024-11-11
C00317,George Sellers,batesjessica@example.net,Southeast,New,2022-11-22
C00318,Kimberly Brown,philipjackson@example.org,Southwest,New,2022-04-19
C00319,Jonathan Foster,latasha16@example.org,Southeast,At-Risk,2022-10-20
C00320,Bryan Fuller,tammypetty@example.com,Southeast,New,2023-11-24
C00321,Teresa Jackson,ricewilliam@example.com,West,Regular,2024-08-04
C00322,Gail Mckinney,michaelpacheco@example.com,Southeast,Regular,2022-02-11
C00323,Christian Page,crosales@example.net,Southeast,Regular,2024-01-30
C00324,Alicia Barnett,adavis@example.com,Midwest,Regular,2022-11-01
C00325,James Vasquez,jamesvillegas@example.com,Midwest,Regular,2024-09-04
C00326,Danielle Watts,tony82@example.org,Northeast,Regular,2022-11-19
C00327,Danielle Wilson,kristin04@example.org,Midwest,Regular,2022-12-10
C00328,Jeffrey Gray,gfoster@example.com,West,Regular,2022-07-20
C00329,Kaitlyn Phillips,petersonsuzanne@example.com,Northeast,New,2024-04-07
C00330,Anthony Murphy,rjones@example.com,Midwest,Regular,2024-04-15
C00331,Roberto Parker,morsepamela@example.net,Southeast,Regular,2023-06-01
C00332,Thomas Hernandez,nicoleaustin@example.org,Midwest,VIP,2022-06-13
C00333,Erika Cohen,uthomas@example.com,Southwest,Regular,2022-12-08
C00334,Mr. Devin Rice MD,wmoody@example.org,Southeast,Regular,2023-10-12
C00335,Lisa Flores,allendillon@example.net,Southwest,Regular,2024-10-17
C00336,Heather Sims,barnettsarah@example.org,Southwest,Regular,2023-02-13
C00337,David Lindsey,lindsaykelley@example.net,Southeast,New,2024-04-11
C00338,John Gonzalez,robinsondavid@example.com,Northeast,Regular,2024-11-15
C00339,Pamela Olson,emily78@example.org,Southwest,Regular,2023-06-21
C00340,Heather Miller,paulcastaneda@example.com,Southeast,New,2022-05-09
C00341,Amanda Shaffer,annadams@example.net,Northeast,Regular,2022-07-07
C00342,Kevin Hale,justinbarnett@example.org,Midwest,At-Risk,2022-11-22
C00343,James Austin,evasquez@example.org,Southwest,VIP,2024-08-30
C00344,Kaitlyn Allen,joshua31@example.com,West,New,2022-10-02
C00345,Brian Terrell,joshuamaldonado@example.com,Northeast,Regular,2023-05-10
C00346,Samuel Morales,ehoward@example.com,West,Regular,2023-09-17
C00347,Andrea Kirk,joshua52@example.com,Southeast,New,2023-07-19
C00348,Kim Haynes,rogerskenneth@example.net,Southeast,Regular,2024-12-13
C00349,Mr. Gregory Sanders,fmccullough@example.org,Midwest,Regular,2023-04-23
C00350,Ashley Wilson,stephenalvarez@example.org,Midwest,New,2024-07-07
C00351,Tammy Liu,ymaxwell@example.net,Midwest,Regular,2022-11-04
C00352,Carlos Roth,edward73@example.net,Southwest,New,2024-04-08
C00353,Tyler Jones,millsmaria@example.net,Midwest,Regular,2024-06-04
C00354,Sharon Smith,boltonstephanie@example.org,Northeast,Regular,2023-08-18
C00355,Daniel Thompson,zparker@example.com,West,VIP,2023-10-24
C00356,Marcus Perez,thomashart@example.com,Northeast,New,2023-02-03
C00357,Laura Moore,brendaortiz@example.org,Southeast,Regular,2024-07-18
C00358,Dana Hernandez,zparker@example.com,Northeast,New,2023-11-21
C00359,Jonathan Jones,brittany72@example.org,West,Regular,2023-08-11
C00360,Stephanie Mcneil,erica58@example.org,Southeast,New,2022-11-16
C00361,David Hancock,laurahall@example.net,Southwest,Regular,2022-10-16
C00362,Rita Gutierrez,mmorgan@example.org,West,Regular,2024-11-06
C00363,Tammy Hernandez,gyoung@example.com,Southeast,Regular,2022-03-15
C00364,Allison Dunn,tross@example.com,Northeast,Regular,2024-03-25
C00365,Cassandra Nelson,antoniothomas@example.com,Southeast,Regular,2024-08-15
C00366,Travis Walker,ewest@example.net,West,Regular,2024-11-27
C00367,John Johnson,leeeugene@example.com,Southeast,Regular,2022-04-16
C00368,Marcus Valencia,valeriesimmons@example.net,Midwest,At-Risk,2024-08-31
C00369,Kari Kelly,shannonbrown@example.net,Southwest,At-Risk,2022-08-29
C00370,Jose Jenkins,karenford@example.com,Southwest,Regular,2024-03-14
C00371,Sherri Sutton,amber81@example.net,West,New,2022-01-13
C00372,Sheila Cain,kevinalvarez@example.net,Northeast,Regular,2023-06-18
C00373,Brandon Oconnor,sandovalmichael@example.com,Midwest,VIP,2022-05-23
C00374,Chad Olson,grantscott@example.net,Southwest,At-Risk,2022-06-22
C00375,Leslie Dominguez,jonathan57@example.net,Southeast,Regular,2022-08-15
C00376,Natalie Lopez,yreed@example.com,Midwest,New,2023-03-26
C00377,Jonathan Hardin,sydneyglass@example.com,Northeast,Regular,2023-04-05
C00378,Pam Mills,elizabeth12@example.com,Midwest,New,2024-10-09
C00379,Patrick Andrews,ijones@example.org,Southeast,Regular,2023-06-14
C00380,Kim Johnson,foxhelen@example.net,Southeast,Regular,2023-03-11
C00381,Jason Walker,madeline75@example.com,West,Regular,2023-08-03
C00382,Jacob Newman,hudsonscott@example.org,Southeast,Regular,2023-03-28
C00383,Jennifer Ray,thomasfox@example.net,Midwest,Regular,2022-06-23
C00384,Amy Hamilton,erush@example.com,West,Regular,2022-02-22
C00385,Corey Ayers,nathancortez@example.com,Northeast,Regular,2024-01-04
C00386,Karen Jones,tannerrodney@example.org,Southwest,Regular,2024-11-14
C00387,Brian Haas,jennifer93@example.net,West,Regular,2022-01-25
C00388,Paul Allen,boydkelly@example.org,Midwest,Regular,2022-01-24
C00389,Mary Collins,alexanderantonio@example.com,Southeast,Regular,2022-06-25
C00390,Howard Velasquez,maysjonathan@example.org,Southwest,Regular,2022-04-17
C00391,Christopher Thompson,kaylee59@example.net,West,Regular,2022-06-15
C00392,Elaine Daniels,lvazquez@example.org,Southeast,Regular,2023-10-02
C00393,Joseph Dean,atravis@example.net,Southwest,VIP,2022-12-17
C00394,Michele Woodward,hpitts@example.net,Northeast,Regular,2023-01-08
C00395,Beverly Carlson,nwang@example.com,Midwest,Regular,2022-03-06
C00396,Mikayla Hernandez,msmith@example.org,Northeast,New,2022-09-30
C00397,Abigail Rhodes,anthony17@example.net,West,At-Risk,2022-10-03
C00398,Jeremy Dorsey,stephenjones@example.net,Southwest,Regular,2023-08-31
C00399,Philip Garrett,mclaughlinmarissa@example.org,Northeast,Regular,2024-08-29
C00400,Calvin Thompson,bayala@example.net,Midwest,Regular,2024-02-27
C00401,Mark Jackson,ellisonkaren@example.net,West,New,2022-02-18
C00402,Angela Morton,christopherrobinson@example.org,Midwest,New,2023-01-14
C00403,Courtney Nunez,michaelwilson@example.org,West,Regular,2023-11-28
C00404,David Delgado,aaron13@example.org,Southwest,Regular,2022-02-23
C00405,Tiffany Jennings,yesparza@example.com,Midwest,Regular,2024-10-14
C00406,Tina Rasmussen,davisthomas@example.net,Southeast,At-Risk,2024-04-29
C00407,Jimmy Kent,vthomas@example.net,Northeast,New,2024-08-21
C00408,Brittany Graham,james94@example.com,Northeast,Regular,2023-05-01
C00409,Mary Buck,wilsonfrederick@example.org,Midwest,Regular,2024-04-03
C00410,Maria Daniel,tsmith@example.org,Northeast,Regular,2024-11-02
C00411,Amanda Dean,michellepowell@example.net,Northeast,Regular,2024-10-24
C00412,Mariah Jenkins,dennisedwards@example.net,Northeast,Regular,2022-07-05
C00413,Patrick Kerr,smitheric@example.org,Southeast,Regular,2024-02-13
C00414,Christopher Buckley,hendersonkenneth@example.org,Midwest,Regular,2024-01-12
C00415,Michael Wise,tiffanymartinez@example.com,Midwest,Regular,2024-12-12
C00416,Justin Brennan,rachel29@example.org,Southeast,Regular,2023-11-02
C00417,Peter Lucero,sheri54@example.org,Southwest,Regular,2022-02-01
C00418,Timothy Elliott,ubennett@example.com,Midwest,New,2023-09-11
C00419,Penny Caldwell,melendezshelly@example.org,Northeast,Regular,2024-01-14
C00420,Lori Brown,benjamin88@example.org,Southwest,New,2022-11-22
C00421,Janet Carter,jenniferpalmer@example.net,Northeast,VIP,2024-03-18
C00422,Samuel Russell,uramirez@example.org,Southeast,New,2024-11-16
C00423,Lauren Simpson,sheilanelson@example.com,Midwest,New,2024-04-08
C00424,Brett Bradshaw,geoffreyreed@example.com,Southwest,Regular,2022-06-24
C00425,Lee French,whitejeffrey@example.org,West,Regular,2023-10-05
C00426,Alexandra Hoover,leslie03@example.org,West,Regular,2023-06-10
C00427,Nicholas Haynes,odonnellangela@example.org,Southwest,Regular,2023-05-04
C00428,Thomas Long,rogersmeredith@example.net,Southwest,Regular,2023-05-29
C00429,Debra Reed,annaalvarado@example.com,West,New,2022-05-18
C00430,Audrey Arellano,wcabrera@example.org,Midwest,Regular,2023-03-02
C00431,Jose Trevino,rdorsey@example.com,Midwest,Regular,2023-11-20
C00432,Michelle Henry,tfields@example.net,Southeast,Regular,2024-11-13
C00433,Hunter Logan,tlowe@example.com,Southwest,New,2022-11-09
C00434,Sara Diaz,davisronald@example.net,Southeast,Regular,2024-12-02
C00435,Joshua Marshall,castrotami@example.org,Southeast,At-Risk,2024-01-07
C00436,Cindy Smith,parkerjeffery@example.org,West,At-Risk,2022-07-25
C00437,Roy Coleman,jcruz@example.net,Southeast,Regular,2024-03-28
C00438,John Parsons,guerrerozachary@example.com,West,Regular,2023-06-17
C00439,Amy Neal,jgillespie@example.net,West,Regular,2022-12-25
C00440,Shane Taylor,ruizwilliam@example.org,West,New,2023-12-06
C00441,Kevin Bates,mpierce@example.net,Southwest,Regular,2023-12-17
C00442,Michael Beltran,uwright@example.net,Southeast,New,2024-03-19
C00443,Jessica Banks,jstevens@example.com,Southeast,Regular,2022-08-17
C00444,Joseph Rivera,amanda28@example.org,Midwest,Regular,2023-12-21
C00445,Aaron Leonard,louisbrown@example.org,Northeast,At-Risk,2024-01-28
C00446,Brad Fox,jenkinsmaria@example.net,Northeast,Regular,2022-06-19
C00447,Stephanie Hoffman,jenniferphillips@example.com,Southwest,Regular,2022-05-13
C00448,Yvette Barajas,monica97@example.com,West,Regular,2023-05-19
C00449,Taylor Romero,christopher69@example.com,Northeast,Regular,2022-04-18
C00450,Charles Sanchez,hallelizabeth@example.net,Midwest,Regular,2022-02-28
C00451,Pamela Hardin,ushea@example.com,Southwest,Regular,2024-01-13
C00452,Jennifer Barton,lukemeyer@example.net,Southwest,Regular,2022-01-16
C00453,Mathew Long,nguyensusan@example.net,West,New,2023-09-19
C00454,Lindsey Johnson,rshelton@example.com,Southeast,Regular,2022-10-27
C00455,Jessica Herrera,fburgess@example.com,West,Regular,2024-03-05
C00456,James Howell,timothy23@example.net,Midwest,At-Risk,2023-12-28
C00457,Cynthia Franklin,jacquelinesmith@example.net,Southeast,Regular,2023-12-07
C00458,Peggy Flores,brookslaura@example.org,Midwest,Regular,2023-10-05
C00459,Mia Jones,acarroll@example.com,Midwest,VIP,2022-02-25
C00460,Jill Young,ryanzamora@example.net,Midwest,Regular,2024-01-02
C00461,Christine Chandler,christopher66@example.net,Northeast,Regular,2024-10-03
C00462,Daniel Smith,wjohnson@example.net,Southwest,At-Risk,2022-01-21
C00463,Christopher Heath,cynthia87@example.org,Northeast,New,2024-11-12
C00464,Jeffrey Powell,crodriguez@example.org,Midwest,Regular,2022-05-27
C00465,Jennifer Dunn,vsteele@example.com,West,Regular,2024-01-27
C00466,Jeffrey Reid,whiterandy@example.org,Northeast,Regular,2023-05-24
C00467,Thomas Holland,whubbard@example.com,West,Regular,2023-06-27
C00468,Julia Vance,eric42@example.org,West,Regular,2023-09-27
C00469,Nicole Henry,jschmidt@example.org,West,Regular,2024-11-18
C00470,Christine Gardner,katiehale@example.net,Northeast,Regular,2022-09-13
C00471,Martin Bennett,reginald35@example.net,Southwest,Regular,2022-12-15
C00472,Natalie Wood,wandaperry@example.com,Midwest,Regular,2022-10-30
C00473,Tanya Martinez,michaellin@example.net,Midwest,Regular,2024-12-19
C00474,Samuel Carr,karenflores@example.net,Southwest,Regular,2024-08-16
C00475,Kelly Brown,longrobin@example.org,Southwest,Regular,2022-06-15
C00476,Brenda Curry,fitzpatrickkimberly@example.net,Midwest,Regular,2023-09-15
C00477,David Moon,bergersteven@example.org,Midwest,Regular,2023-02-01
C00478,James Williams,jennifer32@example.net,Southeast,Regular,2022-10-05
C00479,Anthony Cruz,franklinwilliam@example.org,Northeast,Regular,2024-12-15
C00480,Frank Wright,mcbridejanice@example.com,Midwest,Regular,2023-12-12
C00481,Ann Valencia,heatherdavis@example.net,Northeast,Regular,2024-07-13
C00482,Aaron French,ntran@example.org,Midwest,Regular,2023-05-11
C00483,Hayley Shaw,michelleharmon@example.org,Southeast,New,2023-01-29
C00484,Greg Johnson,carloshogan@example.org,Southeast,Regular,2022-04-23
C00485,Jessica Dunn,david34@example.com,West,New,2022-07-21
C00486,Paul Williams,martinezeric@example.com,Southwest,Regular,2024-04-13
C00487,Tracy Davis,mullenmathew@example.com,Northeast,Regular,2023-05-24
C00488,Antonio Miller,kaylacooper@example.net,Midwest,Regular,2023-10-15
C00489,Charles Hopkins,fergusongarrett@example.com,Northeast,New,2023-11-27
C00490,Jeffrey Mejia,raymondmikayla@example.org,Midwest,New,2023-07-18
C00491,Brianna Jenkins,clyons@example.com,West,Regular,2022-08-20
C00492,Daniel Ingram,trevinoamanda@example.net,Southeast,New,2024-03-24
C00493,Patricia Reyes,barberrachel@example.org,Midwest,At-Risk,2023-10-02
C00494,Crystal Smith,juliahamilton@example.net,West,Regular,2022-11-11
C00495,Karen Mcdowell DDS,randolphstephanie@example.org,Southwest,Regular,2024-01-23
C00496,James Lowery,adamhernandez@example.org,Southeast,VIP,2022-11-03
C00497,Nicole Tran,carolyn77@example.com,Northeast,Regular,2023-11-10
C00498,Jessica Rosales,bennettgeorge@example.com,Midwest,Regular,2023-04-27
C00499,Matthew Hernandez,andreawagner@example.com,Midwest,Regular,2022-06-20
C00500,Chase Stephenson,xtravis@example.org,West,Regular,2022-10-07
C00501,George Hogan,hammondtyler@example.net,Northeast,New,2022-12-05
C00502,Christopher Hurst,sandra18@example.org,West,Regular,2022-03-16
C00503,Karen Greer,joe04@example.com,Southeast,Regular,2022-07-09
C00504,Brandi Henderson,garymorris@example.org,West,New,2022-03-22
C00505,Lucas Green,louis34@example.net,Southwest,Regular,2024-05-18
C00506,Justin Martinez,allisonrodriguez@example.org,Northeast,Regular,2023-04-30
C00507,Whitney Beck,danielgonzalez@example.com,West,Regular,2022-03-15
C00508,Bridget Fields,douglaspaul@example.org,Southeast,New,2022-05-07
C00509,Aaron Anderson,warrenallen@example.com,Northeast,New,2024-09-05
C00510,Brad Small,uromero@example.com,Midwest,New,2022-12-30
C00511,Robert Valencia,nicholas67@example.net,Northeast,Regular,2023-10-28
C00512,Lisa Morse,kmaldonado@example.net,Northeast,Regular,2022-12-18
C00513,Ian Snyder,anthony12@example.com,Southeast,Regular,2022-10-11
C00514,Elizabeth Garcia,campbellaaron@example.org,Northeast,Regular,2023-10-27
C00515,Stephanie Ward,jnichols@example.com,Midwest,Regular,2022-06-05
C00516,Kelly Morrow,donald46@example.org,Southeast,Regular,2022-12-05
C00517,Christopher Jones,davidstevens@example.com,Southwest,Regular,2022-10-08
C00518,Jacqueline Wagner,carlanunez@example.com,Southwest,VIP,2022-08-27
C00519,Stephanie Vance,jonesdeborah@example.org,Southeast,Regular,2022-01-25
C00520,Cynthia Kline,williamsjennifer@example.net,Southeast,Regular,2023-07-24
C00521,Derek Colon,stephenbautista@example.org,Southeast,Regular,2023-04-15
C00522,Robert Hall,bsingleton@example.net,Northeast,Regular,2024-06-04
C00523,Rebecca Norton,jasoncombs@example.org,West,Regular,2022-06-28
C00524,Michelle Jacobs,keith97@example.net,Southeast,Regular,2024-02-27
C00525,Lawrence Turner,cochranstephen@example.net,Midwest,At-Risk,2024-05-08
C00526,Robert Phillips,claire48@example.com,Midwest,Regular,2023-01-29
C00527,Douglas Malone,fgamble@example.net,West,Regular,2023-06-27
C00528,Richard Hull,lphillips@example.org,Southwest,Regular,2022-11-20
C00529,Joanne Gregory,davisjennifer@example.org,Southwest,New,2023-04-02
C00530,Nathaniel Bradshaw,kellerraymond@example.com,Southwest,Regular,2022-07-13
C00531,Crystal Jensen,diaznicholas@example.org,Southeast,Regular,2023-10-24
C00532,Laura Richardson,andreacasey@example.org,Southeast,Regular,2024-10-23
C00533,Allison Johnston,belldennis@example.com,Midwest,Regular,2023-09-06
C00534,John Shaw,sherri36@example.com,Southwest,Regular,2023-12-07
C00535,Laura Chan,crawforddouglas@example.com,Southeast,Regular,2024-03-01
C00536,Joy Simmons,ssparks@example.net,Midwest,Regular,2022-01-06
C00537,Katrina Watson,greenbobby@example.org,West,Regular,2022-07-16
C00538,Laura Long,austin57@example.net,Midwest,At-Risk,2023-10-13
C00539,Gary Arnold,bankslogan@example.net,Southwest,Regular,2023-06-28
C00540,Zachary Potter,ryanmccarthy@example.org,Southeast,VIP,2022-02-09
C00541,Denise Haas,rogergrant@example.net,West,Regular,2024-07-12
C00542,Shawn Williams,john32@example.org,West,Regular,2023-11-29
C00543,Travis Owen,stephanie55@example.com,Midwest,Regular,2023-07-12
C00544,Grace Salazar,jthomas@example.com,Southeast,Regular,2024-08-09
C00545,Mary Mcgee,pbruce@example.com,Southeast,Regular,2022-05-08
C00546,David Branch,bryan25@example.net,Northeast,Regular,2024-11-04
C00547,Cassandra Davis,kennetharroyo@example.org,Northeast,Regular,2024-02-21
C00548,Brian Guzman,brooksaaron@example.org,Midwest,Regular,2022-12-29
C00549,Tom Nelson,jackallen@example.net,Northeast,Regular,2024-08-26
C00550,Walter James,jonathangoodman@example.com,Midwest,Regular,2024-11-06
C00551,Sean Schultz,justinstevens@example.com,West,Regular,2024-08-13
C00552,Amber Anderson,danielbooth@example.com,Southeast,Regular,2024-06-08
C00553,Ashley Best,morganheidi@example.net,Southwest,Regular,2022-03-18
C00554,Matthew Benson,weberjack@example.net,Midwest,At-Risk,2022-05-03
C00555,Jacob Thomas,kirbykyle@example.org,Northeast,At-Risk,2023-04-03
C00556,Lauren Smith,qberger@example.com,Northeast,Regular,2024-08-29
C00557,Dawn Lane,sheilawalker@example.org,Midwest,Regular,2023-03-27
C00558,Melinda Cole,heidilewis@example.com,Southwest,New,2022-05-12
C00559,Kristen Hall,xwalsh@example.com,Southwest,Regular,2022-08-15
C00560,George Stewart,linda61@example.org,Northeast,At-Risk,2022-05-23
C00561,Michael Rivas,glennnielsen@example.com,West,Regular,2024-08-31
C00562,Laura Stanley,dawsongerald@example.net,Southeast,Regular,2024-10-04
C00563,Craig Peterson,jonathan34@example.net,Southeast,VIP,2024-10-09
C00564,Rebecca Vasquez,bennettsharon@example.net,Southeast,Regular,2023-12-30
C00565,Billy Jensen,jennifernelson@example.com,Northeast,Regular,2024-05-16
C00566,Carol Ramirez,shawnpowers@example.com,Southwest,Regular,2024-10-20
C00567,Laura Luna,monique50@example.org,Southwest,Regular,2024-08-27
C00568,Tyler Gray,pricesherry@example.com,Midwest,At-Risk,2024-12-11
C00569,Anne Rhodes,solisaustin@example.org,Southeast,Regular,2024-10-08
C00570,Terri Martinez,wilkinskyle@example.com,Southwest,Regular,2023-10-23
C00571,Amanda Stephenson,pricewendy@example.org,West,New,2022-04-21
C00572,Fred Wright,haley60@example.net,Southeast,Regular,2024-12-12
C00573,David Meza,michael08@example.com,Northeast,Regular,2024-03-26
C00574,Danielle Simpson,nancyjackson@example.com,Midwest,Regular,2023-11-26
C00575,Andrew Cuevas,tonya68@example.org,Southwest,Regular,2023-11-08
C00576,Steven Riley,reginald28@example.org,Southwest,Regular,2024-10-08
C00577,David Boyd,joseph79@example.net,Southeast,Regular,2022-04-20
C00578,Samantha Pennington,dhernandez@example.org,West,Regular,2022-10-02
C00579,Christopher Morris,omar97@example.net,Northeast,Regular,2024-04-01
C00580,Vincent Jones,wrightdakota@example.net,Northeast,Regular,2022-12-24
C00581,Nicole Tran,epaul@example.org,Northeast,New,2024-10-17
C00582,David Manning,arnoldlisa@example.com,Southeast,New,2023-01-19
C00583,Victor Knight,krista98@example.com,Southeast,VIP,2024-09-28
C00584,Sara Edwards,christian24@example.com,Southeast,At-Risk,2022-08-07
C00585,Cory Lynch,shawanthony@example.net,Midwest,New,2024-07-26
C00586,Rachel Shaw,kathy30@example.com,Southwest,Regular,2022-12-28
C00587,Danielle Frye,nrivas@example.net,Midwest,Regular,2024-06-29
C00588,Brooke Johnson,qharris@example.org,West,Regular,2022-05-07
C00589,Dale Deleon,wilsondanielle@example.net,Northeast,Regular,2022-12-09
C00590,Richard Thomas,uwells@example.net,Southwest,Regular,2024-01-10
C00591,Laura Grant,fletcherpaula@example.org,West,At-Risk,2024-10-04
C00592,Kristen Moody,elizabethmitchell@example.org,Southeast,Regular,2024-12-19
C00593,Tanya Howard,bgraham@example.org,West,Regular,2022-12-15
C00594,Steven Mack,myerstabitha@example.net,Northeast,Regular,2024-06-24
C00595,Lisa Riley,timothy18@example.net,Southeast,Regular,2024-06-29
C00596,Jody Leonard,jguzman@example.org,Southwest,VIP,2023-03-21
C00597,John Wood,tmiller@example.com,Northeast,At-Risk,2024-05-06
C00598,Robert Chambers,vnorris@example.net,Northeast,Regular,2024-01-25
C00599,Anthony Fowler,caseywatson@example.com,Northeast,Regular,2022-11-30
C00600,Harold Bailey,lori62@example.org,West,At-Risk,2024-05-18
C00601,Benjamin Ross,brianwilliams@example.net,Southwest,New,2022-08-27
C00602,Tonya Martin,edwardharris@example.net,Midwest,Regular,2024-02-25
C00603,Caleb Maynard,jaime36@example.org,Midwest,At-Risk,2023-02-27
C00604,Donna Murray,edwin82@example.com,Southeast,Regular,2023-02-17
C00605,Vanessa Cannon,oscar66@example.net,West,Regular,2023-04-08
C00606,Alexander Knight,rlevy@example.net,West,New,2022-09-09
C00607,Christopher Romero,berrytonya@example.org,Southwest,New,2022-12-09
C00608,Tiffany Blair,hammondnicholas@example.net,Southeast,VIP,2024-12-24
C00609,Adrian Holland,amanda23@example.com,Northeast,Regular,2024-05-10
C00610,Jasmine Moran,brookebrowning@example.com,Northeast,At-Risk,2023-12-05
C00611,Andrew Velazquez,richardhendrix@example.net,Southwest,Regular,2023-06-02
C00612,Michael Parker,april20@example.net,Northeast,Regular,2023-08-28
C00613,Angela Allen,watsonmelvin@example.org,West,At-Risk,2024-10-02
C00614,Megan Andersen,kimberlydavis@example.net,Southwest,Regular,2024-04-25
C00615,Abigail Conner,awilliams@example.com,Midwest,New,2024-12-22
C00616,Elizabeth Khan,fsmith@example.net,Northeast,Regular,2022-02-22
C00617,Kimberly Frazier,williamwells@example.org,Midwest,Regular,2022-04-30
C00618,Katherine Pope,omaxwell@example.com,Southwest,Regular,2024-11-29
C00619,Douglas Hayes,fitzpatrickdon@example.com,Northeast,New,2023-05-04
C00620,Cameron Rivers,sandrawatts@example.org,Southwest,Regular,2024-05-23
C00621,Christopher Knight,roger20@example.net,Northeast,Regular,2023-12-10
C00622,Ralph Sanders,browncandice@example.net,Midwest,Regular,2022-02-06
C00623,Kristine White,karina35@example.com,Northeast,VIP,2023-01-29
C00624,John Munoz,sharon30@example.net,Southeast,New,2022-07-27
C00625,Alicia Simpson,ronald45@example.net,Northeast,Regular,2022-01-20
C00626,Melissa Humphrey,wanderson@example.org,Northeast,Regular,2023-08-10
C00627,Sarah Torres,stephen25@example.org,Midwest,Regular,2024-06-06
C00628,Laura Castro,nathan36@example.org,West,Regular,2022-11-17
C00629,Christine Wilson,wilcoxyolanda@example.net,Midwest,Regular,2022-06-04
C00630,Kevin Taylor,deborah99@example.org,Southeast,Regular,2024-11-27
C00631,Kayla Ortiz,singletonsarah@example.org,Southwest,Regular,2024-05-16
C00632,Whitney Marshall,brownmark@example.com,Southwest,New,2023-08-17
C00633,Daniel Campbell,kramerryan@example.org,Southwest,New,2023-02-15
C00634,Edward Johnson,aprince@example.com,Southwest,Regular,2024-06-15
C00635,Sara Hampton,ayersryan@example.org,Southwest,At-Risk,2024-07-06
C00636,Janice Johnson,jaclynbrown@example.net,Midwest,Regular,2022-03-04
C00637,Lauren Sullivan,crawfordmichael@example.org,Southeast,Regular,2022-03-25
C00638,Joshua Stephens,robertssteven@example.com,Southwest,Regular,2023-06-10
C00639,Vanessa Cunningham,anthonyowens@example.com,Midwest,New,2023-02-24
C00640,Jon Stevenson,salazarchristina@example.com,West,New,2023-03-04
C00641,Vicki Morris,james68@example.org,Midwest,Regular,2023-10-21
C00642,Melanie Porter,choiashley@example.com,Southwest,New,2024-10-07
C00643,Robert Dennis,alexanderwilliams@example.net,Northeast,At-Risk,2023-07-20
C00644,Michael Larsen,xjohnson@example.net,West,Regular,2023-10-30
C00645,Samantha Moore,carly58@example.net,West,Regular,2024-07-23
C00646,Jennifer Miller,longmadison@example.org,Midwest,At-Risk,2022-05-10
C00647,Sharon Blair,mark27@example.org,Northeast,VIP,2024-03-26
C00648,Jo Scott,ghart@example.org,Southeast,Regular,2023-03-03
C00649,Andrea Wheeler,samanthahardin@example.net,Midwest,Regular,2024-12-01
C00650,Gina Paul,rford@example.net,Southeast,New,2024-03-17
C00651,Mrs. Linda Simmons DDS,lanerachel@example.com,Southwest,Regular,2023-03-10
C00652,Alexis Fowler,ocox@example.org,Southeast,Regular,2022-05-04
C00653,Stephanie Cook,suttontyler@example.org,Midwest,At-Risk,2024-03-02
C00654,Renee Perry,orrcaitlyn@example.net,Northeast,Regular,2024-05-03
C00655,Vanessa White,lisa17@example.com,Southeast,Regular,2023-03-12
C00656,Robert Schneider,james36@example.org,Southwest,New,2022-03-31
C00657,Connie Rivera,adrianowens@example.org,Midwest,New,2023-05-08
C00658,Patrick Rodriguez,watsonronald@example.com,Southeast,Regular,2022-04-14
C00659,Patrick Anderson,barrydonna@example.org,Southeast,Regular,2024-05-26
C00660,Sherri Elliott,maryconner@example.com,West,Regular,2022-10-15
C00661,Charles Morris,pauldrake@example.net,Southwest,Regular,2022-04-17
C00662,Jason Parker,deborah75@example.net,West,Regular,2022-02-15
C00663,Troy Ramirez,davidkim@example.net,West,Regular,2022-08-21
C00664,Robert Bradley,ryan01@example.org,Midwest,Regular,2024-04-23
C00665,Tim Leonard,kelseylee@example.org,West,Regular,2023-08-20
C00666,Olivia Walker,mfernandez@example.net,Southeast,Regular,2023-09-20
C00667,Melody Hayes,crios@example.org,Southeast,Regular,2023-06-13
C00668,Jeremy Black,hthompson@example.net,Southeast,New,2024-05-07
C00669,Alice Santos,carolyn84@example.org,Southwest,Regular,2023-02-28
C00670,Amber Rasmussen,brian83@example.org,Midwest,Regular,2024-05-16
C00671,Joshua Gutierrez Jr.,pfinley@example.net,Southwest,Regular,2024-11-08
C00672,Kenneth Thomas,erinvalenzuela@example.net,Southwest,VIP,2024-10-04
C00673,Mark Williams,jodi76@example.com,Midwest,Regular,2023-01-26
C00674,John Hines,julie81@example.com,Southeast,Regular,2024-10-23
C00675,Joseph Malone,robert85@example.net,Southeast,At-Risk,2023-03-30
C00676,Sandra Byrd,alejandro96@example.org,Northeast,Regular,2023-09-24
C00677,Jennifer Luna,samanthamoreno@example.net,Northeast,Regular,2023-12-19
C00678,Randy Woods,jamestaylor@example.org,Southwest,Regular,2024-08-20
C00679,Michael Murphy,karen91@example.net,West,New,2023-04-09
C00680,Curtis Cantrell,brownwilliam@example.com,West,Regular,2024-06-03
C00681,Katelyn Evans,nswanson@example.com,Midwest,New,2024-04-10
C00682,Jon Garcia,rileyrandy@example.net,West,VIP,2022-09-14
C00683,Eric Bell,perezwilliam@example.org,Southwest,At-Risk,2022-03-23
C00684,Karen Garcia,figueroaashley@example.com,Southwest,Regular,2024-04-26
C00685,Anthony Costa,chelsearobinson@example.com,Midwest,Regular,2024-04-02
C00686,Sherry Cross,lisathompson@example.com,Midwest,Regular,2024-03-09
C00687,Sherri Hahn,simsdawn@example.net,Southeast,New,2022-08-09
C00688,Thomas Juarez,craigcantrell@example.net,Southeast,Regular,2023-10-25
C00689,Justin Acevedo,englishheather@example.net,Northeast,Regular,2024-10-31
C00690,Gloria Mcdonald,julie60@example.org,West,Regular,2022-01-16
C00691,Elizabeth Walter,moorekaren@example.com,West,Regular,2023-07-13
C00692,Carmen Salazar,aaronpeters@example.org,West,Regular,2023-04-01
C00693,Danielle Butler,angela01@example.com,Northeast,Regular,2022-10-19
C00694,Alejandro James,ehardy@example.org,Midwest,New,2022-09-24
C00695,John Esparza,burnsstephanie@example.org,West,VIP,2023-11-23
C00696,Susan Young,brooksanita@example.com,Southwest,Regular,2023-06-20
C00697,Ashley Oliver,stephen74@example.net,Southwest,At-Risk,2022-05-05
C00698,Jason Roy,richard28@example.net,Southeast,Regular,2024-10-13
C00699,Lisa Ayers,williamskristina@example.net,Northeast,VIP,2024-03-04
C00700,Matthew Jacobs,curtissmith@example.com,Northeast,Regular,2022-05-21
C00701,Sean Bradley,richdonna@example.net,West,Regular,2022-06-04
C00702,Anthony Reed,howardveronica@example.net,Northeast,Regular,2024-12-02
C00703,Julie Thompson,robinsonjeffrey@example.com,Southwest,Regular,2022-06-30
C00704,Amber Lara,guzmananthony@example.net,Midwest,At-Risk,2023-01-28
C00705,Raymond Ali,michaelgreen@example.net,Northeast,VIP,2022-10-21
C00706,Daniel Cox,wilsonmartha@example.net,Southeast,Regular,2023-03-02
C00707,Whitney Smith DVM,melissawang@example.com,Southeast,Regular,2022-06-06
C00708,Dustin Howard,harrisondaniel@example.net,Midwest,Regular,2023-05-11
C00709,Sara Lee,jimmy01@example.net,Northeast,At-Risk,2022-01-25
C00710,Melissa Elliott,gutierrezbrenda@example.com,Northeast,VIP,2023-01-03
C00711,Donald Cummings,lori92@example.net,Midwest,Regular,2024-08-23
C00712,Kevin Malone,virginia30@example.org,Northeast,Regular,2022-06-13
C00713,Stephanie Kerr,herrerarichard@example.net,West,Regular,2022-01-25
C00714,Mark Bean,james96@example.com,Southeast,New,2024-09-20
C00715,Mark Blevins,ufigueroa@example.org,Southeast,Regular,2023-05-17
C00716,Charles Hall,lhuber@example.com,Southeast,Regular,2022-10-30
C00717,Sarah Martin,james85@example.net,Northeast,Regular,2022-11-04
C00718,Christopher Walker,candace69@example.org,Northeast,New,2023-07-20
C00719,Patricia Maldonado,hespinoza@example.com,Southeast,Regular,2022-08-11
C00720,Justin Clarke,timothy27@example.org,Southeast,At-Risk,2024-11-20
C00721,Adam West,howellmckenzie@example.com,Southeast,Regular,2022-02-01
C00722,Leslie Young,bfowler@example.org,Southeast,New,2023-08-11
C00723,Regina Allen,hunterkathryn@example.com,Southeast,Regular,2023-12-13
C00724,Mercedes Taylor,mmoore@example.com,Northeast,At-Risk,2024-05-04
C00725,Terry Alexander,sloanchristina@example.net,Southwest,Regular,2023-06-14
C00726,Jason Ramirez,saundersrenee@example.net,Northeast,At-Risk,2023-12-30
C00727,Shawn Fox,adriennebridges@example.com,Northeast,Regular,2022-12-30
C00728,Willie Lewis,jessica89@example.com,Southeast,Regular,2023-04-05
C00729,Amanda Hall,tparks@example.net,West,Regular,2022-07-17
C00730,Christy Walls,greenmichelle@example.org,Midwest,Regular,2024-03-20
C00731,Mario Burch,zcastillo@example.org,Midwest,New,2024-07-12
C00732,Kyle Fritz,gregory22@example.net,West,Regular,2024-01-21
C00733,Steven Edwards,tiffanyjones@example.com,Southeast,Regular,2022-08-25
C00734,Ashley Park,elizabeth90@example.org,Northeast,Regular,2022-02-22
C00735,Sara Singh,shafferrichard@example.net,Midwest,Regular,2024-04-02
C00736,William Fields,lopezthomas@example.net,West,Regular,2023-02-15
C00737,Robert Cuevas,smithphyllis@example.net,Southwest,Regular,2024-06-20
C00738,Lindsey Evans,desiree76@example.org,Midwest,Regular,2023-08-13
C00739,Jason Buck,taylorlynch@example.org,West,Regular,2024-05-26
C00740,Alexandra Bradshaw,randallsmith@example.net,Southwest,New,2023-03-12
C00741,Megan Kerr,snowvictor@example.org,Midwest,Regular,2023-07-20
C00742,Terry Avery,cmueller@example.org,Southeast,Regular,2024-09-23
C00743,Rachel Rubio,leeangela@example.net,Southwest,At-Risk,2023-01-14
C00744,Jacob Matthews,petersonbrandy@example.org,Northeast,Regular,2022-12-22
C00745,Zachary James,ucortez@example.net,West,Regular,2024-07-24
C00746,Frank Terry,kevin57@example.org,Midwest,Regular,2023-11-22
C00747,Patricia Smith,paulrichard@example.com,Northeast,New,2024-10-31
C00748,John Russell,nicolesmith@example.com,Northeast,New,2022-03-10
C00749,Erica Rodriguez,antonio44@example.org,Southeast,Regular,2023-05-19
C00750,Ruben Duran,randy17@example.org,West,Regular,2024-07-20
C00751,Rhonda Thompson,jennifer19@example.net,West,Regular,2023-03-28
C00752,Alex Stone,morgan87@example.com,West,Regular,2023-06-30
C00753,Kimberly Hernandez,nathan17@example.org,Southeast,New,2022-07-23
C00754,Emily Gibson,estradaanna@example.net,Northeast,Regular,2024-03-15
C00755,Tony Davis,cassie40@example.org,Southwest,Regular,2023-06-25
C00756,Colin Garcia,bethrios@example.net,West,New,2022-10-12
C00757,Barbara Davis,nicholsluis@example.com,Southeast,New,2023-03-03
C00758,Melissa Jones,keithtucker@example.com,Southeast,At-Risk,2024-08-11
C00759,Catherine Espinoza,meganrubio@example.com,Southeast,At-Risk,2024-11-24
C00760,Crystal Hayes,ehanson@example.com,West,Regular,2023-07-10
C00761,Travis Knight,ashley60@example.com,Southeast,Regular,2024-10-03
C00762,David Vasquez,gross@example.org,Northeast,Regular,2022-10-05
C00763,Jason Hale,nancybrown@example.org,West,At-Risk,2023-02-10
C00764,Jaime Cooper,harveyarthur@example.net,Southeast,Regular,2024-06-24
C00765,Jonathan Jimenez,brandiferrell@example.com,Southeast,Regular,2023-03-10
C00766,Jeffrey Wilcox,anneponce@example.com,Southwest,Regular,2024-02-04
C00767,Jamie Lindsey,smithrichard@example.net,Northeast,Regular,2022-06-15
C00768,David Bradshaw,davidmckay@example.com,West,Regular,2024-07-08
C00769,Rachel Snyder,ylester@example.net,Northeast,Regular,2023-09-17
C00770,Tracy Snyder,sean64@example.com,Northeast,Regular,2024-03-19
C00771,Garrett Flores,jerryeverett@example.net,Northeast,Regular,2024-11-21
C00772,Kathryn Davis,johnsonmatthew@example.org,Midwest,Regular,2024-07-09
C00773,Jonathan Gilbert,martin95@example.org,Northeast,New,2023-12-03
C00774,David Patel,millerfrank@example.com,West,At-Risk,2024-03-27
C00775,Steven Harris,hgay@example.net,Midwest,New,2024-07-07
C00776,Mrs. Kimberly Williams,jason08@example.net,Southeast,Regular,2023-01-01
C00777,Melissa Werner,drewjones@example.com,West,New,2023-06-11
C00778,Mary Moore,mark09@example.org,Northeast,Regular,2024-11-28
C00779,Miss Mary Lawrence,bcook@example.com,Midwest,At-Risk,2023-04-20
C00780,Janet Johnson,yesenia09@example.com,Northeast,Regular,2024-02-29
C00781,Erika Larsen,rosekevin@example.com,West,Regular,2022-03-13
C00782,Alec Waters,boonelynn@example.com,Midwest,Regular,2022-06-10
C00783,Kathryn Kirk,wlopez@example.net,Southwest,Regular,2024-09-16
C00784,Peter Ford,jose83@example.net,Northeast,New,2023-08-15
C00785,Dr. Ashley Gomez,mbarrett@example.org,West,Regular,2024-04-16
C00786,Angela Wolfe,jennifer67@example.com,West,Regular,2024-09-30
C00787,Nicole Callahan,melissa09@example.net,West,Regular,2022-07-09
C00788,Brett Pierce,caseamber@example.net,Southeast,Regular,2024-02-20
C00789,Stacy Huffman,akelly@example.net,Southwest,At-Risk,2024-05-17
C00790,Amanda Koch,gperez@example.com,Southwest,Regular,2022-03-10
C00791,Melissa Le,amber97@example.com,Midwest,Regular,2024-05-15
C00792,Matthew Garcia,christinetran@example.org,Southwest,Regular,2022-11-02
C00793,Charles Benton,ochaney@example.org,Northeast,Regular,2023-02-28
C00794,Anthony West,tdavis@example.net,West,Regular,2024-02-11
C00795,Paul Wells,wgutierrez@example.com,Southwest,Regular,2024-03-24
C00796,Christopher Daniels,christinalopez@example.org,Midwest,VIP,2023-03-09
C00797,Valerie Copeland,vargasbrittany@example.org,Southeast,Regular,2022-06-23
C00798,Bobby Wilkins,zmartinez@example.com,Southwest,New,2022-11-29
C00799,Ronald Rios,huntcourtney@example.net,Midwest,Regular,2024-04-09
C00800,Courtney Acosta,robertshort@example.org,West,Regular,2022-07-28
C00801,Ryan Williams,lunadavid@example.net,Southwest,Regular,2023-08-09
C00802,Edward Shaffer,sandralee@example.net,Southeast,Regular,2024-07-31
C00803,Alice Horton,tstone@example.com,Southeast,Regular,2022-11-03
C00804,Jessica Mccann,michelle89@example.org,Southwest,Regular,2024-02-21
C00805,Ashley Carter,jacksonalex@example.com,Southwest,At-Risk,2022-07-15
C00806,Laura Hayes,kimgerald@example.com,Southeast,Regular,2023-06-19
C00807,Debra Gibbs,spearsrobert@example.org,Southeast,Regular,2024-04-22
C00808,Michelle Lee,scottsandra@example.com,Southeast,Regular,2024-01-07
C00809,David Walsh,gjones@example.net,Southeast,New,2024-09-03
C00810,Jake Randall,william92@example.com,Northeast,VIP,2024-12-11
C00811,Tonya Harris,mmcdowell@example.org,Northeast,Regular,2023-07-25
C00812,Charles Moody,rroberts@example.com,Northeast,Regular,2023-03-17
C00813,James Vega,paulwhite@example.net,Southwest,Regular,2022-12-25
C00814,Suzanne Lester MD,fcoleman@example.com,Northeast,Regular,2023-09-29
C00815,Alexandra Sanchez,kingjanet@example.com,West,Regular,2023-11-27
C00816,Adrienne Goodwin,andrea03@example.com,Northeast,New,2022-03-23
C00817,Christine Johnson,teresastephenson@example.org,Northeast,New,2022-08-29
C00818,David Robinson,edward17@example.org,Northeast,Regular,2024-09-30
C00819,Christopher Calhoun,zhart@example.net,Northeast,Regular,2023-07-20
C00820,Charles Freeman,aruiz@example.net,Southeast,Regular,2023-04-16
C00821,Marc Hall,angela56@example.com,West,Regular,2023-08-14
C00822,Traci Adams,trevorcharles@example.net,Southeast,New,2023-01-10
C00823,Desiree Wilson,owilson@example.com,Northeast,Regular,2023-05-23
C00824,Shelly Chang,smithpaul@example.org,Southwest,New,2023-07-26
C00825,Patrick Holmes,nicholasthompson@example.org,Northeast,Regular,2022-11-22
C00826,Robert Brady,levijohnson@example.net,Northeast,Regular,2022-05-24
C00827,Amy Hill,dylancardenas@example.net,Southwest,Regular,2022-01-15
C00828,Robert Jenkins,aaronwilliams@example.net,Southwest,Regular,2024-03-10
C00829,Bruce Rodriguez,morenoemily@example.com,Northeast,Regular,2023-07-12
C00830,Joe Foster,mary19@example.com,Midwest,Regular,2024-06-27
C00831,Shane Calhoun,maria35@example.net,Southeast,Regular,2024-06-27
C00832,Katelyn Wallace,zwoods@example.net,Southeast,New,2022-10-23
C00833,Lori Morgan,brandonmartinez@example.net,Northeast,Regular,2023-12-31
C00834,Jesse Lindsey,christopher92@example.org,Southeast,At-Risk,2023-10-16
C00835,Bryan Mcguire,sandovaltimothy@example.org,Southeast,Regular,2024-09-12
C00836,Leslie Krueger,kennethortega@example.com,Southwest,New,2023-09-29
C00837,Alyssa Nunez,williamsjerry@example.net,Northeast,Regular,2022-09-06
C00838,Mr. Brian Joseph DDS,patrick86@example.org,Southeast,Regular,2024-05-08
C00839,Christopher Martin,mthompson@example.net,West,Regular,2022-01-28
C00840,Ann Gonzalez,ophillips@example.net,Midwest,New,2024-07-17
C00841,Vicki Carrillo,craig06@example.net,Southeast,Regular,2022-03-01
C00842,Michael Ford,deborahunderwood@example.net,Midwest,VIP,2024-12-14
C00843,Eric Jordan,kingwilliam@example.com,Midwest,VIP,2022-01-15
C00844,Sherri Murphy,williammullins@example.com,Southwest,New,2022-08-12
C00845,Tiffany Walker,bwashington@example.com,Northeast,Regular,2022-05-03
C00846,Frank Wolfe,oruiz@example.org,Midwest,Regular,2024-10-21
C00847,Haley Snyder,masonbaldwin@example.com,Southwest,Regular,2022-12-07
C00848,Elizabeth Dominguez,todd91@example.com,Midwest,Regular,2024-01-02
C00849,Sheila Henderson,webbmark@example.com,Southwest,Regular,2023-11-20
C00850,Dominique Mclaughlin,ryan59@example.org,Southwest,Regular,2024-01-15
C00851,Anne Glass,jameswatkins@example.org,Midwest,At-Risk,2022-03-20
C00852,Samantha Hays,brittney78@example.com,West,Regular,2024-08-01
C00853,Kyle White,asolis@example.org,Southeast,Regular,2024-07-30
C00854,Donna Lee,adamsmark@example.org,Southeast,Regular,2023-10-05
C00855,Timothy Mcmahon,samanthahutchinson@example.org,Southwest,Regular,2022-04-08
C00856,Debra Tran,jayturner@example.com,Northeast,Regular,2023-06-09
C00857,Ronald Cox,justin09@example.com,West,Regular,2022-08-26
C00858,Karen Watson,franciscoadams@example.net,Southwest,Regular,2022-06-08
C00859,Jamie Garrett,emedina@example.net,Northeast,Regular,2022-12-07
C00860,Nancy Wright,pam98@example.com,Southeast,At-Risk,2023-06-04
C00861,Claire Johnson,danielbrowning@example.net,West,Regular,2022-10-31
C00862,Todd Johnson,rmcmahon@example.com,Northeast,Regular,2023-07-08
C00863,Michelle Bartlett,michaelclark@example.net,Southwest,Regular,2022-09-24
C00864,Bryan Fleming,jessicafuller@example.com,Midwest,VIP,2022-03-12
C00865,Tracy Sparks,william87@example.com,Southwest,New,2023-11-05
C00866,Curtis Robinson,garciabrittany@example.net,Northeast,New,2022-05-13
C00867,Anthony Salinas,jasonalvarado@example.com,Southeast,Regular,2024-08-20
C00868,Kevin Ewing,webbamy@example.org,Northeast,New,2022-06-18
C00869,Jason Holmes,joshuadunn@example.net,Northeast,Regular,2023-02-18
C00870,Taylor Moore,cperry@example.net,Southwest,Regular,2023-06-14
C00871,Rebecca Benson,kempbradley@example.com,Midwest,New,2024-10-19
C00872,Nicole Wilson MD,mpeters@example.net,Southeast,New,2022-07-28
C00873,Joshua Williamson,yangmike@example.com,Midwest,Regular,2024-02-18
C00874,Dwayne Ortiz,raymond46@example.com,Northeast,Regular,2023-09-23
C00875,Steven Greer,phoffman@example.org,Southwest,Regular,2024-06-14
C00876,Wendy Hicks,monicagonzalez@example.net,Midwest,New,2023-04-10
C00877,Jessica Shepard,angelicavaughn@example.org,Northeast,Regular,2022-11-06
C00878,David Johnson,ucrane@example.com,Northeast,Regular,2024-08-16
C00879,Bruce Martinez,wsmith@example.net,Southwest,Regular,2024-05-02
C00880,Erik Knapp,escobarethan@example.org,West,Regular,2024-12-24
C00881,Danielle Miller,hpalmer@example.net,Midwest,Regular,2024-04-06
C00882,Pamela Schmitt,garzacarla@example.net,Southwest,Regular,2024-01-02
C00883,Sara White,zbrown@example.org,Northeast,At-Risk,2024-11-10
C00884,Brent Chen,andersonkevin@example.net,Midwest,Regular,2023-11-27
C00885,Antonio Rice,jeffrey12@example.net,Southeast,Regular,2024-06-21
C00886,Nicholas Wilson,staceymoore@example.com,Southwest,Regular,2024-06-30
C00887,Jimmy Mcdonald,kristen97@example.org,Northeast,VIP,2022-10-23
C00888,Michael Miller,hmiller@example.org,West,New,2023-08-19
C00889,Christina Green,josephsingleton@example.com,West,Regular,2024-01-16
C00890,Justin Griffith,crose@example.net,Southeast,At-Risk,2023-03-23
C00891,David Rich,esummers@example.com,Southwest,Regular,2024-05-19
C00892,Ian Cruz,sabrina88@example.com,Southwest,New,2024-05-03
C00893,Robert Rodriguez,christophervega@example.org,Midwest,Regular,2022-06-22
C00894,Jennifer Burton,bentleyanthony@example.com,Northeast,Regular,2023-05-14
C00895,Victor Hall,jacksonmeghan@example.net,Northeast,Regular,2022-08-16
C00896,Eric Taylor DVM,uwilson@example.com,Southwest,Regular,2022-06-16
C00897,Margaret Ballard,connerteresa@example.net,Southeast,Regular,2023-09-22
C00898,Lisa Franco,heatherperry@example.org,West,Regular,2023-04-10
C00899,Jeremy Berger,melvin88@example.org,Southwest,Regular,2024-07-21
C00900,Sarah Smith,lisa64@example.com,Southeast,Regular,2023-07-04
C00901,Antonio Sullivan DDS,youngscott@example.com,West,Regular,2022-03-21
C00902,Kyle Green,lisa21@example.org,Midwest,Regular,2023-01-13
C00903,Brian Williams,markcherry@example.com,Southeast,At-Risk,2024-06-13
C00904,Donald Stephens,fhenderson@example.org,Southeast,Regular,2022-01-31
C00905,Gary Garcia,christinemooney@example.com,Midwest,Regular,2024-04-21
C00906,Patricia Nelson,mellis@example.org,West,Regular,2024-07-08
C00907,Holly Goodwin,ahoward@example.com,West,Regular,2022-04-28
C00908,Jason Phelps,elizabeth42@example.com,Southwest,Regular,2023-05-06
C00909,Steven Johnson,mparker@example.net,Northeast,Regular,2023-02-08
C00910,Carolyn Long,nlivingston@example.com,Southeast,Regular,2024-10-22
C00911,Brianna Mcbride,vholt@example.org,Northeast,New,2022-04-08
C00912,Bradley Nelson,bellalyssa@example.net,West,Regular,2023-05-28
C00913,Eric Schmitt,mitchellchristopher@example.net,West,At-Risk,2023-12-25
C00914,Stephanie Castillo,adam45@example.net,Midwest,At-Risk,2023-12-02
C00915,Roger Salinas,marystevenson@example.org,Southwest,Regular,2022-10-10
C00916,Matthew Ortega,ashleykaufman@example.net,Midwest,Regular,2022-01-20
C00917,Shannon Davis,ihuff@example.org,Southwest,Regular,2023-07-04
C00918,Judy Hunter,hamiltonryan@example.com,West,Regular,2022-10-22
C00919,Natasha Walker,harrisryan@example.org,Southwest,Regular,2022-02-06
C00920,Ryan Barber,laura24@example.net,Southeast,New,2023-03-30
C00921,Sandra Colon,rachel06@example.net,Northeast,Regular,2022-07-20
C00922,Susan Barber,bakerkimberly@example.com,West,New,2024-06-25
C00923,Oscar Bishop,kaylaeverett@example.net,Southeast,Regular,2024-11-21
C00924,Karen Mills,michellegardner@example.net,West,Regular,2023-10-29
C00925,Tina Brooks,clee@example.net,Southeast,Regular,2024-05-19
C00926,Regina Harrington,vincentcervantes@example.org,Northeast,Regular,2023-10-21
C00927,Joanne Long,njensen@example.org,Midwest,Regular,2024-03-19
C00928,Heather Howard,donaldsmith@example.com,Northeast,Regular,2022-11-22
C00929,Trevor Barnett,michael20@example.org,West,Regular,2024-10-11
C00930,James Turner,eatonstephanie@example.com,Southeast,Regular,2023-09-05
C00931,Lance Bruce,john61@example.org,Midwest,New,2023-09-26
C00932,Samantha Brown,horr@example.net,West,New,2023-11-23
C00933,Debra Willis,jessicaswanson@example.net,Southeast,Regular,2023-08-11
C00934,Stephanie Sims,donna89@example.org,Northeast,Regular,2024-02-15
C00935,Amanda Fields,kristenpotts@example.net,Southeast,Regular,2022-12-10
C00936,Catherine Lane,fjackson@example.net,Southeast,New,2022-04-22
C00937,Jeremy Kane,cruzjoanne@example.net,Midwest,New,2022-04-20
C00938,Kathryn Wright,mjackson@example.org,West,New,2023-02-23
C00939,Samuel Church,gregorymckinney@example.com,Southwest,VIP,2024-08-06
C00940,Heather Kennedy,sandra02@example.net,Midwest,Regular,2024-10-16
C00941,Miss Tammy Morales,dhuerta@example.org,Southeast,At-Risk,2024-01-24
C00942,Sarah Camacho,ramosleroy@example.net,Southeast,Regular,2022-01-10
C00943,Oscar Flores,kylewheeler@example.com,Northeast,Regular,2023-12-01
C00944,Krista Roy,johnsonjennifer@example.net,Southwest,New,2023-06-24
C00945,Denise Fernandez,grahamcarl@example.com,West,Regular,2024-08-17
C00946,Bradley Cline,benjamin51@example.org,Northeast,Regular,2024-03-17
C00947,Cynthia White,emilyschmidt@example.net,Southwest,Regular,2024-02-02
C00948,Matthew Mccann,cynthia66@example.com,Midwest,Regular,2022-04-02
C00949,Anthony Vazquez,vernon73@example.net,Northeast,Regular,2024-01-13
C00950,Frank Li,myersmercedes@example.com,Southeast,Regular,2023-05-09
C00951,Erika Edwards,jamesrussell@example.org,Southeast,Regular,2023-11-27
C00952,John Nicholson,aross@example.org,West,Regular,2024-07-20
C00953,Anthony Thompson,smithchristopher@example.org,West,At-Risk,2023-09-27
C00954,Caitlin Stewart PhD,christopheryoung@example.com,West,Regular,2024-01-22
C00955,Matthew Bond,daniellejames@example.org,West,Regular,2022-08-16
C00956,Michael Martin,ajones@example.net,West,New,2023-02-16
C00957,Dr. Charles Fowler,lindsey51@example.net,Southwest,VIP,2024-09-19
C00958,Christopher Taylor,michaelshaw@example.com,Southeast,Regular,2022-06-21
C00959,Alan White,guyramos@example.com,Midwest,Regular,2023-08-06
C00960,Austin Gordon,kirkdevin@example.org,Southwest,New,2022-07-18
C00961,Jenna Watson,lblake@example.net,Southeast,Regular,2024-10-14
C00962,Mr. Robert Maldonado,bellsydney@example.com,Midwest,New,2023-08-23
C00963,Nicholas Brooks,deandarryl@example.net,Northeast,Regular,2024-12-04
C00964,Matthew Scott,ricky89@example.org,Northeast,Regular,2023-12-04
C00965,Robert Morton,logan93@example.net,Northeast,New,2022-08-15
C00966,Thomas Murphy,zmckay@example.com,Midwest,Regular,2023-09-19
C00967,Carla Pruitt,cervanteschad@example.com,West,Regular,2023-11-19
C00968,Angela Williams,kgarcia@example.org,West,At-Risk,2022-08-17
C00969,Tina Bernard,framirez@example.net,Northeast,Regular,2023-07-07
C00970,Crystal Knight DVM,kendra48@example.net,West,Regular,2023-06-01
C00971,Renee Browning,smithsuzanne@example.net,West,Regular,2022-01-24
C00972,Larry Adams,carlosjordan@example.org,Southeast,Regular,2023-11-26
C00973,Christina Armstrong,fbrown@example.net,West,Regular,2023-11-24
C00974,Amanda Jackson,shelley28@example.org,Southwest,Regular,2022-01-30
C00975,Kathleen Tate,kristenwilliams@example.org,Midwest,Regular,2024-07-24
C00976,Michael Torres,rogerslori@example.com,Southwest,Regular,2023-10-15
C00977,Donna Davila,xmays@example.com,Southwest,VIP,2024-08-05
C00978,Gerald Brown,ralph41@example.org,Southeast,Regular,2022-08-16
C00979,Joshua Walker,rachel92@example.net,Southwest,VIP,2023-12-07
C00980,Katherine Lopez,dparker@example.com,Southwest,New,2024-09-15
C00981,Tammy Romero,hernandezmichael@example.org,Southeast,Regular,2022-12-07
C00982,Ryan Bentley,marksamanda@example.org,Southwest,Regular,2022-08-20
C00983,Richard Ray,kimberly46@example.net,Southwest,New,2022-11-23
C00984,Denise Hardy,zbernard@example.org,Southwest,At-Risk,2022-12-20
C00985,Brian Barrett,watsonandrea@example.org,Southeast,Regular,2023-03-23
C00986,Christine Horton,sandra05@example.net,West,Regular,2023-06-13
C00987,Sabrina Vargas,dgarner@example.com,Northeast,Regular,2024-02-29
C00988,Luke Clark,johnsonraymond@example.com,Southwest,New,2023-12-05
C00989,Glenn Carter,johnblackwell@example.net,Southwest,Regular,2022-10-27
C00990,Timothy Ramirez,jasmineclark@example.com,West,New,2023-02-20
C00991,Robert Mckee,vfoster@example.net,West,Regular,2022-03-29
C00992,Mrs. Kristen Weaver,fbell@example.net,Midwest,Regular,2023-11-21
C00993,Timothy Robinson,bestdiana@example.com,West,New,2023-01-11
C00994,Cameron Stanley,davismelissa@example.com,Southeast,New,2022-09-23
C00995,Karen Allen,michaelbryant@example.com,Southwest,Regular,2023-05-16
C00996,Samantha Chapman,davidbrown@example.com,Northeast,Regular,2022-03-12
C00997,Gregory Brooks,tony11@example.com,Northeast,Regular,2024-06-15
C00998,William Leon,webballison@example.net,West,Regular,2023-08-16
C00999,Nicole Williams,anne45@example.net,Northeast,New,2024-04-05
C01000,Tammy Miller,troy44@example.net,Southeast,Regular,2024-10-31
C01001,Jennifer Mendez,rebecca32@example.com,Southwest,New,2023-01-26
C01002,Kayla Johnson,hickskelsey@example.com,Southeast,Regular,2023-04-19
C01003,Thomas Schultz,lhines@example.org,Northeast,Regular,2022-04-13
C01004,Kimberly Byrd,zgardner@example.com,West,Regular,2023-01-09
C01005,Andrew Glass,bishopjose@example.org,Southwest,Regular,2022-10-28
C01006,Shelly Torres,victoriasanchez@example.org,West,Regular,2024-02-06
C01007,Sarah Molina,cervanteschad@example.com,Southwest,VIP,2024-03-01
C01008,Aaron Torres,thompsonmichael@example.net,Northeast,Regular,2023-10-07
C01009,Dawn Pollard,pwinters@example.org,Northeast,Regular,2024-05-29
C01010,Nicholas Pearson,patriciaanderson@example.net,Midwest,VIP,2024-08-10
C01011,Jasmine Stevens,michaelbecker@example.org,Southwest,Regular,2024-08-25
C01012,Robert Cook,mary02@example.org,Southeast,Regular,2024-07-13
C01013,Trevor Mathis,ryanscott@example.com,West,Regular,2024-05-25
C01014,Elizabeth Wolf,matthewabbott@example.net,Midwest,Regular,2024-10-18
C01015,Adriana Williams,sramsey@example.net,West,Regular,2024-09-05
C01016,Stephen Peters,zhangkatherine@example.net,Southeast,Regular,2023-07-25
C01017,Mikayla Klein,dicksontina@example.org,Southeast,VIP,2023-06-04
C01018,Ann Green,amorgan@example.org,West,New,2023-08-11
C01019,Garrett Navarro,jayhoover@example.org,Northeast,At-Risk,2023-04-24
C01020,Christopher Hernandez,hicksnicole@example.org,Southeast,VIP,2023-01-27
C01021,Harold Cantu,mcdonaldkrista@example.com,West,Regular,2024-03-03
C01022,Dale Hodge,stanleysean@example.org,Northeast,Regular,2024-02-10
C01023,Danielle Brown,warrensteven@example.org,Southeast,Regular,2023-03-11
C01024,Amber Yoder,gabrielaallen@example.org,Southeast,Regular,2023-02-07
C01025,Michael Wright,sharonoliver@example.org,West,Regular,2024-02-17
C01026,Vicki Levy,ricardo68@example.org,Southeast,Regular,2023-06-30
C01027,Amy Moon,ymann@example.net,Southwest,At-Risk,2022-07-08
C01028,Raven Beck,amanda28@example.com,West,Regular,2023-11-11
C01029,Tiffany Sanchez,heather04@example.net,Southeast,Regular,2022-08-17
C01030,Ronald Nixon,kevinlewis@example.net,Southeast,Regular,2022-07-12
C01031,Allen Jarvis,angelaclark@example.net,Northeast,Regular,2024-08-17
C01032,Tiffany Thomas,rmacias@example.net,West,Regular,2024-04-06
C01033,Douglas Sanchez,erobbins@example.net,Southeast,At-Risk,2023-04-19
C01034,Kimberly Bailey,christinewolf@example.com,West,Regular,2022-11-11
C01035,Angela Burns,dennis22@example.net,Midwest,New,2022-06-13
C01036,Jessica Humphrey,yvonnecarlson@example.net,Southwest,Regular,2024-03-20
C01037,Nathan Silva,elizabeth17@example.net,Northeast,Regular,2022-03-22
C01038,Joe Gonzalez,jenniferlowe@example.org,Southeast,Regular,2022-10-16
C01039,Linda Rodriguez,aholland@example.org,Southwest,At-Risk,2022-04-04
C01040,Diana Rice,gwilliams@example.net,West,Regular,2023-11-13
C01041,Jeremy James,tracie15@example.net,Midwest,Regular,2022-01-14
C01042,Rebecca Hart,vford@example.com,West,VIP,2022-01-12
C01043,Jose Peterson,matthewfoster@example.net,Southeast,Regular,2024-10-30
C01044,Kenneth Molina,ctaylor@example.net,Southwest,Regular,2024-11-16
C01045,Gary Gutierrez,bkaiser@example.com,Midwest,At-Risk,2024-03-02
C01046,Anthony Peterson,johnmayer@example.net,Midwest,Regular,2024-10-27
C01047,David Riley,beverlyalexander@example.net,West,Regular,2022-08-08
C01048,Linda Osborne,kimberly35@example.org,Midwest,New,2023-10-16
C01049,Kenneth Anderson,james50@example.com,Northeast,Regular,2023-12-10
C01050,Amber Davidson DDS,watkinsjade@example.com,Midwest,Regular,2023-08-11
C01051,Daniel Hill,cindymiller@example.net,West,Regular,2022-07-25
C01052,Christina Ward,amanda68@example.org,Southwest,Regular,2024-06-09
C01053,Andrew Monroe,xhicks@example.net,Southeast,Regular,2022-01-05
C01054,Aaron Yu,wmooney@example.net,Northeast,Regular,2023-09-11
C01055,Aaron Williams,hayden35@example.com,Midwest,At-Risk,2022-09-25
C01056,Erica Lozano,lisablackburn@example.org,Midwest,Regular,2024-04-19
C01057,Jennifer Lee,brett03@example.net,Southeast,Regular,2023-05-05
C01058,Matthew Little,grivera@example.org,Northeast,Regular,2024-05-07
C01059,Alyssa Ruiz,flowersrhonda@example.com,Midwest,Regular,2022-05-03
C01060,Adam Jones,westnorman@example.com,Northeast,Regular,2023-08-29
C01061,Andrew Sanchez,perezkelli@example.net,Northeast,Regular,2024-06-07
C01062,Casey Curtis,stanley51@example.com,Southeast,New,2022-12-25
C01063,April Benjamin,tmclaughlin@example.org,West,Regular,2023-05-11
C01064,Susan Cole,wstewart@example.com,Northeast,At-Risk,2022-11-02
C01065,Brad Reid,shane64@example.com,Northeast,Regular,2023-03-06
C01066,Regina Cox,spencer86@example.org,Midwest,New,2023-01-15
C01067,Daniel Nolan,kimlopez@example.com,Midwest,At-Risk,2024-05-18
C01068,Dr. Melinda Carlson DVM,hdiaz@example.net,West,Regular,2023-12-03
C01069,Susan Cooke,cabreraanthony@example.com,West,Regular,2022-05-21
C01070,Jessica Zuniga,deborahromero@example.com,Midwest,Regular,2024-04-06
C01071,Samantha Cobb,michaeljones@example.org,Southwest,VIP,2023-12-06
C01072,Alexander Le,melanielang@example.com,Southwest,VIP,2024-07-20
C01073,Cindy Norman,hollyblevins@example.net,West,Regular,2022-09-06
C01074,Traci Brennan,adriennescott@example.org,Southwest,Regular,2022-10-26
C01075,Stephanie Bell,tbradshaw@example.net,West,Regular,2022-08-10
C01076,Kimberly Diaz,tayloranthony@example.net,Midwest,Regular,2024-12-08
C01077,Christopher White,anthonybowers@example.net,Southeast,Regular,2022-08-05
C01078,Charles Thompson,sandra57@example.org,West,Regular,2024-07-21
C01079,Peter Bush,jessica87@example.com,Southeast,Regular,2024-06-05
C01080,Amy Wallace,hneal@example.net,Midwest,Regular,2024-02-22
C01081,Eric Ruiz,twelch@example.org,West,Regular,2024-07-12
C01082,Robert Johnson,eric43@example.com,Midwest,Regular,2022-05-18
C01083,Ashley Mack,crystalvalenzuela@example.org,Southwest,Regular,2022-05-03
C01084,Johnathan Acevedo,fsantiago@example.org,Southeast,Regular,2022-10-13
C01085,Shelby Bates,strujillo@example.net,West,Regular,2022-11-19
C01086,David Turner,nicholas27@example.org,Southwest,Regular,2023-05-26
C01087,Jason Larson,kathleenpowers@example.net,Northeast,Regular,2024-09-26
C01088,Ronald Rodriguez,jeffrey74@example.com,Southeast,Regular,2023-02-25
C01089,Hannah Francis,cgarrett@example.org,Northeast,Regular,2023-09-16
C01090,Kevin Shepard,peckerin@example.org,Midwest,New,2023-12-28
C01091,Ethan Gonzales,jonsmith@example.com,Northeast,At-Risk,2022-10-10
C01092,Dr. Christine Carr,aprilnunez@example.net,Southwest,Regular,2024-08-14
C01093,Brian Weiss,cindydoyle@example.net,West,Regular,2024-03-09
C01094,James Harvey,michellebridges@example.org,Midwest,Regular,2023-09-08
C01095,Teresa Morris,lori27@example.net,West,Regular,2022-12-04
C01096,Robert Wade,kochtravis@example.com,Northeast,At-Risk,2023-09-22
C01097,Heather Jones,floresjoyce@example.com,Southwest,Regular,2024-03-14
C01098,Nancy Williams,rodney55@example.com,Southwest,At-Risk,2022-04-01
C01099,Norma Lee,ewallace@example.org,Midwest,VIP,2022-04-08
C01100,Christina Booth,waltersjoshua@example.com,Northeast,Regular,2024-12-05
C01101,Nicole Stafford,burgessmarisa@example.com,Southwest,Regular,2022-06-27
C01102,Amanda Rosales,laura44@example.net,Midwest,Regular,2023-07-24
C01103,Kenneth Bailey,pjones@example.org,Southwest,Regular,2024-10-20
C01104,Nicholas Herrera,stephanieharding@example.com,Midwest,Regular,2024-09-19
C01105,Ariana Vaughn,barrettjoseph@example.com,Midwest,Regular,2024-07-30
C01106,Colin Parker,kevin67@example.net,Southwest,Regular,2024-04-24
C01107,Frank Morrison,qbender@example.net,Southwest,Regular,2022-01-19
C01108,James Hernandez,jenniferford@example.net,Southwest,Regular,2023-11-14
C01109,Melissa Smith,dannyhall@example.org,Southeast,Regular,2024-02-17
C01110,Ian Wells,thunter@example.com,Southeast,At-Risk,2022-12-24
C01111,Gregory Davidson,aaron38@example.com,Northeast,VIP,2024-01-13
C01112,Andrea Nielsen,ballardbradley@example.net,Northeast,Regular,2024-10-23
C01113,Kristina Wilson,uhenderson@example.net,West,Regular,2023-01-23
C01114,Hailey Valdez,blutz@example.net,Northeast,New,2024-10-12
C01115,Jason Brennan,marcusperry@example.net,Northeast,At-Risk,2023-07-12
C01116,Kiara Singh,ychang@example.com,West,VIP,2024-12-09
C01117,Jessica Johnson,lauren65@example.org,West,Regular,2022-01-26
C01118,Karen Harper,jennifertapia@example.org,West,New,2024-09-14
C01119,Carlos Munoz,morganbaker@example.net,Southeast,Regular,2024-02-13
C01120,Vanessa Johnson,odaniels@example.com,Southeast,New,2023-10-29
C01121,Peggy Mack,freese@example.com,West,Regular,2024-01-08
C01122,Katie Lee,alexander00@example.com,West,VIP,2022-01-21
C01123,Katherine Allen,myoung@example.net,West,Regular,2023-06-25
C01124,Wendy Padilla,kenneth42@example.org,Midwest,Regular,2023-01-21
C01125,Amy Smith,dlynch@example.com,West,Regular,2024-01-15
C01126,Troy Davis,russelljody@example.com,Midwest,Regular,2024-11-13
C01127,Jordan Rodriguez,phillip21@example.net,Southeast,Regular,2023-11-29
C01128,Allen Foster,taylorkyle@example.com,Midwest,At-Risk,2022-01-17
C01129,Pam Wiggins,adamsrichard@example.com,Southwest,Regular,2022-10-21
C01130,John Schmidt,tina68@example.com,West,New,2022-11-20
C01131,Henry Adams,andrewhernandez@example.net,Northeast,Regular,2023-06-07
C01132,Corey Rose,sean33@example.net,Southwest,Regular,2024-05-23
C01133,Connie Gutierrez,tjohnson@example.com,Midwest,Regular,2024-09-13
C01134,Michael Johnson,etorres@example.com,Southwest,Regular,2022-11-22
C01135,Jennifer Sanders,georgemoore@example.net,Midwest,Regular,2022-07-15
C01136,Elizabeth Porter,brownjessica@example.net,Southwest,Regular,2022-04-01
C01137,Emily Bowers,garydean@example.net,Northeast,Regular,2023-03-13
C01138,Michael Whitehead,floresbrian@example.org,Northeast,Regular,2024-06-05
C01139,Clayton Jenkins,arnolddaniel@example.org,West,Regular,2022-12-16
C01140,Diane Ayers,priley@example.net,Northeast,New,2023-06-02
C01141,Sheila Glass,jessicadaniel@example.org,Northeast,Regular,2024-12-04
C01142,John Wu,lesliehughes@example.org,Southwest,Regular,2022-12-23
C01143,Travis Ramirez,cbates@example.net,West,Regular,2022-11-06
C01144,John Smith,toddelliott@example.net,Northeast,New,2024-01-10
C01145,Darrell Smith,sonyasimpson@example.net,Northeast,Regular,2024-09-13
C01146,Cynthia Ford,nortiz@example.com,Southeast,Regular,2023-01-14
C01147,John Bishop,bgriffin@example.com,Southwest,Regular,2022-11-28
C01148,Paul Williamson,osoto@example.net,Northeast,Regular,2023-09-24
C01149,Janet Alexander,chandlerclaudia@example.org,Southeast,New,2024-02-16
C01150,Larry Young,jasonwood@example.com,Midwest,Regular,2023-06-04
C01151,Anne Hughes,berryaaron@example.com,West,Regular,2024-07-21
C01152,Zachary Haas,dan26@example.net,West,Regular,2022-09-12
C01153,Jessica Gonzalez,raymondgregory@example.com,Midwest,Regular,2022-08-11
C01154,Rebecca Lester,peckroger@example.net,Northeast,Regular,2022-11-17
C01155,Ronald Willis,froberson@example.org,Southwest,Regular,2022-03-11
C01156,Miss April Gray,hneal@example.net,West,New,2024-11-17
C01157,Gina Paul,sergio87@example.net,Southwest,Regular,2022-04-08
C01158,Joshua Carter,alyssaandrews@example.net,West,New,2022-04-16
C01159,Elizabeth Moore,blackdavid@example.net,Midwest,At-Risk,2023-12-11
C01160,Jason Walters,ryan46@example.org,Southeast,New,2023-04-17
C01161,Mary Allen,xavierbennett@example.org,Northeast,VIP,2023-04-21
C01162,Ryan Melton,anthony41@example.org,Northeast,Regular,2023-01-12
C01163,Steven Garcia,bernardthomas@example.com,Midwest,At-Risk,2022-03-16
C01164,Michael Williams,reidolivia@example.net,Northeast,Regular,2024-07-13
C01165,Katherine Flores,steelejeffery@example.com,Midwest,Regular,2022-11-20
C01166,Tara Holmes,hooverdarius@example.org,West,Regular,2023-06-25
C01167,Scott Moore,joserobinson@example.org,Midwest,Regular,2024-08-01
C01168,Caleb Randall V,swright@example.net,Midwest,Regular,2024-05-24
C01169,Elizabeth Brown,brewerjeffrey@example.com,Midwest,Regular,2024-05-04
C01170,Jimmy Reese,csmith@example.net,Southeast,Regular,2023-06-28
C01171,Nancy Estrada,ronnie06@example.org,West,New,2023-09-18
C01172,Paul Miller,sharibush@example.org,West,Regular,2023-06-29
C01173,Matthew Ballard,caldwellmichael@example.net,Northeast,Regular,2024-08-03
C01174,Miranda Little,christophervincent@example.com,Southeast,Regular,2022-11-28
C01175,Jennifer Jones,mariafox@example.org,West,Regular,2024-09-18
C01176,Anne Perez,thomas13@example.net,Southeast,Regular,2023-09-10
C01177,Jennifer Nguyen,marquezwarren@example.org,Midwest,Regular,2023-11-05
C01178,Molly Williams,amiller@example.net,Midwest,Regular,2024-08-22
C01179,Christopher Ward,rebeccapowell@example.com,Northeast,Regular,2024-03-19
C01180,Lauren Mcmahon,lwarren@example.net,Southwest,Regular,2023-11-12
C01181,Barbara Roth,zsmith@example.org,Midwest,Regular,2024-12-26
C01182,David Farmer,jessica98@example.net,Midwest,New,2022-01-11
C01183,Ann Rivas,stephaniesherman@example.com,West,Regular,2022-12-08
C01184,Dylan Carrillo,vickie34@example.com,Northeast,Regular,2023-01-02
C01185,Zachary Cooley,joshuahicks@example.com,Southwest,Regular,2024-08-28
C01186,Mrs. Tammy Garcia MD,duncanlisa@example.net,Southwest,Regular,2024-09-25
C01187,Dr. Kenneth White,xkelley@example.org,West,New,2023-08-24
C01188,Kyle Hernandez,tonymcdonald@example.com,Midwest,Regular,2023-06-17
C01189,Hannah Vang,marshbenjamin@example.net,Midwest,Regular,2024-11-27
C01190,Katherine Gaines,jefferyoconnor@example.com,Midwest,Regular,2023-08-16
C01191,Jennifer Larsen,brandon76@example.org,Northeast,New,2023-01-07
C01192,Evan Contreras,melissapowell@example.net,Southeast,Regular,2023-06-24
C01193,Rachel Clayton,figueroaisaiah@example.org,Southwest,At-Risk,2024-11-27
C01194,Mitchell Knox,oray@example.org,West,New,2023-08-27
C01195,Donna Miller,gbeck@example.net,West,At-Risk,2023-08-24
C01196,Clayton Walls,wswanson@example.org,Midwest,New,2024-12-23
C01197,Gregory Hart,luke33@example.com,Northeast,Regular,2024-11-10
C01198,Anita Winters,ubaker@example.net,West,Regular,2024-11-20
C01199,Heather Chen,ulewis@example.org,Southwest,Regular,2022-07-30
C01200,Darryl Vargas,mreese@example.net,Midwest,New,2023-11-04
C01201,Robert Wilkins,stephaniedavis@example.net,Southeast,Regular,2024-05-19
C01202,Jennifer Nelson,richardswanson@example.com,West,New,2022-10-16
C01203,Ashley Thompson,jessicaramos@example.com,Northeast,Regular,2023-02-01
C01204,Dominique Weber,wilsoncathy@example.net,West,At-Risk,2022-06-06
C01205,Alexa Aguilar,mathew85@example.net,Midwest,Regular,2024-07-30
C01206,Carrie Clements,ambercunningham@example.org,Southeast,Regular,2022-08-24
C01207,Lauren Garrett,eric52@example.org,Northeast,New,2022-01-15
C01208,Joann Mann,robinsondon@example.org,Midwest,New,2023-09-06
C01209,Amber Cruz,daviskyle@example.org,Midwest,Regular,2022-06-09
C01210,Charles Mueller,paulcollins@example.net,West,Regular,2023-02-14
C01211,Ms. Candice Dawson,richardstrickland@example.org,Southeast,Regular,2022-04-17
C01212,Gregg Fisher,raymondhuff@example.org,West,Regular,2022-06-04
C01213,Charles Clements,rachaelsmith@example.org,Northeast,Regular,2024-09-28
C01214,Robert Martinez,kruegerjohn@example.org,Northeast,New,2022-07-26
C01215,Matthew Gonzalez,teresa24@example.org,Midwest,Regular,2022-04-28
C01216,Charles Johnson,michael22@example.com,Northeast,Regular,2023-02-22
C01217,Brandon Perez,greggavery@example.net,Southwest,VIP,2022-07-06
C01218,Edward Johnson,gibsoncarol@example.com,Southwest,Regular,2023-04-13
C01219,Tyler Miller,wardmichelle@example.org,West,At-Risk,2022-07-11
C01220,David Wilson,gwilkerson@example.net,West,Regular,2022-07-31
C01221,Adam Joyce,stephensonkelly@example.net,Northeast,New,2024-11-03
C01222,Allen Mcdowell,davismichele@example.org,Southwest,New,2023-04-25
C01223,Matthew Ramirez,amandapatel@example.com,Midwest,At-Risk,2023-02-10
C01224,Todd Nguyen,ohernandez@example.com,Midwest,VIP,2023-11-18
C01225,Lisa Welch,jonathan93@example.com,Midwest,Regular,2024-02-17
C01226,Brittany Howard,nrogers@example.org,West,Regular,2022-04-21
C01227,Stephanie Hatfield,daniel77@example.org,Midwest,Regular,2022-07-06
C01228,Margaret Black,nmurray@example.com,Midwest,Regular,2022-03-28
C01229,Monica Hickman,ashleygreen@example.net,Northeast,Regular,2023-03-10
C01230,Michelle Pratt,michael54@example.net,Southeast,At-Risk,2023-12-29
C01231,James Walls,lauraanderson@example.net,Northeast,Regular,2023-02-09
C01232,Ryan Lee,thompsonwalter@example.org,Midwest,New,2024-11-22
C01233,Manuel Mccoy,vancepaula@example.org,Midwest,New,2024-01-11
C01234,Jonathan Gilbert,lopezregina@example.com,West,At-Risk,2023-12-18
C01235,Kelsey Ross,lauriewhitney@example.org,Northeast,Regular,2023-07-21
C01236,Rebecca Miles,kevin44@example.org,Northeast,Regular,2024-01-17
C01237,Arthur Potts,mcdanielann@example.com,West,Regular,2024-02-26
C01238,Natasha Morrow,emartin@example.org,Southwest,Regular,2023-06-13
C01239,Cheryl Reynolds,valvarez@example.net,Northeast,Regular,2023-03-22
C01240,Roger Bentley,johnsonisabel@example.org,Northeast,Regular,2023-01-30
C01241,Andrew Hodges,harnold@example.net,Northeast,New,2024-12-03
C01242,Douglas Anthony,mark77@example.net,Southwest,Regular,2022-01-28
C01243,Kimberly Jones,william78@example.org,Midwest,Regular,2023-10-28
C01244,Cheryl Santos,jaime58@example.org,Northeast,VIP,2022-09-13
C01245,Gary Shelton,lindaowen@example.com,West,New,2023-07-16
C01246,Thomas Leon,nperkins@example.com,Southeast,Regular,2024-11-28
C01247,Alexander Anderson,andersondebbie@example.org,Northeast,At-Risk,2024-02-12
C01248,Ronald Hawkins,jeromejones@example.org,Southwest,New,2022-12-19
C01249,Amanda Harrison,meyersjessica@example.net,West,Regular,2022-03-01
C01250,Jennifer Carter,rushsamuel@example.com,Southeast,Regular,2022-07-28
C01251,Victoria Smith,amanda57@example.org,Southwest,Regular,2024-05-17
C01252,Joseph Dean,jford@example.net,West,Regular,2022-01-27
C01253,Paul Garza,qgarrison@example.net,West,Regular,2024-11-02
C01254,Derrick Scott,josephbennett@example.org,Southwest,Regular,2023-04-02
C01255,David Sherman,ethomas@example.org,Northeast,Regular,2023-07-14
C01256,Linda Mitchell MD,caroline83@example.net,Northeast,Regular,2022-09-14
C01257,Donald Johnson,tylerbrown@example.org,Northeast,VIP,2023-01-08
C01258,Franklin Morgan,riverashannon@example.org,West,At-Risk,2022-10-26
C01259,Nicholas Chase,skelly@example.org,Northeast,Regular,2024-09-05
C01260,Shannon Jenkins,adamswilliam@example.org,West,Regular,2023-05-20
C01261,Cristian Simpson,lauranguyen@example.org,Southwest,Regular,2022-06-11
C01262,Angela Rios,lisagutierrez@example.com,West,New,2023-12-20
C01263,Craig Walls,isexton@example.com,Midwest,Regular,2022-08-02
C01264,Chris Wise,kennethray@example.com,West,Regular,2022-09-15
C01265,Crystal Vaughn,williamsjennifer@example.net,West,Regular,2024-08-05
C01266,Christopher Nguyen,justinwoodard@example.org,West,At-Risk,2024-09-29
C01267,Jasmine Montgomery,kevinmorales@example.com,Southeast,Regular,2023-06-09
C01268,Carlos Hubbard,pduke@example.net,Northeast,Regular,2023-07-12
C01269,Stephen Kim,danamedina@example.com,Northeast,VIP,2022-08-15
C01270,Melinda Murray,laurahardy@example.net,Southwest,Regular,2023-03-13
C01271,Gina Torres,nicholas40@example.org,Southeast,At-Risk,2023-10-21
C01272,Michelle Miller,smithterry@example.com,Midwest,Regular,2022-03-27
C01273,Joshua Wallace,garrettrichard@example.net,Northeast,Regular,2022-07-09
C01274,Cesar Smith,stacy04@example.com,Southwest,Regular,2024-10-13
C01275,James Stephens,istafford@example.net,Midwest,Regular,2023-01-09
C01276,Destiny Park,guerradonna@example.net,West,Regular,2023-09-17
C01277,Matthew Munoz,nicholas02@example.org,Southwest,Regular,2024-01-22
C01278,Keith Collins,guerreropamela@example.net,Northeast,VIP,2024-12-05
C01279,Cassidy Matthews,hramirez@example.org,Midwest,New,2024-02-01
C01280,Brian Kelly,bcunningham@example.net,Northeast,Regular,2023-06-12
C01281,Anthony Barrera,johnsonmegan@example.com,Southwest,Regular,2022-05-25
C01282,Alex Scott,pcarroll@example.org,Southeast,Regular,2022-06-07
C01283,Olivia Jacobson,wongjohn@example.net,Northeast,Regular,2022-01-29
C01284,Daniel Landry,xlee@example.org,Southwest,Regular,2024-07-03
C01285,Jorge West,brianna67@example.net,Northeast,Regular,2022-03-17
C01286,James Graham,kdavis@example.org,Midwest,New,2023-03-18
C01287,April Mitchell,janet54@example.org,Northeast,VIP,2024-11-10
C01288,Barbara Baldwin,donaldmorris@example.com,Midwest,VIP,2023-12-09
C01289,Gregory Harper,zimmermanjay@example.org,Midwest,Regular,2024-06-27
C01290,Joshua Good,jarvistaylor@example.org,Southwest,Regular,2024-12-22
C01291,Robert Fowler,christine31@example.com,West,Regular,2022-07-27
C01292,Russell Walker,jasonallen@example.net,Southwest,Regular,2022-04-23
C01293,Jody Burch,maddenbrian@example.net,West,Regular,2024-01-12
C01294,Richard Hernandez,nward@example.org,Northeast,New,2024-06-11
C01295,Heather Castillo,williamsjacob@example.net,West,New,2024-05-03
C01296,Erik Palmer,mitchellbaldwin@example.org,Northeast,Regular,2024-06-04
C01297,Melissa Perez,shannonoconnell@example.com,Southwest,New,2023-09-25
C01298,April Phillips,ccook@example.com,Northeast,Regular,2022-08-20
C01299,Bethany Morales,juanjohnson@example.net,Southeast,Regular,2023-08-07
C01300,Bryan Warren,qestrada@example.org,West,Regular,2023-02-23
C01301,Ryan Black,rhonda76@example.com,West,Regular,2023-07-13
C01302,Julie Farley,amandakemp@example.net,Midwest,Regular,2022-12-31
C01303,Carmen Alvarado,jonesmichael@example.net,West,At-Risk,2022-10-24
C01304,Adrian Bailey,kimwaters@example.org,West,Regular,2024-10-01
C01305,Daniel Wood,mark84@example.org,Northeast,At-Risk,2022-01-07
C01306,Lori Phillips,mckinneykristen@example.com,Southwest,Regular,2022-05-18
C01307,Michelle Peterson,fthomas@example.net,Southeast,New,2022-03-08
C01308,Michael Young,anne88@example.net,Southwest,VIP,2023-12-23
C01309,Brenda York,james13@example.com,Southeast,Regular,2024-01-24
C01310,Jeremy Collier,kennethrandolph@example.org,Northeast,Regular,2022-02-16
C01311,Savannah Collins,sandersmichael@example.com,West,Regular,2024-11-16
C01312,Tony Harrison,mooremonica@example.com,Midwest,Regular,2023-01-03
C01313,James Gonzalez,joshuahayden@example.com,Southwest,Regular,2023-03-16
C01314,Maria Haney,perezkathryn@example.com,Southeast,VIP,2024-06-27
C01315,Sara Scott,paul26@example.com,West,Regular,2023-04-25
C01316,Anthony Gallegos,rwelch@example.net,Northeast,Regular,2022-05-06
C01317,Kyle Clark,john99@example.org,Southeast,At-Risk,2022-06-30
C01318,Bridget Terry,louis61@example.net,Northeast,Regular,2023-10-02
C01319,Shawn Daniels,vlee@example.net,Northeast,Regular,2022-07-23
C01320,Adam Dorsey,kellerderek@example.net,Northeast,Regular,2023-05-23
C01321,Morgan Smith,sarajarvis@example.com,Southwest,Regular,2023-10-09
C01322,Jessica Collins,thomas32@example.net,Southeast,Regular,2024-10-03
C01323,Nicholas Coleman,josephfernandez@example.org,Southwest,Regular,2022-08-20
C01324,Angela Brooks,biancawilson@example.net,Southwest,New,2023-07-24
C01325,Stephanie Flores,bradley59@example.com,West,Regular,2022-07-29
C01326,Jason Serrano,jamie21@example.com,Midwest,Regular,2022-02-07
C01327,John Perry,yanghector@example.com,West,At-Risk,2023-02-16
C01328,Jesse Lewis,stevensbradley@example.com,Midwest,Regular,2024-05-08
C01329,Mary Miller,michael18@example.org,Southeast,Regular,2023-07-30
C01330,Ryan Cervantes,annarivera@example.org,West,Regular,2024-08-26
C01331,Cynthia Drake,timothy15@example.org,Southeast,Regular,2023-03-31
C01332,Lawrence Morris,ibarraanthony@example.net,Southwest,Regular,2024-11-26
C01333,Steven Sanchez,brianramirez@example.com,Southwest,New,2023-10-23
C01334,Kathy Lloyd,hamiltonclifford@example.com,Northeast,At-Risk,2022-08-28
C01335,Brian Martin,christinehill@example.org,Midwest,VIP,2022-03-11
C01336,Samantha Leblanc,christopher89@example.com,West,Regular,2023-06-20
C01337,Joseph Skinner,stephensonsean@example.com,Midwest,Regular,2024-06-25
C01338,Matthew Jenkins,evansmaria@example.net,Midwest,Regular,2024-10-16
C01339,John Carter,delacruzcarl@example.net,Northeast,Regular,2022-12-07
C01340,Brian Davis,ethan30@example.com,Southwest,Regular,2023-07-19
C01341,Sean Cline,dlong@example.com,West,Regular,2024-05-17
C01342,Michael Cervantes,burchalyssa@example.com,Northeast,Regular,2022-09-07
C01343,Erin Mcdonald,kimcolleen@example.net,Northeast,Regular,2024-05-01
C01344,Penny Brown,michaelgutierrez@example.com,Southwest,Regular,2022-11-03
C01345,Danielle Cameron,moniquecarter@example.net,Midwest,Regular,2022-10-16
C01346,Jill Clark,dylanmartinez@example.net,Southwest,Regular,2024-01-17
C01347,Michael Edwards,melissawatkins@example.com,Midwest,Regular,2023-07-29
C01348,James Bowman,qmiller@example.com,Midwest,Regular,2022-04-28
C01349,Mr. David Crosby,gatesdaniel@example.com,Southeast,Regular,2024-09-08
C01350,Rebecca Mcconnell,mitchellwest@example.net,Midwest,Regular,2023-10-13
C01351,Stacy Griffin,bethanyjackson@example.net,Southwest,Regular,2023-06-26
C01352,Alan Copeland,davidbean@example.org,Southwest,New,2022-04-23
C01353,Shelia Russell,achang@example.com,Southwest,At-Risk,2023-10-24
C01354,Eric Smith,rbowen@example.com,Southwest,Regular,2024-09-10
C01355,Kenneth Lee,horneamanda@example.net,West,At-Risk,2022-07-05
C01356,Steve Davila,holsen@example.net,Northeast,At-Risk,2022-12-07
C01357,Julia Greer,graybenjamin@example.org,Southwest,Regular,2024-09-05
C01358,Brian Woodard,fernandezbrianna@example.com,West,VIP,2022-10-27
C01359,Catherine Swanson,christopher07@example.com,West,At-Risk,2024-12-17
C01360,John Perez,andrewspatrick@example.net,Northeast,Regular,2022-07-18
C01361,Debra Davis,reyesdanielle@example.com,Southeast,Regular,2022-11-06
C01362,Steve Mercado,jimenezjohn@example.org,Southwest,New,2023-11-07
C01363,Caroline Foley,genejarvis@example.net,Midwest,Regular,2024-06-14
C01364,Mr. Ernest Sullivan,jparker@example.com,Southeast,Regular,2022-10-07
C01365,Patrick Johns,mary33@example.net,Midwest,Regular,2024-01-29
C01366,Spencer Smith,daniel62@example.com,Southwest,Regular,2022-08-01
C01367,John Meadows,murrayjoshua@example.org,West,Regular,2024-02-22
C01368,Ryan House,dunnrobert@example.org,Midwest,Regular,2024-11-15
C01369,Ryan Wright,ucherry@example.com,Midwest,Regular,2022-03-31
C01370,Jaime Griffin,jill87@example.org,Southwest,Regular,2022-02-14
C01371,Mark Moody,jeffreyhayes@example.org,Southeast,Regular,2024-08-08
C01372,Frank Horton,robertramirez@example.net,Midwest,New,2022-08-27
C01373,Erica Nelson,ayersmary@example.com,Midwest,New,2022-08-13
C01374,Beth Robbins,perezcharles@example.net,Northeast,New,2024-04-01
C01375,Trevor Owens,leslie15@example.net,Midwest,Regular,2022-12-13
C01376,John Hernandez,sandrahall@example.com,Southwest,Regular,2023-08-25
C01377,Nancy Dominguez,hamiltonjulie@example.net,Southwest,Regular,2023-03-04
C01378,Jack Miller,amy04@example.com,West,At-Risk,2023-04-12
C01379,William Henry,margaret92@example.org,Midwest,At-Risk,2022-01-23
C01380,Michele Campbell,patrick73@example.org,Midwest,Regular,2023-04-17
C01381,Michael Walsh,toddsarah@example.net,West,VIP,2024-10-14
C01382,Shannon Brown,lopezclaire@example.net,Midwest,Regular,2023-09-18
C01383,Timothy Brown,joe51@example.com,Southwest,New,2022-05-25
C01384,Jeffrey Good,adam48@example.org,West,Regular,2023-06-24
C01385,James Krueger,davisanthony@example.com,Southeast,At-Risk,2022-05-28
C01386,Walter Santiago,mark21@example.org,Northeast,At-Risk,2023-01-25
C01387,Jeffrey Garcia,reynoldsscott@example.com,Southeast,At-Risk,2023-09-13
C01388,Mariah Jackson,charleshunt@example.net,West,New,2022-09-06
C01389,Joan Warren,dchristensen@example.org,Southeast,Regular,2022-08-29
C01390,Mark Davis,fredpearson@example.org,Midwest,Regular,2023-04-26
C01391,Andrea Woodard,stephanie76@example.org,Midwest,Regular,2024-01-31
C01392,Kevin Cole,cadams@example.com,Northeast,Regular,2022-12-06
C01393,Bryan Harmon,brendan26@example.net,Northeast,New,2024-04-06
C01394,Michael King,hlam@example.net,Midwest,Regular,2023-01-13
C01395,Kelsey Black,christine68@example.net,Midwest,Regular,2022-07-27
C01396,David Flores,elizabethjackson@example.com,West,New,2023-07-24
C01397,Mrs. Crystal Mason MD,nicholasray@example.com,Midwest,Regular,2022-09-12
C01398,Dennis Lloyd,kyle21@example.org,Northeast,Regular,2022-04-03
C01399,Robin Nelson,hdorsey@example.net,Southwest,Regular,2022-02-06
C01400,Dillon Thomas,cball@example.net,Northeast,Regular,2022-04-26
C01401,Jacob Skinner,juliejones@example.net,Midwest,Regular,2023-04-18
C01402,Karen Rose,jacksonjason@example.org,Midwest,Regular,2023-08-25
C01403,Bridget White,claudiawilliams@example.net,Southwest,At-Risk,2023-04-05
C01404,Jennifer Riddle,blakemartinez@example.net,Southwest,At-Risk,2022-10-25
C01405,Pamela Gonzalez MD,pryan@example.net,Southeast,Regular,2024-09-12
C01406,Tony Hamilton,moorematthew@example.org,Southwest,VIP,2023-11-10
C01407,Jessica Williams,richard78@example.com,Midwest,Regular,2024-12-16
C01408,Charles Mitchell,ukim@example.com,Southeast,Regular,2023-04-17
C01409,Andrew Harvey,nwalker@example.com,Southwest,Regular,2023-08-16
C01410,Katherine Meyers,ginarivas@example.net,Southeast,Regular,2024-09-17
C01411,Meghan Barnett,phillipsthomas@example.org,Midwest,Regular,2023-04-07
C01412,James Torres,brownjohn@example.net,Northeast,New,2023-08-27
C01413,Richard Hart,donna63@example.com,Midwest,At-Risk,2023-12-21
C01414,Michael Bright,xsawyer@example.net,Southeast,New,2024-03-15
C01415,Brittany Turner,christophersanchez@example.com,Midwest,Regular,2022-12-16
C01416,Brian Randall,tylerpennington@example.net,Northeast,Regular,2023-11-07
C01417,Scott Guerrero,linda69@example.org,Southwest,VIP,2023-05-12
C01418,Angela Anderson,gtapia@example.net,Southwest,New,2022-02-24
C01419,Kathleen Hull,uwolf@example.org,Northeast,New,2023-03-16
C01420,Courtney Taylor,susangonzalez@example.net,West,Regular,2024-11-05
C01421,Richard Rodriguez,terri94@example.org,Northeast,Regular,2023-02-15
C01422,Joshua Gonzalez,christopherwilson@example.com,West,Regular,2024-05-13
C01423,Julie Sherman,kjones@example.org,Midwest,Regular,2022-07-16
C01424,Kara Harding MD,tracy24@example.com,Midwest,Regular,2022-09-18
C01425,Mr. Benjamin Brown II,christopher47@example.com,Southwest,At-Risk,2024-03-15
C01426,Allen Morris,willie47@example.net,Southeast,VIP,2022-12-05
C01427,Joe Blake,smithrodney@example.net,Midwest,Regular,2023-04-21
C01428,Felicia Rich,valerie30@example.com,Southeast,Regular,2022-08-02
C01429,Daniel Mullen,nchen@example.org,Southeast,New,2022-09-12
C01430,Colleen Ramirez,lawrencejeremy@example.com,West,Regular,2022-08-02
C01431,Laura Luna,michael52@example.net,Southeast,Regular,2024-10-05
C01432,Bradley Price,matthewdecker@example.net,West,New,2024-09-03
C01433,Alicia Osborne,michael97@example.net,Midwest,New,2024-06-10
C01434,Barbara Mitchell,christopherlong@example.org,Midwest,VIP,2022-07-07
C01435,Dr. Margaret Schneider,qlambert@example.net,Southwest,New,2022-12-21
C01436,Shaun Stephenson,barrettanne@example.org,Northeast,Regular,2023-01-23
C01437,Maria Hamilton,parsonsryan@example.org,Southwest,VIP,2024-03-23
C01438,Mary Gay,katherine47@example.net,Midwest,Regular,2023-01-19
C01439,Anthony Watson,cphillips@example.org,Northeast,New,2024-02-20
C01440,Jeffrey Cole,qrivera@example.net,Northeast,Regular,2022-05-01
C01441,Heather Hunter,xgonzalez@example.com,Southeast,Regular,2023-04-07
C01442,Melissa Robinson,danielbriggs@example.org,West,Regular,2023-08-06
C01443,Stephen Parker,kferguson@example.org,Southeast,Regular,2024-06-09
C01444,Sandra Barber,brendahall@example.com,West,Regular,2023-05-26
C01445,Stephanie Thompson,aholden@example.org,Southwest,New,2022-07-27
C01446,Carl Mclaughlin,craiglucero@example.com,West,Regular,2022-09-09
C01447,Nicholas Rojas,smithjessica@example.com,Southeast,Regular,2023-12-07
C01448,Keith Dominguez,simpsonrichard@example.com,Southeast,Regular,2023-10-20
C01449,Adam Davis,rcox@example.org,Southeast,Regular,2024-11-06
C01450,Claire Stein,bradleyarmstrong@example.org,Northeast,Regular,2022-06-29
C01451,Mary Gilmore,alexa96@example.com,Northeast,VIP,2023-06-03
C01452,Christina Rodriguez,clementsjennifer@example.org,Southeast,New,2023-10-29
C01453,Emily Turner,butlersusan@example.net,Southeast,Regular,2022-04-21
C01454,Michael Sanders,peterjones@example.com,Northeast,Regular,2023-12-10
C01455,Stephen Thomas,gloverjacqueline@example.com,Southeast,Regular,2023-04-12
C01456,Ashley Steele,stephaniewilliams@example.net,Southwest,At-Risk,2023-04-25
C01457,Austin Gibbs,donald10@example.org,Southwest,At-Risk,2022-09-03
C01458,Meredith Hall,brodriguez@example.net,Northeast,Regular,2024-06-01
C01459,Desiree Cooper,thomascarly@example.org,Midwest,Regular,2022-04-15
C01460,Donald Velez,castillocourtney@example.org,Southeast,Regular,2022-08-05
C01461,Lauren Rivera,carlachandler@example.org,West,At-Risk,2024-10-07
C01462,Kaitlyn Harrison,bellsandra@example.com,Midwest,Regular,2022-12-31
C01463,Thomas Adams,warnercristina@example.org,Northeast,Regular,2023-05-23
C01464,Elizabeth Johnson,theresa34@example.net,West,Regular,2022-03-06
C01465,Travis Perry,bgutierrez@example.com,Northeast,Regular,2024-07-28
C01466,Gloria Rogers,robinsonanthony@example.com,Southeast,Regular,2023-01-25
C01467,Jessica Molina,louis42@example.org,West,Regular,2023-10-25
C01468,William Garner,alyssa18@example.net,Southeast,Regular,2024-04-20
C01469,Scott Phillips,twilson@example.com,Southwest,Regular,2024-09-28
C01470,Renee Hart,caitlinmarks@example.net,Southwest,Regular,2022-03-12
C01471,Richard Fowler,johncruz@example.net,West,Regular,2024-02-15
C01472,Sandra Acevedo,tylerroach@example.org,West,Regular,2022-03-28
C01473,Anthony Ewing,tammymurphy@example.org,Northeast,Regular,2023-11-22
C01474,Cody Thomas,garciaashley@example.com,Midwest,Regular,2022-08-06
C01475,Jerry Hunter,fernando40@example.com,Southwest,VIP,2023-05-06
C01476,Deborah Scott,glee@example.net,Southwest,Regular,2022-04-23
C01477,Jessica Powell,anthonymclean@example.org,West,New,2024-08-02
C01478,Joseph Bridges,sarahroberts@example.com,Midwest,Regular,2024-02-18
C01479,Ellen Jordan,alexanderburns@example.org,Southeast,Regular,2024-11-09
C01480,Jasmine Peters,ehowe@example.org,Midwest,Regular,2024-04-14
C01481,Megan Clark,johnperez@example.net,West,New,2024-08-04
C01482,Theresa Lee,fischertyler@example.com,Southwest,Regular,2024-07-26
C01483,Richard Sosa,patricia73@example.com,Southwest,Regular,2023-01-05
C01484,Maria Sullivan,susan59@example.org,Southeast,Regular,2022-06-26
C01485,John Butler MD,jessica65@example.com,Northeast,New,2024-12-23
C01486,Elizabeth Brown,vcolon@example.org,Northeast,New,2024-02-26
C01487,Brian Benjamin,mtrujillo@example.com,Southwest,VIP,2022-09-06
C01488,John Mcneil,lyoung@example.org,Northeast,Regular,2022-04-23
C01489,Alexander Johnson,danielweeks@example.com,West,Regular,2023-09-23
C01490,Stephen Miller,woodsean@example.net,West,At-Risk,2023-07-03
C01491,Robert Flowers,bookeredwin@example.com,West,Regular,2022-11-08
C01492,Heather Williams,scottwatts@example.com,Northeast,New,2024-12-18
C01493,Sue Kelley,helen72@example.net,West,VIP,2022-05-06
C01494,Michael Short,allisonbell@example.net,Southwest,Regular,2022-07-31
C01495,Richard Robinson,mcdanielcorey@example.com,Southeast,Regular,2024-08-07
C01496,Susan Mendoza,seanharvey@example.net,Southwest,Regular,2023-09-17
C01497,Johnny Torres,adam33@example.net,Southwest,Regular,2024-09-02
C01498,Theresa Hernandez,johnfranklin@example.org,Southeast,VIP,2024-02-23
C01499,Benjamin Kim,zacharyhamilton@example.net,West,At-Risk,2024-04-03
C01500,Amber Myers,vvazquez@example.org,Midwest,Regular,2024-02-05
C01501,Ashley Harrington,thomas65@example.net,Northeast,At-Risk,2022-06-14
C01502,Joseph Ruiz,xfields@example.net,West,VIP,2022-09-07
C01503,April Thompson,robinsonjustin@example.com,Midwest,New,2022-01-01
C01504,Rebecca Howell,gpope@example.net,Southeast,Regular,2022-10-09
C01505,Harry Cunningham,andersonsteven@example.net,Northeast,Regular,2024-09-04
C01506,Adrian Guerrero,brian16@example.net,West,Regular,2024-06-02
C01507,Shannon Harris,robert45@example.org,Northeast,Regular,2023-07-22
C01508,Jillian Sharp,mendozatiffany@example.net,Southeast,New,2023-10-23
C01509,Taylor Charles,harperkristen@example.net,Southwest,Regular,2024-07-06
C01510,Cynthia Brown,npatton@example.com,Northeast,Regular,2022-02-24
C01511,Marissa Levine,fordjulian@example.net,Southwest,Regular,2022-09-18
C01512,Timothy Smith,briandelgado@example.net,Southeast,Regular,2023-06-02
C01513,Emily Munoz,glawrence@example.org,Northeast,Regular,2022-07-22
C01514,Lisa Schmidt,michellewashington@example.org,Midwest,Regular,2024-09-26
C01515,David Harris,samuelsolis@example.org,Southwest,At-Risk,2023-10-08
C01516,Wayne Miller,amanda42@example.com,Midwest,VIP,2022-04-20
C01517,Gabrielle Flores,garcianicole@example.net,Midwest,New,2024-10-25
C01518,Rebecca Adams,linda38@example.net,Northeast,Regular,2022-08-06
C01519,Lindsey Davis,alisonvillanueva@example.net,Southwest,Regular,2024-01-01
C01520,Mrs. Kelsey Pacheco DVM,aguilarchristian@example.net,West,New,2022-06-06
C01521,Christy Bauer,fuentesangela@example.org,Southwest,Regular,2023-04-11
C01522,Ann Morris,swilliams@example.org,Southeast,Regular,2022-06-17
C01523,Ricardo Underwood DVM,hornthomas@example.net,Southwest,Regular,2023-12-17
C01524,Victor Hopkins,jjacobs@example.com,West,Regular,2024-04-05
C01525,David Conrad,leah95@example.org,Southeast,At-Risk,2023-11-23
C01526,Charles Jones,ywilliams@example.com,Southwest,Regular,2022-06-05
C01527,Joshua Gibbs,christopherclark@example.org,West,Regular,2024-11-03
C01528,Nicole Sanchez,muellerheidi@example.com,West,New,2023-10-16
C01529,Jonathan Clark,ericcharles@example.org,Northeast,Regular,2022-04-18
C01530,Teresa York,emily25@example.org,West,Regular,2023-03-01
C01531,Emily Reese,zdawson@example.net,Northeast,Regular,2023-05-27
C01532,Joel Wilson,smithalyssa@example.com,Southeast,Regular,2024-10-04
C01533,Gary Williams,fischerkelly@example.com,Midwest,Regular,2022-03-21
C01534,Stephen Gardner,vayers@example.org,Southwest,Regular,2022-05-13
C01535,Bobby Clark,kristinamccarthy@example.com,West,Regular,2023-09-18
C01536,James Blair,francisrebecca@example.org,West,Regular,2024-01-22
C01537,Brittany Sanchez,trivas@example.org,Northeast,Regular,2022-06-19
C01538,John Villarreal,greencatherine@example.net,West,Regular,2022-02-03
C01539,Louis Ellis,yvonnewhitaker@example.com,West,Regular,2022-02-05
C01540,Megan Coleman,javierthompson@example.net,Northeast,Regular,2024-12-11
C01541,Karen Smith,danielle13@example.org,Southeast,Regular,2024-02-19
C01542,Grace Ramirez,timothyoneal@example.net,Southwest,Regular,2024-07-06
C01543,Jessica Jenkins,woodanthony@example.com,Northeast,Regular,2022-05-28
C01544,Deborah Bowen,toddmatthew@example.org,Northeast,At-Risk,2024-09-14
C01545,Haley Collins,melissa02@example.net,Midwest,New,2023-04-24
C01546,Evan Huffman,michaelmoore@example.net,Southwest,At-Risk,2024-11-24
C01547,Kelly Barnes,darrenpadilla@example.net,Southwest,Regular,2023-05-24
C01548,Richard Morgan,chelseariley@example.org,Southeast,Regular,2024-04-20
C01549,Mark Luna,psmith@example.org,Southwest,Regular,2024-12-16
C01550,Stanley Arnold,rodriguezcindy@example.com,Midwest,Regular,2024-05-04
C01551,Jesse Schmidt,moralesernest@example.com,Southwest,Regular,2024-06-22
C01552,Robert Bentley,jason95@example.org,Southwest,VIP,2024-01-18
C01553,Angela Daniel,reedlisa@example.net,Northeast,Regular,2023-05-22
C01554,Ricardo Ford,robertlopez@example.org,Midwest,New,2023-05-08
C01555,Kristen Sullivan,tracey61@example.net,Midwest,Regular,2024-12-08
C01556,Michael Anderson,andrew97@example.net,West,At-Risk,2024-01-14
C01557,Rebecca Rodriguez,andrewclarke@example.net,West,At-Risk,2023-10-27
C01558,Richard Reynolds,kimberly31@example.net,Midwest,At-Risk,2022-12-23
C01559,Melissa Richardson,timothy43@example.com,Northeast,Regular,2024-08-09
C01560,Stephanie Duarte,gregoryfoster@example.org,Southwest,Regular,2024-10-17
C01561,Sara George,jennifer15@example.org,Midwest,Regular,2023-02-07
C01562,Kyle Powell,louisjones@example.com,Southeast,At-Risk,2024-02-03
C01563,Heidi Myers,gflowers@example.net,West,New,2022-09-14
C01564,Todd Hall,qhunt@example.org,Southwest,At-Risk,2024-06-27
C01565,William Scott,mboyle@example.org,Southeast,Regular,2023-07-31
C01566,Angela Brooks,thomasjames@example.net,Midwest,Regular,2023-01-03
C01567,Jamie Woods,abigail29@example.net,Southeast,At-Risk,2023-03-25
C01568,Laura Mueller,monroechristian@example.org,Southwest,New,2023-12-17
C01569,Nathaniel Knox,kennethsexton@example.com,West,Regular,2023-11-28
C01570,William Houston,nathaniel31@example.com,Northeast,Regular,2022-05-07
C01571,Emily Martinez,haleyphillips@example.net,Northeast,Regular,2023-09-12
C01572,Tammy Lopez,robertevans@example.com,Southeast,New,2022-01-09
C01573,Elizabeth James,hthompson@example.org,West,VIP,2024-08-27
C01574,April Kelly,whitejessica@example.org,Southeast,New,2024-11-21
C01575,Mary Anderson,suttonwilliam@example.com,West,At-Risk,2023-03-28
C01576,James Clark,kimberlyblake@example.net,Southeast,New,2024-09-13
C01577,Molly White,wattsomar@example.net,Southwest,Regular,2022-10-06
C01578,Julie Fitzgerald,carterleslie@example.org,West,Regular,2024-02-17
C01579,Melissa Burch,richardhale@example.com,Midwest,Regular,2024-09-18
C01580,Mason Moreno,cassidycobb@example.net,Midwest,VIP,2022-06-26
C01581,Valerie Francis,montesthomas@example.com,Midwest,New,2024-08-23
C01582,John Chandler,ecox@example.com,Southwest,Regular,2022-07-19
C01583,Brian Perkins,nicolewhitaker@example.com,Northeast,Regular,2022-06-01
C01584,Paul Moore,zwright@example.org,Midwest,At-Risk,2022-06-25
C01585,Kaylee Montgomery,greenconnor@example.com,Northeast,VIP,2022-10-22
C01586,Casey West,nfisher@example.org,Southwest,Regular,2022-02-05
C01587,Jessica Knox,margaret97@example.net,Midwest,Regular,2022-09-05
C01588,William Santos,sharonsullivan@example.net,Southwest,VIP,2023-03-28
C01589,Sheryl Nixon,llara@example.org,Midwest,At-Risk,2024-10-21
C01590,Daniel Hart,kimmary@example.com,Midwest,Regular,2022-10-12
C01591,Judith Ramirez,johnnygonzalez@example.net,Northeast,New,2023-09-06
C01592,Sharon Wallace,lwade@example.org,West,Regular,2023-04-08
C01593,Stephanie Webster,nelsonkristi@example.net,Southwest,Regular,2023-07-10
C01594,Christopher Hunter,smata@example.com,West,New,2023-06-29
C01595,Peter Morris,taradunn@example.com,Northeast,Regular,2022-02-07
C01596,Latasha Hawkins,brookseric@example.com,Southwest,At-Risk,2022-09-16
C01597,John Lucas,kendrabarnes@example.net,Southeast,New,2022-01-21
C01598,Susan Hutchinson,maryedwards@example.com,Northeast,VIP,2022-04-02
C01599,Danielle Williams,ylevine@example.com,Southeast,At-Risk,2022-05-16
C01600,Kimberly Allen,hfleming@example.net,Southeast,Regular,2022-01-12
C01601,Dr. Brooke Johnson,nwright@example.net,Northeast,At-Risk,2024-02-18
C01602,Austin Rowe,joshuagarcia@example.net,Southwest,Regular,2023-11-14
C01603,Kelly Martinez,edgar49@example.org,Midwest,Regular,2023-07-07
C01604,Samantha Thornton,bcook@example.net,West,New,2022-05-02
C01605,Carlos Mccoy,perezmelissa@example.org,Midwest,Regular,2022-12-10
C01606,Nancy Rhodes,ypham@example.com,Southeast,New,2024-06-24
C01607,Marcus Harrison,paulmorgan@example.org,Southwest,New,2022-03-27
C01608,Michael Barr,harrisbrenda@example.com,Southeast,New,2022-01-20
C01609,Victor Bolton,osmith@example.com,Southeast,Regular,2022-11-19
C01610,Christine Roach,tcook@example.net,Southwest,Regular,2023-02-07
C01611,Jamie Wells,williamspaul@example.com,Midwest,Regular,2024-07-21
C01612,Roger Williams,ocummings@example.net,West,Regular,2023-02-11
C01613,Hayley Dodson,roger96@example.com,Midwest,Regular,2024-11-23
C01614,Robin Richardson,nramsey@example.net,Midwest,Regular,2023-05-16
C01615,Timothy Richardson,hickstodd@example.net,Midwest,Regular,2023-12-23
C01616,Samantha Cooke,marieday@example.net,Midwest,New,2022-05-25
C01617,Bobby Thomas,michellejohnston@example.org,Southwest,Regular,2024-03-11
C01618,Jamie Peterson,zsmall@example.com,Southwest,New,2023-09-11
C01619,Dr. Angelica Garza,evansdarren@example.com,Southeast,New,2023-04-20
C01620,Brittany Estes,qadams@example.com,Southeast,New,2023-05-18
C01621,Michael Burke,npeck@example.net,Southwest,Regular,2024-08-05
C01622,Mark Meyer,cody04@example.org,Southwest,VIP,2023-11-02
C01623,Kevin Rivas,michaelprince@example.org,Southwest,New,2022-01-27
C01624,Mr. Matthew Boyd,fhickman@example.org,Northeast,Regular,2023-08-07
C01625,Adrian Scott,aballard@example.org,West,Regular,2022-01-05
C01626,Cassandra Phillips,kennethjackson@example.org,Southwest,Regular,2022-11-05
C01627,Patrick Atkins,ithomas@example.net,Southwest,Regular,2022-11-10
C01628,Teresa Salazar,eric48@example.com,Midwest,New,2024-09-02
C01629,Donna Gordon,vargastimothy@example.com,West,At-Risk,2022-12-07
C01630,Ryan Fisher,ichavez@example.org,Midwest,Regular,2024-09-23
C01631,James Wagner,sheila68@example.com,Northeast,New,2022-12-16
C01632,Christopher Romero,mark05@example.org,Southeast,Regular,2024-11-28
C01633,Paul Hartman,georgecallahan@example.org,Southwest,Regular,2024-03-29
C01634,Samantha Rogers,hollowayashley@example.com,Midwest,Regular,2023-10-22
C01635,Debbie Moon,paulwilson@example.com,Northeast,Regular,2023-10-31
C01636,Dr. Miranda Smith,boothkenneth@example.com,Midwest,At-Risk,2024-07-18
C01637,Harry Lee,james91@example.com,West,At-Risk,2023-12-19
C01638,Kristi Edwards,toddkelly@example.com,Southwest,Regular,2022-02-19
C01639,Jerome Dorsey,nhernandez@example.net,Northeast,Regular,2022-05-26
C01640,Tracey Davis,richard83@example.org,Southeast,Regular,2022-02-27
C01641,Wesley Lawrence,fmiles@example.net,Midwest,Regular,2023-04-14
C01642,Jonathan Sanchez,troberts@example.org,Northeast,Regular,2023-06-24
C01643,Christy Johnson,jodyhernandez@example.net,Southeast,Regular,2024-07-10
C01644,James Williams,robbinstyler@example.org,Northeast,Regular,2024-05-20
C01645,Christopher Meyer III,ashley86@example.net,West,Regular,2023-03-20
C01646,Heidi Hawkins,lori52@example.com,Midwest,New,2024-05-08
C01647,Patrick Williams,summersstephen@example.org,Northeast,Regular,2022-06-13
C01648,Lisa Smith,carrieburgess@example.com,Northeast,Regular,2022-03-07
C01649,Tiffany Patton,ismith@example.org,Northeast,At-Risk,2022-04-18
C01650,Claudia Williams,johnsonbilly@example.org,Southeast,Regular,2022-09-12
C01651,Robert Mendez,xlittle@example.com,Midwest,New,2024-08-06
C01652,Brandon Cardenas,egibson@example.net,Southeast,Regular,2024-04-19
C01653,Theresa Ryan,isilva@example.org,Northeast,Regular,2022-08-05
C01654,Michael Daugherty,douglas42@example.org,Midwest,Regular,2023-05-28
C01655,Steven Barber,andrew46@example.com,Northeast,Regular,2022-12-06
C01656,Kyle Lowe,eromero@example.net,West,At-Risk,2022-06-11
C01657,Tony Soto,rjackson@example.net,Midwest,Regular,2023-04-12
C01658,Karen Mcknight,lee00@example.com,Northeast,Regular,2022-12-29
C01659,Alexander Jones,danielhall@example.com,Southwest,At-Risk,2023-05-11
C01660,Anna Anderson,yochoa@example.org,Northeast,Regular,2022-03-13
C01661,Joseph Miller,christopherjimenez@example.net,Southeast,Regular,2023-06-17
C01662,Lisa Owen,elizabethsteele@example.org,West,Regular,2023-06-04
C01663,Cassandra Johnson,gary12@example.net,Midwest,New,2023-01-12
C01664,Dan Santiago II,ianjackson@example.com,Midwest,VIP,2023-07-13
C01665,Douglas Dalton,herreraelizabeth@example.org,Southeast,Regular,2023-12-20
C01666,Daniel Brooks,susanshields@example.net,Southeast,Regular,2024-08-24
C01667,John Powell,beth29@example.com,West,Regular,2023-04-20
C01668,Matthew Ryan,davisclaire@example.org,Southwest,New,2022-12-03
C01669,Sarah Price,christinawilson@example.com,Northeast,Regular,2023-03-17
C01670,Jennifer Medina,kguerrero@example.net,Midwest,Regular,2024-02-07
C01671,Nathan Gray,andersentina@example.net,Southwest,Regular,2022-12-15
C01672,Jacob Hernandez,lflores@example.net,Southwest,At-Risk,2024-03-06
C01673,Anthony Friedman,frankadams@example.com,Midwest,At-Risk,2023-02-15
C01674,Stephen Jones,pgarcia@example.net,Midwest,New,2024-11-02
C01675,Ashley Schneider,hectorsmith@example.net,Northeast,Regular,2022-10-26
C01676,Megan Moody,shane25@example.org,West,Regular,2022-04-19
C01677,Richard Oliver,morenoluis@example.com,Southeast,New,2024-12-10
C01678,Mike Lewis,dangoodman@example.net,Midwest,Regular,2024-02-19
C01679,James Powell,reedcindy@example.net,Midwest,New,2024-03-23
C01680,Amanda Kelly,julie79@example.com,Midwest,Regular,2022-04-05
C01681,Michael Jones,yangmarie@example.net,West,Regular,2022-04-29
C01682,Kyle Oneill,websterdominique@example.net,West,Regular,2024-11-06
C01683,Terry Young,weisssusan@example.net,West,Regular,2023-12-25
C01684,Meredith Mejia,michelle24@example.org,Midwest,Regular,2024-02-19
C01685,Barbara Cross,mcguiremaria@example.net,West,Regular,2022-09-10
C01686,Kyle George,brewerdiane@example.com,Northeast,Regular,2022-06-30
C01687,Henry Garner,liuderek@example.net,West,Regular,2024-02-06
C01688,Vickie Harris,johnathancarr@example.org,Midwest,Regular,2022-12-14
C01689,Erika Aguirre,zroberts@example.com,Southeast,Regular,2024-12-21
C01690,Richard Mendoza,victoriagarcia@example.net,Midwest,Regular,2022-10-15
C01691,Donald Phillips,wattsphilip@example.net,Midwest,Regular,2024-04-03
C01692,Mr. Matthew Larsen,thomasriley@example.org,West,At-Risk,2023-08-08
C01693,William Bass,john40@example.org,West,Regular,2022-10-20
C01694,Kimberly Walker,andersonisaac@example.net,Midwest,New,2022-07-22
C01695,Alexa Soto,kara72@example.com,Southwest,Regular,2022-09-28
C01696,Terrence Pham,operry@example.net,Southwest,Regular,2022-07-29
C01697,Cassandra Thompson,matthew57@example.net,Southeast,At-Risk,2024-07-21
C01698,Timothy Price,kathryn66@example.org,Southeast,Regular,2023-05-31
C01699,Steve Young,theresali@example.net,Southeast,Regular,2022-06-24
C01700,Thomas Rojas,xjones@example.org,Southeast,Regular,2022-05-04
C01701,Michael Rodriguez,guzmansteven@example.com,Northeast,Regular,2022-01-03
C01702,Ashley Watts,pattersonbrett@example.net,Southeast,Regular,2024-05-26
C01703,Douglas Gonzalez,evansnathan@example.net,Northeast,Regular,2023-01-21
C01704,Kenneth Park,shannon24@example.org,West,Regular,2022-08-06
C01705,Cassandra Jimenez DDS,howardlori@example.com,Midwest,Regular,2023-05-17
C01706,Brandon Anderson,dereksmith@example.net,Northeast,Regular,2024-08-07
C01707,Cody Galvan,thomasrobert@example.com,Southeast,Regular,2023-10-05
C01708,Adam Butler,josephgray@example.net,Southeast,Regular,2023-08-19
C01709,Maria Herman,sarahmunoz@example.net,Southeast,Regular,2023-08-23
C01710,Alejandra Beard,rwagner@example.com,Midwest,Regular,2024-08-19
C01711,Carlos Holmes,qbennett@example.net,West,Regular,2024-10-03
C01712,Ruth Matthews,guzmanalicia@example.net,West,Regular,2022-03-16
C01713,Thomas Estrada,thompsonwendy@example.com,West,Regular,2024-08-01
C01714,Nicole Cruz,erin29@example.org,Southeast,Regular,2024-10-01
C01715,Michael Brown,thomasscott@example.com,Southeast,Regular,2022-03-05
C01716,Chad Ashley,jamescervantes@example.org,Midwest,Regular,2022-05-24
C01717,Joy Roberts,gmason@example.net,Northeast,Regular,2023-07-03
C01718,Chase Crawford,lrussell@example.com,Northeast,Regular,2022-07-02
C01719,Jennifer Garcia,brewerjesus@example.net,Midwest,Regular,2023-09-26
C01720,Deborah Brown,dawn26@example.com,Southwest,Regular,2024-12-08
C01721,Bryan Martin,bgray@example.com,Midwest,Regular,2022-08-01
C01722,Nathan Harris,diana83@example.net,Southeast,Regular,2022-09-07
C01723,Sherry Hensley,burkegary@example.net,Midwest,Regular,2024-06-30
C01724,Ronald Simon,andrew11@example.org,Southwest,Regular,2024-10-14
C01725,Claudia Mclean,rodriguezkarla@example.org,West,Regular,2022-05-18
C01726,Brandon Santos,bgarcia@example.net,Northeast,Regular,2023-09-14
C01727,Tracey Stephens,christopher53@example.com,Northeast,VIP,2024-04-22
C01728,Kellie Bennett,obrienryan@example.net,West,At-Risk,2023-12-07
C01729,Tracy Hogan,sbarrett@example.net,Northeast,Regular,2022-01-01
C01730,Mark Jones,torressusan@example.com,Northeast,Regular,2024-08-12
C01731,Deborah Robertson MD,michelle19@example.org,Northeast,New,2022-12-13
C01732,Donald Johnson PhD,jmann@example.com,Southeast,Regular,2024-10-02
C01733,John Gray,carlos90@example.com,Northeast,Regular,2023-06-30
C01734,Greg Schroeder PhD,hayesmichele@example.net,Midwest,Regular,2023-10-07
C01735,Joseph Burns,tkline@example.org,Midwest,New,2023-10-03
C01736,Matthew Guerra,james32@example.net,Southwest,At-Risk,2024-06-08
C01737,Erik Weeks,raymond14@example.com,West,New,2023-09-25
C01738,Thomas Hunter,krista37@example.org,West,Regular,2023-12-24
C01739,Rachel Pugh MD,fbenson@example.com,Northeast,Regular,2024-02-06
C01740,Brian Holmes,suzannekaiser@example.net,Midwest,Regular,2023-07-10
C01741,Jorge Jordan,harriskatherine@example.net,Northeast,Regular,2022-05-03
C01742,Lawrence Thompson,pauldarryl@example.net,Northeast,Regular,2024-04-07
C01743,Rodney Riley,maxlee@example.com,West,Regular,2022-03-26
C01744,Katherine Meyer,zachary50@example.net,Northeast,New,2023-12-14
C01745,Mr. Matthew Fitzgerald,angela01@example.org,West,VIP,2024-07-12
C01746,Frank Taylor,samantha70@example.org,Northeast,Regular,2022-03-09
C01747,Gabriela Cooper,ahanson@example.net,Southwest,Regular,2024-04-19
C01748,Theresa Barnes,mccormickarthur@example.org,Southeast,Regular,2024-01-17
C01749,Scott Landry,murraybrad@example.net,Southwest,Regular,2022-01-20
C01750,Samantha Willis,williamjohnson@example.net,Southeast,Regular,2023-06-30
C01751,Timothy Herrera,bstewart@example.net,Southeast,Regular,2023-03-16
C01752,Sean Davenport,gary09@example.org,Southeast,New,2023-01-11
C01753,Melvin Scott,ylivingston@example.net,Midwest,Regular,2024-12-24
C01754,Gloria Roberson,kkrueger@example.com,Southwest,New,2024-02-02
C01755,Lori Blackwell,shannonjones@example.net,Midwest,Regular,2024-02-29
C01756,Matthew Ray,bleon@example.org,Northeast,Regular,2024-08-21
C01757,Scott Cummings,ibarnett@example.com,Midwest,Regular,2022-10-29
C01758,William Phillips,hendersonchristian@example.net,Midwest,New,2022-07-10
C01759,Jared Hart,jbrown@example.org,Northeast,At-Risk,2023-03-25
C01760,Julia Miller,deborah48@example.net,Midwest,Regular,2023-08-19
C01761,Mark Perez,patricia24@example.com,Northeast,New,2022-01-03
C01762,Pamela Prince,suarezcarol@example.net,Northeast,New,2024-04-15
C01763,Laura Gibbs,xmartin@example.net,Northeast,VIP,2022-09-02
C01764,Katherine Baker,diane50@example.org,Midwest,Regular,2023-05-19
C01765,Jade Reyes,timothydavis@example.org,Southwest,New,2022-06-25
C01766,Jennifer Costa,jblair@example.org,Midwest,Regular,2022-01-25
C01767,Marcia Jordan,brianna69@example.org,Southeast,Regular,2024-02-12
C01768,Claudia Bell,tracymaldonado@example.com,Southeast,Regular,2024-02-02
C01769,Heidi Case,davissarah@example.net,Southwest,New,2023-10-09
C01770,Cody Brown,stevensmary@example.net,Southeast,New,2022-07-08
C01771,Christina Castro,woodwardjennifer@example.com,Midwest,Regular,2022-04-24
C01772,Kristy Smith,joseph98@example.net,Southwest,Regular,2024-10-15
C01773,Brianna Barton,gonzalezjeremy@example.net,Southwest,Regular,2023-04-11
C01774,Charles Medina,riversbonnie@example.org,West,Regular,2024-12-26
C01775,Robert Davis,justinwilliams@example.org,Northeast,New,2022-07-23
C01776,Stacey Smith,harrismaria@example.com,Southeast,Regular,2023-12-30
C01777,Amy Ross,castillovictor@example.net,Southwest,Regular,2023-01-09
C01778,Thomas Moreno,jessicagreene@example.org,Southwest,New,2024-12-28
C01779,John Fields,hardycharles@example.net,West,Regular,2024-02-29
C01780,Kent Parks,morrisaudrey@example.net,Midwest,New,2023-01-24
C01781,Rodney Cortez,jenniferguerrero@example.org,West,Regular,2022-08-30
C01782,John Morris,calvinwilson@example.org,West,Regular,2022-08-02
C01783,Andrew Hood,hernandezjennifer@example.org,West,At-Risk,2023-08-09
C01784,Catherine Ritter,catherine96@example.org,Midwest,Regular,2022-08-21
C01785,Makayla Stokes,hwilkins@example.net,Northeast,Regular,2024-08-18
C01786,Keith Rodriguez,moralesbrittany@example.net,Southeast,New,2022-05-19
C01787,Tyler Santana,krussell@example.com,Northeast,New,2023-10-08
C01788,Amanda Harmon,jessicavelez@example.net,Southwest,Regular,2022-12-28
C01789,Virginia Smith,bernard24@example.com,Southeast,Regular,2023-07-22
C01790,Theodore Potts,misty04@example.net,Southeast,At-Risk,2022-04-09
C01791,Ryan Jackson,kimberlycrawford@example.com,Northeast,Regular,2024-01-29
C01792,Dustin Johnson,kwade@example.com,Southwest,Regular,2022-04-19
C01793,Amanda Young,ibrown@example.com,Midwest,New,2022-06-22
C01794,James Orozco,icarter@example.net,Northeast,New,2024-05-19
C01795,Mary Andrews,obartlett@example.org,Southeast,New,2022-01-20
C01796,Christine Morris,sbailey@example.net,West,New,2023-09-26
C01797,Timothy Mckenzie,melissa47@example.org,Midwest,Regular,2022-02-24
C01798,Steven Alvarez,elizabethvazquez@example.org,Northeast,Regular,2022-10-02
C01799,Samantha Barnes,bnelson@example.org,Southwest,Regular,2023-11-28
C01800,Debbie Burns,janet89@example.net,West,Regular,2022-12-19
C01801,Sandra Miller MD,lindabeck@example.net,Southwest,Regular,2023-05-23
C01802,Stephen Smith,rodriguezmelissa@example.com,Southwest,Regular,2023-05-04
C01803,Mrs. Jessica Evans DVM,wesley89@example.com,West,Regular,2024-10-18
C01804,Paul Jackson,kevin94@example.org,Northeast,Regular,2024-10-27
C01805,Jasmine Dunlap,sclark@example.net,Midwest,Regular,2023-05-07
C01806,Barbara Webster,mwhite@example.com,Midwest,Regular,2024-09-07
C01807,Jerry Davis,xwilliams@example.org,Southeast,Regular,2023-12-27
C01808,Tracy Moyer,joel88@example.net,Midwest,Regular,2022-01-06
C01809,James Richardson,srobinson@example.org,Northeast,Regular,2023-05-25
C01810,Mike Jensen,christophercastro@example.org,Midwest,Regular,2024-12-14
C01811,David Hall,colekathleen@example.com,Midwest,Regular,2022-12-03
C01812,Mrs. Sandra Thomas,weaverrichard@example.org,West,Regular,2023-03-30
C01813,Devin Molina,meghan61@example.net,Midwest,Regular,2023-07-06
C01814,Denise Robinson,jane46@example.org,Northeast,Regular,2022-10-04
C01815,Katherine Murphy,kellyjoseph@example.net,Midwest,Regular,2022-10-13
C01816,Andrew Castillo,susan25@example.com,Southeast,Regular,2022-03-15
C01817,Jennifer Sutton,rubiomelissa@example.org,Southeast,Regular,2024-11-06
C01818,Jamie Manning,steeledavid@example.net,Southwest,New,2024-02-02
C01819,Melinda Rivera,williamsondavid@example.org,Southeast,VIP,2024-08-06
C01820,David Nguyen,gregoryboyle@example.net,Southwest,Regular,2024-06-22
C01821,Michael Kennedy,judith43@example.org,Southwest,Regular,2022-06-28
C01822,Dakota Smith,gary34@example.org,Southwest,Regular,2024-09-09
C01823,Nicholas Brooks PhD,william93@example.net,Southeast,Regular,2022-04-29
C01824,Christopher Mendez,angela42@example.net,Southwest,Regular,2022-06-27
C01825,Matthew Doyle,nyoung@example.com,Northeast,Regular,2022-04-23
C01826,Scott Keith,victoria71@example.net,Southeast,Regular,2024-07-26
C01827,Kaitlyn Phillips,alexandriawilson@example.net,Southwest,New,2024-04-28
C01828,Audrey Brown,thompsonteresa@example.com,Northeast,New,2023-05-27
C01829,Brandy Burch,walljohn@example.com,Midwest,Regular,2024-10-06
C01830,Jeffrey Glover,barbaralopez@example.net,Southwest,Regular,2024-01-15
C01831,Nancy Clark,clarkbradley@example.com,Southeast,Regular,2024-05-22
C01832,Joseph Hunt,shermanvalerie@example.com,Northeast,Regular,2023-08-29
C01833,Phyllis Hall,williamscolleen@example.org,Northeast,Regular,2022-12-17
C01834,Gary Hamilton,efrancis@example.com,Northeast,Regular,2023-06-06
C01835,Madison Wilcox,hamiltondavid@example.com,Northeast,Regular,2024-03-13
C01836,John Bowman,xwebb@example.net,Midwest,Regular,2022-09-09
C01837,Matthew Bolton,fcastillo@example.org,Southwest,Regular,2024-03-30
C01838,Corey Smith,nmorgan@example.org,Southeast,Regular,2023-10-07
C01839,John Higgins,ryan73@example.com,Midwest,VIP,2022-07-31
C01840,Jared Foster,karenhill@example.org,Northeast,New,2022-01-22
C01841,Jamie Henderson,maureen81@example.com,Midwest,Regular,2024-07-02
C01842,Mary Perkins,simonangelica@example.net,Southeast,Regular,2023-06-20
C01843,Angela Hill,ehobbs@example.net,West,Regular,2023-05-20
C01844,Jennifer Davis,eperez@example.com,West,New,2023-03-13
C01845,Karla Hogan,omoyer@example.com,West,Regular,2023-10-11
C01846,Brian Jones,jessicahall@example.net,Southwest,Regular,2024-06-13
C01847,Nicole Coleman,ryancallahan@example.com,Southwest,New,2022-06-20
C01848,Maria Ponce,floresbrian@example.org,West,At-Risk,2024-03-14
C01849,Krystal Fisher,douglas00@example.org,Midwest,VIP,2023-12-01
C01850,Tara Bryan,weavercarl@example.net,Midwest,Regular,2022-03-24
C01851,Krista Hoover,oliversuzanne@example.com,Midwest,Regular,2022-09-27
C01852,Seth Montgomery,casey53@example.com,West,Regular,2024-11-13
C01853,Tamara Kim,raycarl@example.net,West,VIP,2024-03-23
C01854,Richard Hunter,timothypatterson@example.org,Midwest,At-Risk,2023-08-17
C01855,Randall Baird,victoria67@example.org,Midwest,New,2024-05-04
C01856,Randall Rodriguez,jimmygraham@example.net,Northeast,Regular,2023-05-30
C01857,Maria Rosario,umason@example.net,West,Regular,2022-08-09
C01858,Ashley Morris,xscott@example.com,Northeast,Regular,2022-02-23
C01859,Amanda Morgan,wpeterson@example.com,Northeast,Regular,2024-10-22
C01860,Warren Hernandez,simmonsrhonda@example.com,Southwest,Regular,2024-05-10
C01861,Michelle Taylor,briannabryant@example.net,Southeast,New,2022-07-26
C01862,Sarah Travis,william13@example.com,Midwest,Regular,2022-06-29
C01863,Melissa Jimenez,ichang@example.com,West,Regular,2024-05-15
C01864,Ronnie Orozco,ruizjoseph@example.net,West,Regular,2022-01-14
C01865,Nicholas Wolfe,nmarquez@example.org,West,Regular,2022-12-12
C01866,Courtney Strong,cromero@example.org,Southeast,At-Risk,2024-05-16
C01867,Jennifer Perez,james21@example.org,Midwest,Regular,2023-07-01
C01868,Lisa Reynolds,bmorton@example.com,Southeast,New,2022-04-19
C01869,Tina Lee,evanserin@example.org,Southwest,Regular,2022-06-28
C01870,Valerie Smith,rdoyle@example.net,Southeast,Regular,2024-10-05
C01871,Chelsea Franco,reginald39@example.org,Southwest,Regular,2024-05-01
C01872,Robert Brown,cory85@example.org,Midwest,Regular,2022-06-26
C01873,Jennifer Cherry,bryantjoseph@example.com,Southwest,Regular,2022-10-28
C01874,Robert Sutton,ojackson@example.com,West,Regular,2022-09-03
C01875,Sergio Rivera,edward77@example.net,Midwest,Regular,2023-12-13
C01876,Ralph Harmon,smithstacie@example.org,Northeast,Regular,2022-06-10
C01877,Micheal Smith,jenkinstracy@example.org,Southeast,Regular,2023-02-05
C01878,James Crawford,fnorman@example.com,Southeast,Regular,2022-09-06
C01879,Mark Baker,kellysimmons@example.com,Northeast,Regular,2022-10-10
C01880,Julia Mooney,byoung@example.org,Northeast,Regular,2023-09-22
C01881,Debbie Li,michael64@example.org,Midwest,Regular,2022-01-18
C01882,Jacob Brooks,allisoncontreras@example.org,Northeast,Regular,2024-05-10
C01883,Julie Becker,shellyriley@example.net,West,Regular,2024-09-01
C01884,Vincent Alvarez,keithalvarez@example.net,Southwest,Regular,2023-01-08
C01885,James Smith,maria96@example.org,Southeast,Regular,2024-05-01
C01886,Crystal Young,brian16@example.net,West,Regular,2024-11-05
C01887,Angela Willis,johnsonapril@example.org,West,New,2022-04-06
C01888,Randall Williams,thomas47@example.com,West,Regular,2023-05-24
C01889,Dennis Roberts,taylorjacob@example.net,West,Regular,2024-04-16
C01890,Ashley Ellis,troberts@example.com,Southwest,Regular,2022-11-25
C01891,Samuel Lee,mejiabilly@example.net,Southwest,New,2024-01-05
C01892,Norma Ballard,joshuaweber@example.com,Midwest,New,2022-12-29
C01893,Cheryl Jackson,iaustin@example.com,West,VIP,2022-03-15
C01894,Michael Rangel,barretterika@example.com,Southeast,New,2024-03-12
C01895,Katherine Norris,wheelerjose@example.org,Northeast,New,2022-09-11
C01896,Jonathan Taylor,scarpenter@example.org,Midwest,Regular,2022-12-17
C01897,Karen Anderson,chapmanjason@example.com,Southwest,Regular,2023-03-26
C01898,Rita Chen,kirbytiffany@example.org,Southwest,New,2022-11-27
C01899,Erik Adkins,chad27@example.org,Southeast,Regular,2024-10-30
C01900,Kelly Rosario,sarahbaker@example.net,Northeast,Regular,2024-05-03
C01901,Julie Taylor,lwaters@example.net,Midwest,At-Risk,2022-07-13
C01902,Natasha Beltran,ajohnston@example.com,Midwest,At-Risk,2022-11-09
C01903,Ashley Alexander,rogerserin@example.com,Midwest,New,2023-12-10
C01904,Lisa Bennett,jasongarcia@example.org,Southeast,VIP,2024-06-18
C01905,Jo Smith,kenneth28@example.com,Midwest,Regular,2023-08-21
C01906,Cynthia Edwards,esmith@example.com,Southwest,Regular,2022-03-21
C01907,Mrs. Vanessa Bridges,michaeljames@example.net,Midwest,VIP,2024-05-11
C01908,Brian Marsh,rebecca65@example.com,Midwest,New,2024-02-12
C01909,Nicole Harrell,maureenperez@example.org,Midwest,VIP,2022-03-18
C01910,Margaret Anderson,porterjesus@example.org,West,Regular,2023-07-19
C01911,Dr. Scott Riddle,griffinamy@example.net,Midwest,VIP,2022-03-03
C01912,Scott Singh,tracey84@example.com,Southeast,Regular,2022-12-08
C01913,Wendy Vargas,jbeard@example.com,West,VIP,2023-03-18
C01914,Melissa Potter,kayla76@example.org,Midwest,VIP,2023-06-23
C01915,Charlene Clark,ymiller@example.com,Midwest,Regular,2024-07-06
C01916,Chase Hoffman,steven91@example.com,Southwest,Regular,2022-11-03
C01917,James Deleon,juliabranch@example.com,Midwest,Regular,2024-05-06
C01918,Ashley Harris,nancy48@example.net,Southwest,Regular,2022-10-04
C01919,Teresa Brown,yangcharles@example.org,Midwest,Regular,2024-06-14
C01920,Diane Nelson,gibsonlisa@example.org,Southeast,Regular,2022-10-25
C01921,Mr. Ronald Miller,natasha34@example.com,Northeast,Regular,2024-11-16
C01922,Latasha Kennedy,randalldarryl@example.net,Midwest,New,2022-10-30
C01923,Jose Hall,edwardschristine@example.net,Midwest,At-Risk,2023-07-29
C01924,Jeremiah Morris,john30@example.net,West,Regular,2024-12-02
C01925,Kaitlyn Garcia,peterskelly@example.com,Midwest,Regular,2022-12-12
C01926,John Garza,thomas31@example.org,Southwest,At-Risk,2022-07-06
C01927,David Allen,ghebert@example.org,West,New,2022-06-03
C01928,Joshua Bryan,bradley53@example.net,Southeast,Regular,2022-02-06
C01929,Karina Camacho,elizabethjohnson@example.net,Northeast,Regular,2023-11-01
C01930,Monica Hobbs,jessewilson@example.org,Midwest,New,2023-12-06
C01931,Jerome Johnson,johnjones@example.net,Midwest,Regular,2024-06-25
C01932,Patricia Hartman,corey49@example.com,Southeast,Regular,2023-12-10
C01933,Mrs. Terri Hanson,harold71@example.org,Midwest,Regular,2023-11-10
C01934,Allen Cuevas,shurst@example.net,Southwest,Regular,2023-06-23
C01935,Willie Valdez,bryanthompson@example.org,Midwest,Regular,2024-08-21
C01936,Renee Jones DDS,jsheppard@example.org,Northeast,Regular,2024-05-02
C01937,Barbara Taylor,hsmith@example.com,Midwest,Regular,2023-06-04
C01938,Justin Romero,vanessa52@example.net,West,Regular,2022-02-27
C01939,Adam Smith,hallen@example.org,West,VIP,2024-06-14
C01940,Jacob Vargas III,lisa09@example.org,Southeast,Regular,2022-02-15
C01941,Terri Miller,owilliamson@example.com,Southwest,At-Risk,2023-05-22
C01942,Joshua Lawson,loweamanda@example.org,Southeast,VIP,2023-11-07
C01943,Matthew Weaver,amber74@example.com,Northeast,Regular,2023-06-13
C01944,Sabrina Bishop,timothymarshall@example.org,Midwest,Regular,2024-04-29
C01945,Bradley Harris,floresjoseph@example.org,West,At-Risk,2024-04-11
C01946,Sarah Atkins,gutierrezmichael@example.net,Midwest,Regular,2024-07-14
C01947,Jerry Benson,romandwayne@example.net,Southeast,Regular,2023-09-11
C01948,Connie Graham,desiree80@example.org,Southwest,Regular,2023-03-27
C01949,Kevin Davis,michael99@example.net,Northeast,Regular,2022-04-04
C01950,Shannon Ford,stevenperez@example.org,West,Regular,2023-03-03
C01951,Judith Stone,danielswayne@example.com,Midwest,Regular,2023-04-05
C01952,Gregory Robertson,donaldhenry@example.net,Midwest,Regular,2024-10-11
C01953,Mary Diaz,ilewis@example.com,Southwest,Regular,2024-09-19
C01954,Meghan Powell,paynemichael@example.com,Northeast,Regular,2022-02-18
C01955,Jason Adams,gpatton@example.org,West,Regular,2024-04-05
C01956,Christina Weaver,ramirezerin@example.org,Midwest,Regular,2024-12-09
C01957,Stephanie Stewart,edward76@example.com,Southwest,At-Risk,2023-03-28
C01958,Christine Wright,ltaylor@example.org,Midwest,Regular,2022-01-30
C01959,Donna Garrison,renee35@example.com,Northeast,At-Risk,2024-06-20
C01960,Alexandra Anderson,qrobinson@example.com,West,Regular,2023-09-05
C01961,Stacey Marquez,natashaberry@example.com,Northeast,Regular,2024-07-18
C01962,Thomas Kline,parkerpamela@example.net,Northeast,Regular,2023-07-06
C01963,Amber Walton,johnjohnson@example.net,Southwest,Regular,2024-02-16
C01964,Steven White,kaylastewart@example.net,West,Regular,2023-02-13
C01965,Austin Richards,samuel51@example.com,Southwest,At-Risk,2023-10-18
C01966,Sally Park,bjohnson@example.net,Northeast,Regular,2023-12-21
C01967,Erin Woodward,thomasmeghan@example.com,Southeast,At-Risk,2023-04-16
C01968,Sarah Mathews,fordmichael@example.com,Midwest,Regular,2023-10-16
C01969,Nathan Lynn,wrightrobert@example.org,Southeast,Regular,2024-04-01
C01970,Benjamin Baker,clarkderrick@example.net,West,Regular,2023-03-04
C01971,Benjamin Fox,xbrown@example.com,Midwest,Regular,2023-04-08
C01972,Dana Castillo,candice68@example.net,Southeast,Regular,2023-08-05
C01973,Joanne Reyes,kelly66@example.org,Southwest,Regular,2022-09-06
C01974,Karen Roberts,brandyrodriguez@example.net,Southwest,New,2024-11-27
C01975,Robert Stephenson,wendycollins@example.net,West,Regular,2024-01-04
C01976,Jessica Haley,emily23@example.com,Midwest,Regular,2022-11-02
C01977,Joyce Walters,gfisher@example.com,Southwest,Regular,2024-09-11
C01978,Charles Bennett,johnsonsamuel@example.org,West,New,2024-04-14
C01979,William Cruz,stephaniepeterson@example.org,West,Regular,2024-10-23
C01980,Brian Navarro,nancymunoz@example.com,Southwest,Regular,2022-01-02
C01981,Jennifer Summers,kyle51@example.org,West,Regular,2024-03-12
C01982,Sarah Smith,odixon@example.org,West,Regular,2023-05-07
C01983,Justin Wilkerson,franktaylor@example.com,Southeast,New,2023-05-10
C01984,Andrea Rasmussen MD,belljason@example.net,Midwest,Regular,2024-11-18
C01985,Miss Barbara Kelley,larryrobinson@example.com,Southwest,Regular,2022-06-28
C01986,Samuel Stein,hector57@example.net,Southeast,Regular,2024-03-20
C01987,Kevin Ellis,justinweaver@example.com,Midwest,VIP,2024-09-30
C01988,Brendan Carey,katelyn72@example.com,West,Regular,2022-06-21
C01989,Katie Evans,brownjohn@example.com,Northeast,Regular,2023-01-30
C01990,April Montgomery,luke49@example.com,Southeast,New,2023-03-01
C01991,Megan Gonzales,ericfaulkner@example.org,Southeast,Regular,2022-09-04
C01992,Summer Perez,geraldharris@example.com,Southeast,Regular,2022-03-19
C01993,Fernando Bates,tyler85@example.net,Southwest,Regular,2023-04-15
C01994,Richard Webster,farmstrong@example.org,Southeast,Regular,2023-09-20
C01995,William Whitaker,allisonbean@example.com,Northeast,New,2022-09-21
C01996,Stacy Johnson,sawyercharles@example.com,Southwest,At-Risk,2022-11-23
C01997,Frank Mendez,rodneyvargas@example.org,Northeast,At-Risk,2022-12-01
C01998,Sandra Jacobs,sarabaker@example.com,Southeast,Regular,2023-09-23
C01999,Dawn Patel,lewisangela@example.net,Southeast,Regular,2022-11-15
C02000,Karen Schmidt,kbaxter@example.org,Northeast,Regular,2022-03-03
C02001,Karen Walters,moorebrian@example.net,West,Regular,2022-09-15
C02002,Carly Wagner,ewilliams@example.com,West,Regular,2023-02-05
C02003,Courtney Graham,ihiggins@example.com,Midwest,New,2024-04-06
C02004,Joseph Gomez,julietaylor@example.net,West,Regular,2022-02-28
C02005,Alan Miller,cathystewart@example.net,Southwest,New,2024-08-03
C02006,Keith Carter,wjohnston@example.org,Northeast,Regular,2024-12-08
C02007,Sophia Herring,marshallaaron@example.com,Midwest,Regular,2024-01-03
C02008,Austin Sanchez,michael23@example.net,West,Regular,2023-11-05
C02009,Sarah Butler,richardsonbarbara@example.org,West,At-Risk,2024-06-06
C02010,Karen Nunez,oyoung@example.net,Northeast,Regular,2023-01-03
C02011,Patricia Sanders,alicia39@example.org,Midwest,Regular,2022-02-14
C02012,Nicholas Perez,james44@example.com,West,Regular,2022-10-20
C02013,Katelyn Norman,amberboyd@example.com,Midwest,Regular,2022-12-11
C02014,Mallory Lucas,anthony09@example.org,Southwest,Regular,2023-04-02
C02015,Linda Reeves,aaronflowers@example.com,Southwest,Regular,2022-06-17
C02016,Matthew Lewis,sonyareed@example.org,Northeast,New,2023-05-15
C02017,Richard Gonzales,mchapman@example.org,Midwest,At-Risk,2024-05-19
C02018,Shane Hill,dave59@example.net,Midwest,Regular,2024-10-17
C02019,Adam Vasquez,williemorris@example.com,Midwest,New,2024-12-23
C02020,Sophia Stone,ramoswayne@example.org,Southwest,Regular,2022-05-29
C02021,Gina Parks,leeashley@example.com,Northeast,VIP,2023-12-09
C02022,Brenda Terry,shenry@example.net,Southwest,New,2022-08-18
C02023,Hunter Anderson,myersvickie@example.com,West,VIP,2022-03-01
C02024,David Johnson,megan46@example.net,Southeast,New,2022-10-15
C02025,Jeffrey Fletcher,cbaldwin@example.org,West,Regular,2022-09-14
C02026,Richard Huynh,parsonselizabeth@example.com,Northeast,Regular,2022-11-17
C02027,Michael Wilson,ronald25@example.net,Northeast,Regular,2022-05-06
C02028,Erin Lee,thomas20@example.com,Southwest,Regular,2023-06-28
C02029,Jason Baldwin,andersonamanda@example.com,Southeast,Regular,2023-11-14
C02030,John Allen,cynthia45@example.net,Midwest,VIP,2022-11-18
C02031,Brian Simpson,heidibrown@example.com,Midwest,Regular,2024-12-28
C02032,Angela Santos,maria89@example.net,Midwest,Regular,2024-12-30
C02033,Cynthia Morrow,nicole23@example.net,Southwest,Regular,2024-07-17
C02034,Ryan Leon,brian49@example.org,Northeast,Regular,2022-12-29
C02035,Sheri Johnson,adrian71@example.net,Southeast,New,2023-10-04
C02036,Bianca Ramirez,mary13@example.net,Northeast,Regular,2022-04-03
C02037,Tiffany Phillips,snelson@example.org,Southwest,New,2022-04-16
C02038,Carolyn Townsend,rachel80@example.org,Southwest,Regular,2023-10-27
C02039,Shane Fritz,gibsonadam@example.com,Southeast,Regular,2022-08-28
C02040,Stacey Cooper,uholloway@example.net,Southwest,New,2022-08-25
C02041,Desiree Smith,joseph59@example.net,Northeast,Regular,2024-07-16
C02042,Lisa Griffin,david98@example.com,West,Regular,2022-05-22
C02043,Eric Lewis,swarren@example.org,West,Regular,2022-09-14
C02044,Stephanie Cunningham,robinsonbrandon@example.com,Southwest,Regular,2022-08-19
C02045,Christine Contreras,allenjessica@example.com,West,Regular,2023-09-21
C02046,Kristen Arellano,kara84@example.com,Northeast,Regular,2024-11-11
C02047,Jesus Jones,chadnash@example.com,Northeast,New,2023-02-19
C02048,Stephen Riley,omarfreeman@example.com,Midwest,Regular,2022-05-13
C02049,Lisa Morton,jameshenson@example.net,Northeast,Regular,2023-09-02
C02050,Eric Burton,steven10@example.net,West,Regular,2024-03-18
C02051,Tracy Frost,rogersalicia@example.org,Northeast,Regular,2024-09-29
C02052,Bryan Thompson,courtneyclarke@example.org,Midwest,Regular,2023-10-31
C02053,Donna Collier,thomas32@example.com,Northeast,Regular,2024-07-09
C02054,Leslie Nolan,vdavis@example.org,Southeast,Regular,2024-03-22
C02055,Michael Knight,vincentjacobs@example.com,Midwest,Regular,2024-10-04
C02056,Heather Roy,kristaboyd@example.org,Northeast,Regular,2023-07-27
C02057,Crystal Tate,pwheeler@example.net,Southeast,Regular,2023-08-18
C02058,Mackenzie Johnson,kimberly38@example.net,Southwest,New,2024-05-09
C02059,Robert Bush,matthewglover@example.org,Southeast,Regular,2022-07-11
C02060,Michelle Stewart,zgonzales@example.org,Southwest,New,2022-05-04
C02061,Joshua Hill,sandrakelly@example.net,Northeast,Regular,2022-08-19
C02062,Thomas Clark,rhonda90@example.com,Midwest,Regular,2022-12-04
C02063,Heather Shelton,duranstephanie@example.org,Northeast,Regular,2023-12-27
C02064,David Brown,bradleyalan@example.org,Southeast,Regular,2022-02-12
C02065,Mary Johnson,jesse95@example.com,Midwest,Regular,2023-11-09
C02066,Jason Waller,hartmanjennifer@example.org,Midwest,Regular,2022-12-02
C02067,Mr. Jason Miller II,jwalker@example.org,Midwest,Regular,2023-08-17
C02068,Erik Diaz,cassiebennett@example.org,West,New,2023-05-24
C02069,Connie Mcdonald,bolson@example.org,Southwest,New,2024-07-26
C02070,Alex Roth,fullerbreanna@example.org,West,Regular,2024-05-05
C02071,Theresa Scott,rioslarry@example.com,Northeast,Regular,2024-03-18
C02072,Justin Smith,rogersrhonda@example.net,Southeast,Regular,2023-08-18
C02073,Roger Conrad,prusso@example.org,Southeast,Regular,2022-10-20
C02074,Michael Lopez,pwilson@example.com,Northeast,Regular,2022-04-02
C02075,Alejandro White,kimberly14@example.com,West,At-Risk,2022-10-14
C02076,Andrea Harper,lauragamble@example.org,Southeast,Regular,2023-07-18
C02077,Norman Schultz,cnelson@example.com,Midwest,New,2022-11-19
C02078,Robert Cox,mary10@example.net,Southeast,Regular,2024-10-13
C02079,Mark Clark,ofoster@example.net,Northeast,At-Risk,2022-03-31
C02080,Michael Salazar,wilsonaaron@example.com,Southeast,At-Risk,2023-07-17
C02081,Whitney Smith,rachel05@example.com,West,Regular,2023-12-16
C02082,Melanie White,emilymedina@example.net,West,Regular,2022-05-15
C02083,Bryan Kennedy,evansevan@example.org,Southwest,Regular,2022-03-13
C02084,Christopher Owens MD,amandaochoa@example.com,Southeast,Regular,2023-06-17
C02085,Clifford Davis,ylucas@example.org,Southeast,At-Risk,2024-11-24
C02086,Jill Riley,jamie72@example.com,West,New,2023-10-10
C02087,Morgan Scott,kyle24@example.com,Southeast,Regular,2024-03-03
C02088,Kimberly Houston,stephen45@example.com,Southwest,Regular,2022-12-01
C02089,Meghan Nicholson,igray@example.net,Midwest,Regular,2022-08-15
C02090,Ryan Frye,bushryan@example.net,Midwest,Regular,2024-03-22
C02091,Elizabeth Duran,johnsoncharles@example.net,Southwest,Regular,2022-02-16
C02092,Larry Waters,andrea53@example.org,Southeast,New,2022-05-31
C02093,Melissa Johnson,jonathanhayes@example.net,Southeast,New,2022-08-21
C02094,Gregory Smith,johnsondavid@example.org,West,Regular,2023-11-04
C02095,Elizabeth Shea,hdavis@example.net,Northeast,Regular,2023-07-02
C02096,Stacey Patel,fcastillo@example.com,Southeast,Regular,2024-08-20
C02097,Tyler Craig,kfriedman@example.net,Southeast,Regular,2024-05-09
C02098,Todd Taylor,john59@example.org,West,New,2024-04-27
C02099,Wayne Richardson,daniellehernandez@example.com,Southwest,Regular,2023-07-19
C02100,Stephanie Walton,lopezrandall@example.net,Northeast,Regular,2024-09-12
C02101,Connor Tapia,alexander91@example.org,Southwest,Regular,2022-04-27
C02102,Carol Lopez,dmercado@example.org,Southeast,Regular,2023-01-31
C02103,John Marks,stacylee@example.com,Northeast,Regular,2023-11-11
C02104,James Hernandez,omurphy@example.org,Northeast,Regular,2023-12-21
C02105,Jennifer Lopez,debraschmitt@example.com,Northeast,VIP,2024-02-27
C02106,Crystal Miles,jay60@example.com,West,Regular,2022-03-09
C02107,Stacie Salazar DDS,qhenderson@example.com,West,Regular,2024-01-04
C02108,Carly Townsend,hernandezchristian@example.com,Southwest,New,2024-09-03
C02109,Linda Aguilar,jessica43@example.net,Midwest,Regular,2023-05-25
C02110,Ellen Noble,ihernandez@example.net,Southeast,Regular,2024-09-08
C02111,John Martinez,fosterrebecca@example.org,Northeast,Regular,2024-01-17
C02112,Ryan Gonzalez,taylorscott@example.net,Midwest,New,2023-02-14
C02113,Sonia Riley,rebeccamcclain@example.com,Southwest,Regular,2024-05-23
C02114,Joseph Johnson,josephcampbell@example.org,Southwest,Regular,2022-11-22
C02115,Jessica Anderson,dandrews@example.org,Midwest,At-Risk,2022-02-04
C02116,Joyce Mcdonald,mleach@example.org,Southwest,Regular,2023-12-23
C02117,Phillip Morrow,matthewsdeborah@example.org,Midwest,Regular,2023-10-16
C02118,Michael Bailey,ashleyjenkins@example.net,Northeast,Regular,2023-07-26
C02119,Julie Castillo MD,jessedixon@example.net,Midwest,Regular,2022-01-21
C02120,Nicholas Myers,judithrich@example.com,West,Regular,2022-10-02
C02121,Dylan Chang,brooksbrian@example.net,Southeast,New,2022-01-31
C02122,Terry Hammond,ojohnson@example.org,Southwest,Regular,2022-11-30
C02123,Jennifer Jones,davenportbrandon@example.net,West,At-Risk,2023-03-08
C02124,Dean Gross,scottbonilla@example.com,Northeast,VIP,2023-03-03
C02125,Audrey Rogers,samanthaglover@example.com,Southeast,Regular,2023-04-23
C02126,Lindsey Mills,vle@example.net,Southeast,Regular,2024-05-11
C02127,Billy Harper,maryfox@example.org,West,VIP,2024-01-18
C02128,Mary Perkins,floresgabrielle@example.net,Northeast,Regular,2023-03-23
C02129,Justin Smith Jr.,schwartztimothy@example.com,Southwest,Regular,2022-10-24
C02130,Mary Walsh,daniel56@example.org,Northeast,Regular,2022-03-10
C02131,Terry Lopez,vramos@example.com,Southeast,Regular,2022-01-15
C02132,Amy Smith,zachary87@example.net,Southwest,Regular,2023-05-27
C02133,Pamela Hernandez,brittanyhernandez@example.com,Midwest,Regular,2022-07-27
C02134,Edward Hughes,johnross@example.com,Northeast,Regular,2024-11-13
C02135,James Thompson,qball@example.net,Southeast,Regular,2024-10-22
C02136,Rebecca Mccarthy,scottjacobs@example.net,Northeast,Regular,2022-07-15
C02137,Ashlee Perkins,zimmermanmichael@example.net,Southwest,New,2022-07-08
C02138,Robert Smith,amywilliams@example.net,Southwest,Regular,2023-02-03
C02139,Jerry Evans,awilliams@example.com,Southwest,Regular,2023-01-29
C02140,Stephanie Smith,moconnell@example.com,Northeast,Regular,2023-11-16
C02141,James Robinson,sandrapierce@example.com,Midwest,VIP,2022-02-23
C02142,Walter Kim,charles92@example.org,Southwest,At-Risk,2022-11-06
C02143,Levi Guzman,matthew92@example.net,Northeast,Regular,2022-04-05
C02144,Linda Richardson,schwartzdarlene@example.net,Southeast,VIP,2023-02-21
C02145,Dustin Miller,huffjennifer@example.com,Southwest,Regular,2022-02-24
C02146,Robert Anderson,patriciarodriguez@example.com,Midwest,Regular,2023-12-27
C02147,John Marshall,michaelgeorge@example.net,Southeast,Regular,2023-03-08
C02148,Kenneth Allen,thompsonsandra@example.com,Northeast,Regular,2024-08-20
C02149,Brian Newton,james71@example.org,Southwest,Regular,2024-04-24
C02150,Tiffany Watts,christineanderson@example.net,West,Regular,2023-08-12
C02151,Howard Webb,whitneyholmes@example.com,Midwest,New,2023-01-05
C02152,Karen Howard,benjamin59@example.org,West,Regular,2022-02-12
C02153,Raymond Jarvis,mphillips@example.com,Midwest,Regular,2023-07-25
C02154,Amber White,brettburch@example.com,West,Regular,2023-06-28
C02155,Lisa Ingram,gregorycruz@example.com,Southeast,New,2024-09-05
C02156,Colleen Carter,emiller@example.org,Southwest,Regular,2022-09-15
C02157,Leah Whitaker,richardphelps@example.net,Midwest,At-Risk,2024-11-28
C02158,Brian Hayes,donald83@example.com,Midwest,Regular,2024-04-29
C02159,Scott Sullivan,maxaguirre@example.net,Southwest,Regular,2024-09-27
C02160,Michael Contreras,cantumelvin@example.org,Southwest,Regular,2023-11-05
C02161,Emily Thompson,jill88@example.com,West,Regular,2023-08-31
C02162,Kayla Ramirez,scott93@example.com,West,At-Risk,2024-08-19
C02163,Steven Miranda,jbeck@example.org,West,Regular,2022-06-07
C02164,Roy James,trichardson@example.net,West,Regular,2023-09-08
C02165,Jessica Brady,natalieclarke@example.net,Southeast,Regular,2024-10-24
C02166,Ronald Guzman,pattersonashley@example.com,Midwest,Regular,2024-02-19
C02167,Stacy Roberts,christiangray@example.net,Southwest,New,2023-03-26
C02168,Brandon Fisher,markpreston@example.org,West,At-Risk,2022-03-11
C02169,Joshua French,bradleyanderson@example.net,Southeast,Regular,2023-02-08
C02170,Mr. Steven Gutierrez,lucasalexander@example.com,Midwest,Regular,2023-02-27
C02171,Anita Oneal,lsimpson@example.com,Southeast,VIP,2023-07-12
C02172,Natasha Koch,fjackson@example.net,Southwest,Regular,2022-05-30
C02173,Scott Gray,awilson@example.com,West,Regular,2024-07-17
C02174,Pamela Smith,tzuniga@example.org,Southwest,Regular,2023-10-20
C02175,Katherine Savage,lmorales@example.net,Southeast,Regular,2022-01-30
C02176,Andrew Wilson,jgoodman@example.com,West,Regular,2023-03-27
C02177,Jordan Williams,fpatel@example.net,Southeast,New,2023-04-16
C02178,Lucas Wilson,wilcoxmelissa@example.org,Southeast,Regular,2024-12-28
C02179,Stephanie Warren,browningcurtis@example.org,Southwest,At-Risk,2022-09-10
C02180,Cassandra Wallace,stevenwright@example.com,Midwest,Regular,2022-01-21
C02181,Barbara Parker,mistyshelton@example.net,Southeast,VIP,2024-02-27
C02182,Joseph Barnett,afleming@example.com,Northeast,Regular,2024-01-02
C02183,Michael Morton,pamelamorris@example.org,West,Regular,2024-04-10
C02184,Cheryl Robertson,harrisdaniel@example.net,Midwest,Regular,2024-09-20
C02185,Robert Wright,btaylor@example.net,Midwest,At-Risk,2024-01-10
C02186,Diana Brown,carpenterjeffrey@example.com,West,Regular,2023-09-21
C02187,David Harris,charlesschneider@example.net,Midwest,Regular,2023-06-23
C02188,Shane Chambers,galexander@example.com,Southeast,VIP,2023-05-28
C02189,Alan Rodriguez,chenisaiah@example.org,West,Regular,2024-06-30
C02190,Monica Garcia,ssimpson@example.com,Northeast,Regular,2022-04-11
C02191,Jason Gaines,nathanrojas@example.com,Midwest,At-Risk,2023-08-16
C02192,James Medina,brittany17@example.org,Southeast,Regular,2024-11-17
C02193,Carrie Barnett,jasonanderson@example.net,Southwest,Regular,2024-06-12
C02194,Steven Mcdonald,williamestrada@example.net,Northeast,Regular,2022-10-04
C02195,Jacob Richards,richard32@example.org,Southwest,Regular,2024-01-15
C02196,Stephanie Kennedy,kurt99@example.com,Northeast,New,2023-07-20
C02197,Johnathan Sanchez,hernandezblake@example.net,Southeast,Regular,2023-07-15
C02198,Dennis Smith,cookanthony@example.org,Southeast,Regular,2023-06-12
C02199,Lisa Cohen,ashley41@example.com,Northeast,Regular,2022-03-22
C02200,Stacey Ryan,hallrobert@example.net,Midwest,Regular,2022-05-01
C02201,Ian Manning,megan80@example.com,Southeast,Regular,2023-07-21
C02202,Corey Simmons,sandovalcharles@example.com,Midwest,VIP,2022-06-07
C02203,Derek Knight,lisawilson@example.net,Southwest,At-Risk,2023-11-08
C02204,Lisa Gibson,serranomichael@example.org,Northeast,Regular,2022-07-17
C02205,Robert Mack,matthew85@example.org,Southeast,At-Risk,2023-12-05
C02206,Melissa Mitchell,garciarobin@example.org,Southeast,At-Risk,2023-12-04
C02207,Nathaniel Dunlap,debbie88@example.net,Midwest,VIP,2023-11-20
C02208,Andrew Clark,angela83@example.net,Northeast,VIP,2024-10-12
C02209,Eric Perkins,angela86@example.org,Midwest,VIP,2024-05-11
C02210,Christian Roberson,misty61@example.org,Southeast,At-Risk,2022-04-06
C02211,Kayla Alexander,slee@example.com,Northeast,New,2022-05-24
C02212,Mr. Todd Hunt,brownvanessa@example.net,Southeast,Regular,2022-06-22
C02213,Victor Phillips,martinkaren@example.net,Southwest,Regular,2023-08-11
C02214,Veronica Pineda,chelseahall@example.net,Southeast,Regular,2024-07-15
C02215,Becky Tucker,rossmark@example.com,Midwest,Regular,2023-05-17
C02216,Michael Allison II,brian76@example.net,West,Regular,2022-10-10
C02217,Diana Mcgee,beth85@example.org,Midwest,New,2022-06-15
C02218,Mariah Patel,rgilbert@example.net,Southwest,Regular,2024-08-02
C02219,Dennis Lara,sherryharris@example.com,West,New,2022-05-02
C02220,Brian Campbell,wmarsh@example.com,Southwest,Regular,2022-10-15
C02221,Lawrence Cherry,melissadougherty@example.com,West,Regular,2022-07-27
C02222,Michael Gonzales,jwest@example.net,Southwest,Regular,2024-10-20
C02223,Tara Weiss,angelaholland@example.net,Southwest,Regular,2023-12-13
C02224,Benjamin Spencer,fatkins@example.org,Southeast,Regular,2024-03-03
C02225,Jacqueline Evans,josephhale@example.net,West,Regular,2022-08-10
C02226,David Kelley,mark32@example.org,Southwest,Regular,2023-12-23
C02227,Alexander Lewis,michaelcook@example.net,West,Regular,2024-05-18
C02228,Nathan Allen,molly79@example.org,West,Regular,2024-01-14
C02229,Benjamin Williams,shawnwebb@example.org,Southeast,Regular,2022-01-20
C02230,Timothy Mccann,johnsonrebecca@example.org,Southwest,New,2024-09-01
C02231,Howard Thomas,jennifer97@example.org,West,Regular,2023-02-16
C02232,Ryan Hartman,patrick39@example.org,Northeast,Regular,2024-10-25
C02233,Jennifer Barnes,omartinez@example.org,West,Regular,2022-09-26
C02234,Christina Miller,bobbygarcia@example.com,Southeast,Regular,2024-12-29
C02235,Sarah Morgan,zachary13@example.net,West,Regular,2022-06-26
C02236,Deborah Smith,brewersamantha@example.org,Midwest,Regular,2024-12-26
C02237,Christopher Tucker,ubooth@example.com,Southwest,Regular,2024-12-27
C02238,Phillip Jones,ehansen@example.net,Southwest,Regular,2024-03-12
C02239,Dennis Turner,coxcrystal@example.org,West,New,2022-07-28
C02240,Joshua Brown,markwilson@example.com,West,Regular,2023-04-16
C02241,Cheryl Bauer,dmyers@example.com,Midwest,Regular,2024-01-08
C02242,Vanessa Brooks,carol01@example.com,West,Regular,2024-11-19
C02243,Jody Baldwin,castanedakathryn@example.com,Northeast,Regular,2022-09-23
C02244,Donald Lester MD,mullinsmatthew@example.org,West,Regular,2023-01-20
C02245,Carrie Smith,andrewcamacho@example.com,Southwest,Regular,2022-12-14
C02246,Wesley Alvarado,cameronallen@example.org,Midwest,Regular,2023-01-09
C02247,Joseph Howard,hansenderek@example.com,Southeast,VIP,2023-11-16
C02248,Tamara Jenkins,kellytammy@example.net,West,Regular,2022-08-06
C02249,Edward Le,heather61@example.net,Southeast,Regular,2022-09-21
C02250,Stephanie Kerr,jamiedominguez@example.net,West,At-Risk,2024-11-23
C02251,Grant Delgado,todd55@example.org,Midwest,Regular,2024-09-29
C02252,Heather Kelly,courtney47@example.com,Southwest,Regular,2024-12-02
C02253,Luis Fitzgerald,rodriguezheather@example.org,Southwest,New,2024-06-30
C02254,Evan Lopez,tiffany13@example.org,Midwest,Regular,2022-05-27
C02255,Alexander Collins,uryan@example.net,Southeast,Regular,2022-01-09
C02256,Lisa Roberts,rprice@example.net,Northeast,Regular,2022-07-12
C02257,Kayla Garcia,christopherrivera@example.com,Southwest,Regular,2022-08-08
C02258,Ian Schaefer,elizabethjackson@example.com,Northeast,Regular,2022-10-25
C02259,Christopher Burton,charlesdixon@example.org,Southwest,New,2024-03-27
C02260,Ian Pierce,uturner@example.org,Southeast,Regular,2022-08-04
C02261,Darren Coleman,smithbenjamin@example.org,West,VIP,2023-03-31
C02262,Tina Harper,ahampton@example.org,Northeast,Regular,2023-04-06
C02263,Adam Rice,justin00@example.net,Northeast,Regular,2022-01-12
C02264,James Phillips,xking@example.com,Southwest,New,2023-06-19
C02265,Vincent Taylor,joshuahale@example.net,Southeast,Regular,2023-08-30
C02266,Douglas Kline,serranobrian@example.net,West,Regular,2024-10-13
C02267,Ricardo West,owilliams@example.com,Southeast,Regular,2024-06-09
C02268,David Phelps,lambertkathy@example.net,Southeast,Regular,2024-07-04
C02269,Christopher Morgan,mary91@example.net,Southwest,Regular,2022-01-19
C02270,Justin Ortiz,james48@example.net,Midwest,Regular,2024-02-02
C02271,Robert Hicks,tgonzalez@example.org,Northeast,At-Risk,2024-05-23
C02272,Angela Martin,mark34@example.net,Northeast,Regular,2023-02-14
C02273,Dawn Brown,dennis16@example.org,West,VIP,2024-10-19
C02274,Elizabeth Maxwell,jamesmartin@example.com,West,Regular,2023-09-13
C02275,Perry Martinez,herrerabethany@example.net,Northeast,VIP,2022-03-31
C02276,Brittney Maxwell,michaeledwards@example.org,Southeast,Regular,2022-01-29
C02277,Paul Costa,nicholasvega@example.net,Northeast,Regular,2024-08-31
C02278,Philip Zhang,lpark@example.net,Northeast,Regular,2022-10-22
C02279,Kyle Allison,ryanlee@example.com,Southwest,Regular,2024-10-13
C02280,Zachary Murillo,miguel71@example.com,Southwest,Regular,2023-12-26
C02281,Patricia Vargas,thomas06@example.net,West,Regular,2023-08-14
C02282,Susan Walker,keithblack@example.org,Midwest,Regular,2024-08-29
C02283,Michael Hoffman,kwhite@example.net,Southeast,Regular,2022-12-13
C02284,Curtis Rosales,haleregina@example.org,Northeast,At-Risk,2023-10-29
C02285,Ryan Pollard,mharper@example.org,Northeast,Regular,2022-04-08
C02286,Christina Silva,mkrause@example.net,Northeast,Regular,2022-10-18
C02287,James Atkinson,tina10@example.com,Northeast,Regular,2023-05-18
C02288,Christopher Scott,louis75@example.com,West,Regular,2022-04-25
C02289,Jesse Morrison,rodney61@example.com,Southeast,Regular,2022-11-10
C02290,Ryan Garcia,stephanieriley@example.com,West,Regular,2024-07-20
C02291,Peter Rose,vmora@example.com,Midwest,Regular,2023-07-07
C02292,John Warner,kevin08@example.net,Northeast,At-Risk,2023-07-09
C02293,Joshua Rodriguez,vklein@example.org,Southwest,New,2023-04-06
C02294,Cheryl Williamson,sclay@example.net,Southwest,Regular,2022-03-06
C02295,Mark Hart,mcmahonsarah@example.net,Southwest,VIP,2024-12-13
C02296,Sandra Burke,xforbes@example.com,Southwest,Regular,2024-01-30
C02297,Eddie Carroll,robert35@example.com,Southwest,Regular,2023-04-27
C02298,Franklin Miller,victoria12@example.org,Southeast,At-Risk,2024-03-26
C02299,Brian Perry,zavalarebecca@example.net,West,Regular,2022-05-08
C02300,Christian Cobb,mharris@example.net,West,At-Risk,2023-08-15
C02301,Henry Bryant,christina23@example.net,Southwest,At-Risk,2024-01-16
C02302,Angela Williams,campbelldebbie@example.net,Northeast,Regular,2023-07-27
C02303,Christina Ortiz,charles88@example.net,Southwest,Regular,2024-08-24
C02304,Matthew Garner,oroberts@example.net,Southeast,Regular,2024-06-09
C02305,Rachel Brown,ujohnson@example.net,Southwest,Regular,2023-12-19
C02306,Heidi Li,kfox@example.net,Midwest,At-Risk,2024-12-18
C02307,Colton Boone,kathrynhudson@example.net,Southwest,Regular,2024-09-06
C02308,Richard Moore,amanda44@example.net,West,Regular,2024-04-11
C02309,Pedro Farmer,paul21@example.com,Southwest,New,2023-03-16
C02310,Caleb Davis,christopherschroeder@example.com,Southwest,Regular,2022-03-02
C02311,Ryan Hardy,pmurray@example.org,West,At-Risk,2022-08-22
C02312,Kathryn Woods,nicholsalexis@example.org,West,Regular,2022-01-11
C02313,Susan Gonzalez,tkim@example.com,Southwest,New,2023-07-14
C02314,Michael Parker,gswanson@example.com,Midwest,Regular,2024-07-22
C02315,Matthew Combs,robert70@example.com,Midwest,VIP,2022-12-22
C02316,Steven Jones,whitneycameron@example.org,Midwest,Regular,2022-05-20
C02317,Bobby Green,iporter@example.org,Midwest,Regular,2024-10-07
C02318,Wendy Mahoney,tammy27@example.net,Southwest,At-Risk,2022-10-29
C02319,Rebecca Hess,kristine79@example.org,Midwest,New,2022-02-28
C02320,Matthew Morrison,vwong@example.org,Southwest,Regular,2024-11-14
C02321,Mrs. Linda Torres,xpatterson@example.com,Northeast,Regular,2024-08-12
C02322,Rodney Wagner,cherylellis@example.org,Southeast,Regular,2022-06-22
C02323,Sean Snow,shawnhoward@example.org,West,Regular,2022-07-09
C02324,David Baker,jalexander@example.org,Northeast,Regular,2022-04-21
C02325,James Moran,alvaradothomas@example.com,Midwest,New,2022-04-23
C02326,Jesse Smith,lopezcourtney@example.com,Midwest,Regular,2022-08-07
C02327,Shane Moore,yroberts@example.com,Southeast,Regular,2024-04-02
C02328,Holly Rodriguez,beverly72@example.net,West,Regular,2022-09-06
C02329,Robert James,sharptodd@example.org,Northeast,Regular,2023-06-04
C02330,Thomas Nguyen,tyler81@example.org,Southwest,Regular,2023-08-21
C02331,Courtney Shah,charles12@example.net,Northeast,Regular,2022-10-15
C02332,Julie Ramirez,maysbrenda@example.org,West,Regular,2022-06-06
C02333,Michelle Ryan,jessicahayes@example.net,Southwest,Regular,2024-10-21
C02334,Mary Small,lholland@example.org,Northeast,Regular,2022-07-21
C02335,Dominique Chambers,btate@example.net,Midwest,Regular,2023-03-13
C02336,Teresa Thomas,gjenkins@example.net,West,Regular,2023-01-18
C02337,Heather James,xbradley@example.net,Southwest,Regular,2024-10-11
C02338,Amy Jones,fdalton@example.net,West,Regular,2022-09-29
C02339,Kimberly Lewis,efarmer@example.org,Midwest,Regular,2022-09-23
C02340,Timothy Brown,atran@example.net,Southwest,New,2023-09-29
C02341,Becky Dougherty,triley@example.net,Southwest,VIP,2024-04-12
C02342,John Paul,renee21@example.org,West,Regular,2022-08-31
C02343,David Robertson,xsmith@example.net,Southwest,New,2024-02-04
C02344,Todd Rojas,janderson@example.net,Midwest,Regular,2024-01-24
C02345,Nicholas Brown,renee68@example.com,West,Regular,2022-02-28
C02346,Ashley Green,crawfordwesley@example.com,Southeast,Regular,2024-01-10
C02347,Troy Medina,garrettsolis@example.org,Southeast,Regular,2022-11-07
C02348,Andrew Norris,michelle48@example.com,Southwest,Regular,2022-11-30
C02349,Joy Herring,paula14@example.net,West,Regular,2024-02-06
C02350,Tanya Martinez,beverly56@example.net,Midwest,Regular,2022-05-28
C02351,Lindsay Tanner,george80@example.net,Midwest,Regular,2022-05-24
C02352,Michael Williams Jr.,daniel81@example.org,Midwest,At-Risk,2023-12-06
C02353,Joe Berg,barajasaustin@example.net,Southeast,Regular,2022-12-25
C02354,Steven Robertson,williamsrandy@example.org,West,Regular,2024-08-03
C02355,Kelly Clark,clong@example.net,Southeast,Regular,2024-02-12
C02356,Jeffrey Porter,cheyenne67@example.net,Midwest,New,2022-03-13
C02357,Jack Wilson,davidlevy@example.org,Midwest,Regular,2023-10-17
C02358,Thomas Holt,marydavis@example.org,Midwest,At-Risk,2024-06-23
C02359,Mason Carter,foxzoe@example.org,West,Regular,2022-01-11
C02360,John Martin,craiglisa@example.org,Southeast,New,2024-11-19
C02361,Erica Wright,tbrown@example.org,West,Regular,2024-06-17
C02362,Heather Rice,ycooper@example.net,Southwest,Regular,2024-08-19
C02363,Ashley Graves,donaldchambers@example.net,Southwest,Regular,2024-10-04
C02364,Elaine Wilson,beverly74@example.com,Northeast,At-Risk,2023-08-30
C02365,Frank Chandler,james51@example.net,Southwest,Regular,2024-12-30
C02366,Joseph Conley,shannon67@example.com,Northeast,At-Risk,2022-10-08
C02367,Jessica Wood,tiffany46@example.net,West,Regular,2024-10-21
C02368,James Jacobs,ttorres@example.net,Northeast,Regular,2022-05-16
C02369,Walter Allen,fowlerlisa@example.com,Southeast,Regular,2022-10-29
C02370,Joseph Spencer,dominique63@example.net,Northeast,Regular,2024-08-05
C02371,Joseph Sutton,jillianelliott@example.org,Southeast,Regular,2023-08-12
C02372,Michael Carpenter,amanda42@example.net,Northeast,Regular,2023-09-15
C02373,Katherine Sparks,jacksontammy@example.com,Southwest,Regular,2022-11-02
C02374,John Le,iwilson@example.net,West,Regular,2024-01-01
C02375,Gabriela Hale,jwashington@example.org,Midwest,Regular,2022-12-28
C02376,Mark James,james48@example.org,Northeast,Regular,2024-03-29
C02377,Krista Dean,rosaleskelly@example.net,West,Regular,2023-12-16
C02378,Jennifer Phillips,stewartrandall@example.net,Northeast,Regular,2024-05-07
C02379,Haley Cruz,mariaknight@example.org,Southeast,Regular,2023-04-19
C02380,David Allen,steven03@example.net,Southwest,Regular,2022-09-11
C02381,Catherine Jensen,hannaanthony@example.org,West,Regular,2024-12-23
C02382,William Perez,leevaldez@example.com,Northeast,At-Risk,2023-12-01
C02383,Jordan Smith,jakeburgess@example.net,Northeast,At-Risk,2022-04-17
C02384,Timothy Shields,gardnerpamela@example.org,Northeast,Regular,2022-05-01
C02385,Hannah Winters,alexanderphillips@example.org,Northeast,Regular,2022-05-06
C02386,Michael Christensen,shaunchapman@example.net,Southwest,Regular,2024-12-17
C02387,Aaron Wagner,scott42@example.com,Midwest,Regular,2023-05-31
C02388,Amanda Cole,cindyclayton@example.org,Northeast,Regular,2022-11-28
C02389,Jeffrey Perkins,stephenmills@example.net,West,Regular,2022-06-02
C02390,Brendan Kim,comptonmatthew@example.org,Northeast,Regular,2024-10-15
C02391,Thomas Barnett,jacquelinecarpenter@example.net,Southeast,Regular,2024-06-21
C02392,Gregory Reynolds,michelle02@example.com,Southeast,New,2024-05-01
C02393,Vickie Davidson,bluna@example.net,Midwest,Regular,2023-08-07
C02394,Melinda Medina,soliver@example.com,Midwest,Regular,2023-02-28
C02395,Sean Garcia,qcooke@example.org,West,Regular,2023-01-03
C02396,Robin Hill,tjohnson@example.net,Midwest,Regular,2023-07-07
C02397,Pamela Harrison,nwilliams@example.org,Northeast,Regular,2024-05-04
C02398,Joshua Hoffman,hannahbeasley@example.org,West,New,2023-07-18
C02399,Kathryn Nichols,bellgabrielle@example.com,Midwest,Regular,2023-03-31
C02400,Michael Hardy Jr.,jessicahughes@example.net,Midwest,Regular,2022-10-11
C02401,Ian Byrd,gilmoresusan@example.com,Southwest,Regular,2023-10-21
C02402,Joseph Coleman,kylecampbell@example.org,Southeast,Regular,2024-07-13
C02403,Ashley White,jacobwade@example.net,Northeast,New,2024-12-04
C02404,Scott Miller,judybruce@example.net,Midwest,New,2023-10-11
C02405,Gregory Howe,alexandra27@example.net,West,New,2023-03-09
C02406,Erik Gonzalez,david47@example.com,Southeast,Regular,2022-05-01
C02407,Donald Bell,blackkelly@example.com,Southwest,Regular,2022-10-13
C02408,Ann Martin,jasonbowman@example.com,Southeast,At-Risk,2022-08-05
C02409,Mrs. Sarah Thomas,conradcesar@example.org,Southeast,Regular,2024-06-08
C02410,Richard Curtis,kristinemiller@example.com,West,VIP,2024-04-28
C02411,Kelly Fisher,frank88@example.net,Midwest,Regular,2024-12-03
C02412,Lori Jones,wallerjamie@example.com,Southwest,VIP,2024-03-01
C02413,Timothy Cortez,briana96@example.org,Southeast,Regular,2023-05-23
C02414,Brandon Mendez,tevans@example.org,Southwest,New,2024-04-15
C02415,Maria Bernard,jamesgreen@example.org,Midwest,Regular,2022-07-21
C02416,Pamela Miller,elarson@example.org,Southwest,VIP,2022-03-10
C02417,Donna Schmidt,wheelerjennifer@example.org,Southwest,Regular,2023-05-31
C02418,Kristy Martin,olsoncrystal@example.com,Southwest,Regular,2022-12-10
C02419,Melissa Griffin,ufrank@example.org,West,VIP,2022-01-19
C02420,Ashley Porter,carrcarolyn@example.com,West,Regular,2022-05-11
C02421,Curtis Lam,theodore03@example.org,Midwest,Regular,2024-06-16
C02422,Jim Reilly,brittany59@example.org,Southeast,Regular,2024-02-06
C02423,Julie Adams,anitagraves@example.net,Southwest,At-Risk,2023-08-09
C02424,Amber Campbell,stevensonbilly@example.com,West,VIP,2024-09-16
C02425,Dennis Mann,vlee@example.com,Southeast,Regular,2023-07-26
C02426,Brendan Gonzalez,bradleytammy@example.net,Midwest,Regular,2022-07-11
C02427,Sarah Martin,cody82@example.org,Northeast,Regular,2024-09-24
C02428,Lauren Mclaughlin,william14@example.org,Southeast,New,2024-06-15
C02429,Sarah Ferguson,afitzgerald@example.net,Southeast,New,2022-05-04
C02430,Latoya Howard,stacy68@example.org,Northeast,VIP,2022-05-10
C02431,Darryl Murray,morgan20@example.org,Midwest,At-Risk,2022-04-22
C02432,David Rivera,tina14@example.org,West,Regular,2024-01-10
C02433,Justin Wilson,garnerstephen@example.org,Midwest,Regular,2024-10-17
C02434,Heidi Wallace,josephdixon@example.com,Northeast,VIP,2024-06-27
C02435,Derrick Russo,millertyler@example.net,Southwest,Regular,2023-02-11
C02436,Andrew Abbott,dmoore@example.org,Southeast,Regular,2022-05-04
C02437,Deborah Daniels,rwalker@example.com,Midwest,Regular,2024-01-23
C02438,Barbara Scott,edgarhampton@example.org,Southeast,Regular,2022-06-02
C02439,Barbara Spencer,edwin90@example.org,Southwest,VIP,2022-10-31
C02440,Mary Taylor,whitemegan@example.org,Midwest,Regular,2024-08-19
C02441,Ashley Nelson,turnermichael@example.org,West,Regular,2024-06-27
C02442,Christopher Prince,wyork@example.com,Midwest,Regular,2023-05-02
C02443,Roy Taylor,marymorris@example.org,Southwest,At-Risk,2022-05-04
C02444,James Hill,michaelblake@example.org,Midwest,Regular,2024-01-15
C02445,Caroline Myers,xperez@example.net,Southeast,Regular,2022-11-30
C02446,Audrey Nelson,melissastewart@example.org,West,VIP,2024-12-19
C02447,Kristen Hampton,john92@example.org,Midwest,Regular,2024-04-11
C02448,Christian Francis,jim93@example.com,Southwest,At-Risk,2024-05-02
C02449,John Davis,larashane@example.com,Northeast,Regular,2022-12-30
C02450,Monica Woods,reginaldmontgomery@example.com,Southwest,Regular,2022-04-23
C02451,Michael Doyle,richardsonstephen@example.net,Southeast,Regular,2022-12-09
C02452,Rebecca Hunt,dhoward@example.net,Northeast,Regular,2023-08-08
C02453,Melissa Estes,tracybutler@example.net,Northeast,Regular,2024-06-12
C02454,Robert Vincent,landrylori@example.net,Northeast,Regular,2023-12-30
C02455,Raymond Herring,ygallagher@example.com,West,At-Risk,2022-03-24
C02456,Edward Harrison,shannonlopez@example.net,West,Regular,2022-10-14
C02457,Dustin Lowery,gwendolyn14@example.net,Northeast,Regular,2023-06-24
C02458,Grace Morgan,jamieramsey@example.net,Midwest,Regular,2023-01-13
C02459,Samantha Cochran,hzamora@example.org,Southwest,At-Risk,2024-09-20
C02460,Mark Heath,phelpsamanda@example.net,Southeast,At-Risk,2022-07-16
C02461,David Diaz,wjones@example.org,Midwest,Regular,2022-06-14
C02462,Jesse Rios,stacie87@example.org,Southeast,Regular,2022-06-19
C02463,Marilyn Bowen,alexandra32@example.org,Northeast,Regular,2022-08-02
C02464,Lisa Smith,ryanhunter@example.com,Midwest,New,2022-01-31
C02465,Carla Leon,rodriguezsara@example.org,Northeast,Regular,2023-04-02
C02466,Brandon Kim,santosmindy@example.net,West,Regular,2023-03-19
C02467,Paul Bautista,aaron88@example.org,West,Regular,2023-01-15
C02468,Nicole Tucker,mariacolon@example.org,Southeast,VIP,2022-11-09
C02469,Stephen Dunlap MD,hcherry@example.com,Southeast,Regular,2022-10-14
C02470,Timothy Randolph,gamblerachel@example.net,Southwest,Regular,2023-09-23
C02471,Austin Underwood,ngreen@example.com,Northeast,Regular,2023-06-09
C02472,Angela Lewis,kylebrown@example.org,Southeast,New,2022-02-01
C02473,Melinda Novak,reyessarah@example.org,Southeast,Regular,2024-11-13
C02474,Joshua Brown,bauerstuart@example.com,Southwest,Regular,2022-08-14
C02475,Bonnie Nelson,jennifer66@example.net,West,Regular,2024-12-20
C02476,Daniel Smith,cynthia25@example.org,Southeast,Regular,2023-06-16
C02477,Carolyn Nichols,amy73@example.net,Midwest,New,2023-09-24
C02478,Brianna Harris,zfry@example.com,Southwest,Regular,2022-12-14
C02479,Jennifer Lewis,jacobsonmichael@example.org,Southwest,Regular,2024-05-08
C02480,Wayne Jones,gonzalesleah@example.com,Northeast,Regular,2024-04-26
C02481,Paula Williams,mjones@example.com,Midwest,At-Risk,2022-03-11
C02482,Caleb Taylor,nbenton@example.com,Midwest,Regular,2023-06-06
C02483,Marvin Gallegos,lowerynicholas@example.com,West,Regular,2024-01-11
C02484,Brian Herrera,keith41@example.com,Midwest,Regular,2022-03-21
C02485,Allison Gomez,dunlapdaniel@example.com,West,New,2024-12-04
C02486,Elizabeth Brooks,melinda69@example.org,Southwest,Regular,2023-07-16
C02487,James Lamb,bpayne@example.org,Southwest,Regular,2024-08-29
C02488,Katherine Clark,fergusonjennifer@example.org,Southeast,Regular,2023-06-05
C02489,Nicole Jones,jacob38@example.net,Southwest,Regular,2024-04-10
C02490,Austin Lee,jandrade@example.com,West,At-Risk,2024-09-03
C02491,Matthew Baxter,kevin93@example.org,West,Regular,2023-03-12
C02492,Juan Henry,anthony14@example.com,West,At-Risk,2023-08-08
C02493,Diana Russell,gregorypalmer@example.net,West,Regular,2024-07-25
C02494,Sonya Anderson,bellheather@example.net,Southwest,Regular,2024-05-27
C02495,Peter Walls,frederick99@example.org,Southwest,At-Risk,2022-03-25
C02496,Susan Roberts,randallsmith@example.org,Northeast,Regular,2023-06-23
C02497,Carmen Hunter,beasleyjohn@example.org,Midwest,Regular,2023-10-19
C02498,Danielle Reyes,danderson@example.org,Midwest,Regular,2024-02-21
C02499,Michael Duncan,richardbrown@example.net,Southwest,Regular,2023-02-09
C02500,Kayla Lloyd,knightlisa@example.org,Northeast,Regular,2023-01-15
C02501,Samantha Madden,andrejohnson@example.net,Midwest,Regular,2024-03-24
C02502,Michael Pitts,jennifer94@example.com,Southeast,Regular,2024-04-28
C02503,Carmen Klein,rebeccareeves@example.net,Midwest,Regular,2022-08-24
C02504,Patrick Taylor,thomas22@example.net,Southeast,VIP,2022-01-17
C02505,Kyle Snyder,tchavez@example.net,Midwest,Regular,2024-06-21
C02506,Lisa Henson,craig54@example.org,Northeast,Regular,2022-12-27
C02507,Kim Huerta,lopezstephanie@example.org,Northeast,New,2024-05-12
C02508,Stephen Murphy,heather74@example.net,Southeast,Regular,2022-12-10
C02509,Amy Mayer,kennethlopez@example.com,Southwest,Regular,2022-06-25
C02510,Brenda Sanchez,brittany51@example.org,West,Regular,2022-07-26
C02511,Larry Jarvis,yjohnson@example.org,Southwest,Regular,2023-06-04
C02512,Tony Wilson,logan75@example.net,West,Regular,2023-04-01
C02513,Daniel Hicks,sneal@example.net,Northeast,Regular,2023-09-19
C02514,Victoria Brooks,sweeneykara@example.com,Northeast,Regular,2023-05-15
C02515,Katherine Wood,johnreid@example.net,Northeast,Regular,2023-05-17
C02516,Stephanie Myers,michaeldavis@example.org,Southwest,Regular,2024-08-15
C02517,Maria Morris,prestonandrew@example.com,Southeast,At-Risk,2024-11-18
C02518,Joshua Evans,carrieharris@example.com,Southwest,Regular,2022-05-02
C02519,Anthony Watson,colin31@example.net,Midwest,Regular,2023-11-16
C02520,Erin Anderson,leonkelly@example.com,Northeast,Regular,2023-11-13
C02521,Anthony Roberts,gburke@example.net,Southwest,Regular,2023-01-20
C02522,Douglas Crawford,michael38@example.net,Northeast,Regular,2022-04-11
C02523,William Miller,jeanette19@example.com,Southwest,Regular,2023-10-14
C02524,Sarah Cooke,reyesjulia@example.com,Midwest,Regular,2023-11-08
C02525,Tim Gaines,meganphillips@example.net,Southeast,Regular,2023-04-29
C02526,Kim Vega,dmcclure@example.com,Midwest,Regular,2024-06-24
C02527,Amber Horn,cameron71@example.net,Midwest,Regular,2024-10-31
C02528,Michelle Rivera,stephensbruce@example.net,Southeast,Regular,2022-10-16
C02529,Jason Delgado,crystal27@example.net,Southeast,Regular,2023-12-26
C02530,Dawn Fletcher,nancy48@example.com,Southeast,Regular,2022-02-16
C02531,Christopher Walters,wrightzachary@example.net,Southwest,Regular,2022-10-05
C02532,Ashley Lewis,briangomez@example.net,Southwest,Regular,2023-01-29
C02533,Alice West,zlucas@example.com,Northeast,Regular,2024-11-28
C02534,Wayne Patterson,deborah22@example.net,Southeast,New,2022-06-24
C02535,Patricia Flores,tonibass@example.net,Northeast,Regular,2023-08-22
C02536,William Kline,perkinssarah@example.net,West,VIP,2023-01-30
C02537,Douglas Osborne,vhicks@example.org,Southwest,New,2022-11-05
C02538,Kelsey Mullins,reedkimberly@example.org,West,Regular,2024-02-15
C02539,Christine Lee,torresjane@example.net,Northeast,Regular,2023-04-20
C02540,Ricky Johnson,emorris@example.net,Southeast,At-Risk,2023-10-14
C02541,Jason Bradley MD,mark04@example.net,Midwest,Regular,2023-06-27
C02542,Ashley Collins,claire50@example.com,Southwest,Regular,2022-09-10
C02543,Gary Khan,tylerdean@example.com,West,New,2023-04-24
C02544,Tommy Little,wallaceluke@example.org,Southeast,New,2023-07-13
C02545,Debra Miller,stacylamb@example.org,West,At-Risk,2024-01-04
C02546,Melanie Heath,alijames@example.org,Southeast,Regular,2022-05-10
C02547,Brenda Elliott,kristinewest@example.net,Northeast,New,2022-01-05
C02548,Johnny Simpson,autumn51@example.net,Northeast,Regular,2022-10-11
C02549,Jorge Black,ronald18@example.com,Midwest,Regular,2022-05-17
C02550,Michael Hubbard,rebecca45@example.net,Southwest,VIP,2022-04-24
C02551,John Ward,fwebster@example.org,West,Regular,2024-06-27
C02552,Collin Cobb,mmunoz@example.org,West,Regular,2022-12-31
C02553,Jeremy Boyd,llynch@example.net,West,New,2024-03-23
C02554,Wanda Moore,vwalker@example.net,West,Regular,2022-07-26
C02555,Samuel Novak,prichards@example.net,West,Regular,2022-12-15
C02556,Jason Jacobson,jeffreysmith@example.net,Southwest,At-Risk,2022-05-28
C02557,Stephen Alvarez,bmckinney@example.org,Southeast,New,2024-02-11
C02558,Diana Sullivan,davidreed@example.com,Northeast,Regular,2023-07-29
C02559,Felicia Reese,lisachapman@example.com,West,Regular,2024-05-01
C02560,Justin Mendoza,james38@example.org,Northeast,Regular,2024-04-22
C02561,Elizabeth Rivera,burkecrystal@example.net,Northeast,Regular,2024-06-07
C02562,Lindsay Erickson,murraykaren@example.com,West,Regular,2023-08-16
C02563,Michael Goodwin,holly21@example.com,Midwest,Regular,2023-12-02
C02564,Kelly Barnett,jonesnicholas@example.org,Southeast,Regular,2024-08-02
C02565,Jeffrey Johnson,victor63@example.net,West,Regular,2022-05-09
C02566,Brenda Morgan,millertyrone@example.com,Midwest,Regular,2022-08-28
C02567,Jonathan Cameron,jonathancooley@example.net,West,Regular,2022-06-29
C02568,Brandon Johnson,christophercrawford@example.org,Northeast,Regular,2024-07-20
C02569,Nathan Costa,joshuabeck@example.com,Northeast,Regular,2024-07-16
C02570,Laura Grant,robertsmith@example.org,Midwest,New,2024-04-04
C02571,Jose Thompson,troy42@example.com,Northeast,Regular,2023-05-25
C02572,Timothy Davenport,jennifer21@example.net,West,Regular,2022-03-20
C02573,Frank Rogers,taustin@example.com,Midwest,New,2022-11-05
C02574,Kelly Mcdonald,yvette74@example.org,Midwest,Regular,2023-02-05
C02575,Ronald Branch,omoore@example.org,West,Regular,2024-01-25
C02576,Christopher Johnson,paul29@example.com,Midwest,New,2023-01-24
C02577,Crystal Johnson,kimberly38@example.org,Southwest,New,2024-11-06
C02578,Holly Silva,dvaughn@example.org,Midwest,New,2023-03-15
C02579,Patricia Jennings,michelle66@example.net,West,Regular,2022-08-05
C02580,Daniel Greer,katherinenguyen@example.org,Southeast,At-Risk,2022-04-11
C02581,Andrea Holt,kimberly57@example.net,Southwest,Regular,2023-04-18
C02582,Jesse Rojas,noah91@example.com,Northeast,Regular,2024-11-21
C02583,Brian Reynolds,hhill@example.org,Midwest,Regular,2024-09-12
C02584,William Miller,icarter@example.com,Midwest,Regular,2022-08-30
C02585,Julian Jackson,kayala@example.net,West,New,2024-05-29
C02586,Carlos Curry,brookemassey@example.org,Southwest,Regular,2023-07-19
C02587,Kelly Tyler,xmitchell@example.com,Southeast,Regular,2022-04-22
C02588,Wesley Smith,lauren19@example.net,Midwest,New,2024-07-14
C02589,Emily Horton,carrillojoanne@example.com,West,Regular,2024-01-22
C02590,Donald Mcneil,douglastheresa@example.com,Midwest,New,2023-01-19
C02591,Casey Jordan,williamedwards@example.com,Southwest,Regular,2023-03-05
C02592,Katherine Ward,fieldsthomas@example.net,West,Regular,2024-12-09
C02593,Teresa Nguyen,jyoung@example.net,Midwest,Regular,2024-10-26
C02594,Barbara Cameron,katherine78@example.net,Midwest,At-Risk,2023-02-07
C02595,Kevin Mills,wmalone@example.com,West,Regular,2024-05-29
C02596,Dr. Michael King,robinhubbard@example.org,Midwest,New,2022-12-23
C02597,Nathan Obrien,paul78@example.org,Southwest,Regular,2024-07-19
C02598,Benjamin Mosley,edwardprince@example.net,West,Regular,2024-08-17
C02599,Katie Moran,nancy37@example.net,Midwest,Regular,2022-03-27
C02600,Devin Shelton,williesanders@example.org,Midwest,New,2022-06-27
C02601,Maria Sandoval,aprilarmstrong@example.org,Midwest,Regular,2023-03-09
C02602,Kelly Welch,jacobortiz@example.org,Midwest,New,2022-10-21
C02603,Susan Bell MD,stephen59@example.com,Southwest,At-Risk,2023-08-28
C02604,James Lopez,blong@example.org,Northeast,Regular,2022-05-24
C02605,Megan Keith,tasha53@example.com,West,Regular,2022-02-24
C02606,James Jensen,qfox@example.com,Southeast,Regular,2022-01-22
C02607,Katherine Smith,murraysabrina@example.org,Southeast,VIP,2023-05-30
C02608,Annette Garcia,paul57@example.org,Midwest,Regular,2023-05-27
C02609,Anne Johnson,justin50@example.com,West,Regular,2022-05-21
C02610,Alexandra Kelley,lynn53@example.net,Midwest,Regular,2023-04-17
C02611,Denise Taylor,joneswendy@example.com,Southwest,Regular,2024-11-16
C02612,James Smith,bwalsh@example.com,Southwest,Regular,2023-05-05
C02613,Zachary Cooper,wsmith@example.com,West,Regular,2024-08-28
C02614,James Anderson,vgraves@example.com,Northeast,Regular,2023-11-07
C02615,William Hampton,antonio15@example.net,West,Regular,2024-07-23
C02616,Sean York,christinahenry@example.net,Southwest,Regular,2023-06-30
C02617,Lisa Edwards,johnnymoss@example.org,Southwest,VIP,2023-03-23
C02618,Troy Deleon,katherine06@example.org,Southwest,Regular,2022-03-25
C02619,Edward Brandt,fosterbrian@example.org,Midwest,Regular,2024-04-14
C02620,Elizabeth Klein,ghines@example.net,Northeast,Regular,2023-03-25
C02621,Jamie Hernandez,rhale@example.org,Northeast,Regular,2022-03-31
C02622,Calvin Robinson DDS,othomas@example.org,Southwest,Regular,2024-08-13
C02623,Crystal Jones,thompsonshirley@example.com,Southwest,New,2024-08-19
C02624,Michelle Shelton,folson@example.com,Midwest,New,2022-06-02
C02625,Anthony Lee,mcculloughkelly@example.com,Southeast,Regular,2022-10-08
C02626,Frances Watkins,reyessteven@example.net,Northeast,Regular,2022-11-10
C02627,Donna Duarte,taramorales@example.net,Southeast,VIP,2023-07-26
C02628,Cassidy Robinson,wwalker@example.net,West,Regular,2024-03-22
C02629,Jessica Hudson,markbarker@example.net,Southeast,Regular,2022-03-07
C02630,Jose Fleming,sherricurtis@example.com,Northeast,At-Risk,2022-11-11
C02631,Renee Griffin,hcole@example.com,Southwest,Regular,2024-09-01
C02632,Jack Harris,perezpatricia@example.com,Midwest,Regular,2023-01-26
C02633,Rachel Chen,dustinfitzgerald@example.net,Northeast,Regular,2023-10-12
C02634,Jamie Hammond,jennifer05@example.com,Northeast,Regular,2024-07-30
C02635,Jessica Maddox,lisa24@example.net,Midwest,At-Risk,2024-02-25
C02636,Tammy Robinson,millerrachel@example.org,Southeast,Regular,2023-10-29
C02637,Scott Patterson,amber08@example.org,Midwest,Regular,2023-06-06
C02638,Melanie Schroeder,peterbradley@example.com,Southeast,Regular,2024-11-02
C02639,Jill Blair,jacksonkristin@example.com,Northeast,Regular,2023-06-28
C02640,Jacob Park,deborah78@example.com,West,Regular,2023-04-12
C02641,James Evans,jonoliver@example.com,Southeast,Regular,2024-12-13
C02642,Anthony Miller,hilladrian@example.net,Midwest,Regular,2024-03-27
C02643,Carol Smith,debbiemartinez@example.net,West,Regular,2022-04-29
C02644,Joel Mckenzie,kristiwalters@example.com,West,At-Risk,2023-05-25
C02645,Victoria Cruz,rschultz@example.net,Southeast,Regular,2022-03-29
C02646,Joanna Lewis,christina46@example.org,Southeast,Regular,2024-06-25
C02647,Christopher Hicks,christinayoung@example.org,Northeast,Regular,2023-01-27
C02648,Melissa Powell,fmiranda@example.com,Southeast,Regular,2022-12-16
C02649,Tracy Allen,warren43@example.com,Northeast,Regular,2023-09-01
C02650,Gary Roberts,natalie80@example.org,Southwest,Regular,2023-07-22
C02651,Marissa Martin,richardrichardson@example.net,Southeast,New,2024-03-12
C02652,Dustin Watson,hensonstacy@example.com,Midwest,VIP,2022-04-23
C02653,Kevin Kim,hross@example.com,Southeast,Regular,2022-04-14
C02654,Wendy Rivera,kimdavid@example.net,Midwest,New,2023-02-19
C02655,Paul Rosario,ryanperez@example.net,Southeast,At-Risk,2024-10-13
C02656,Gregory Douglas,sroberts@example.net,Southeast,Regular,2024-03-12
C02657,Thomas Charles,larrynewman@example.net,Northeast,New,2022-11-01
C02658,Mary Rubio,dmartin@example.net,Midwest,Regular,2023-03-05
C02659,Jeremy Mcdaniel,hcarlson@example.com,Southeast,Regular,2023-03-14
C02660,Renee Brady,breannalynn@example.org,Midwest,Regular,2024-09-04
C02661,Christina Mcconnell,stanleydavid@example.net,Southeast,Regular,2022-09-08
C02662,Gerald Washington,cheyenne24@example.org,Midwest,VIP,2022-11-03
C02663,Ashley Kelly,andrewcurry@example.net,West,New,2024-05-04
C02664,Kim Keith,sarahyoung@example.com,Northeast,At-Risk,2022-01-22
C02665,Lori Johnson,michael41@example.net,Northeast,Regular,2022-06-25
C02666,Vincent Johnson,coreyshaw@example.net,Midwest,Regular,2023-12-13
C02667,Sandy Atkins,fostertina@example.org,Northeast,Regular,2024-11-05
C02668,Amanda Little,morgannelson@example.com,Midwest,Regular,2023-01-19
C02669,Juan Nguyen,roachtiffany@example.org,Southwest,New,2024-05-05
C02670,Todd Smith,adrianowen@example.net,West,New,2024-05-10
C02671,Rachael Davidson,jdunn@example.net,Midwest,Regular,2024-08-09
C02672,Keith Miller,heidi87@example.net,Southeast,New,2023-07-05
C02673,Timothy Rodriguez,payneelizabeth@example.com,Southeast,Regular,2024-06-29
C02674,Susan Vargas,nealmaria@example.com,Northeast,Regular,2023-06-15
C02675,Joseph Bailey,emilythompson@example.com,Northeast,New,2024-06-26
C02676,Craig Lamb,murphytaylor@example.net,Midwest,Regular,2022-03-27
C02677,Gregory Owens,zachary28@example.org,Midwest,Regular,2023-10-14
C02678,Phyllis Johnson,karladiaz@example.org,Southeast,At-Risk,2024-12-14
C02679,Denise Miller,suttonjennifer@example.org,Southwest,VIP,2024-03-24
C02680,Gary Herman,joshuanichols@example.net,Southwest,Regular,2023-12-19
C02681,Kenneth Jacobson,brendabryant@example.com,Southwest,Regular,2023-09-21
C02682,Mary Madden DVM,faulknerkeith@example.net,Northeast,Regular,2022-02-22
C02683,Krista Vazquez,gonzalezjeffery@example.net,Southwest,Regular,2022-12-05
C02684,Steven Miller,martin52@example.org,Midwest,New,2024-02-09
C02685,Amanda Lee,fhernandez@example.com,Southeast,Regular,2023-06-19
C02686,Jennifer Stanley,joseph61@example.com,Northeast,New,2022-08-26
C02687,Maria Smith,zachary72@example.net,Midwest,VIP,2024-08-12
C02688,Aaron Smith,blakecarter@example.net,Midwest,New,2024-10-29
C02689,Patricia Villarreal,johnsonamy@example.org,West,Regular,2022-01-04
C02690,Amanda Mercado,castrowilliam@example.com,West,Regular,2023-12-24
C02691,Melissa Castaneda,velasquezgina@example.net,Southwest,Regular,2024-08-24
C02692,Nathan Matthews,nestrada@example.net,Midwest,Regular,2024-08-08
C02693,Benjamin Macias,jesse54@example.com,Southeast,Regular,2023-02-27
C02694,Tyler Diaz,julie38@example.com,Southwest,New,2024-08-11
C02695,Pam Castro,calexander@example.net,Northeast,Regular,2022-10-16
C02696,Natalie Gonzalez,davismichelle@example.com,Southwest,Regular,2024-05-12
C02697,Thomas Burke,joseph18@example.com,Midwest,Regular,2023-05-28
C02698,Isabella Calderon,amy26@example.com,Southwest,Regular,2022-12-10
C02699,Karen Rogers,thomascastillo@example.net,Southeast,Regular,2024-09-08
C02700,Mary Johnson,elizabethcalhoun@example.com,West,At-Risk,2023-05-17
C02701,Alexander Walker,leecharles@example.com,Northeast,VIP,2023-09-22
C02702,Kathryn Hansen,uvincent@example.com,Southwest,New,2022-07-29
C02703,Kimberly Myers,yjohnson@example.org,Midwest,At-Risk,2022-05-13
C02704,Troy Williams,robinbradley@example.net,Southwest,Regular,2023-06-11
C02705,Amanda Reese,lucasronald@example.com,Southeast,Regular,2024-08-15
C02706,Sharon Reyes,nicoleevans@example.org,Southwest,Regular,2024-06-11
C02707,Diane Giles,sdunlap@example.net,Midwest,Regular,2024-01-09
C02708,Kristy Hayes,nichole27@example.net,Southeast,Regular,2023-06-21
C02709,Jose Fletcher,brockcathy@example.org,Northeast,At-Risk,2023-05-31
C02710,Ronald Merritt,barkerscott@example.org,Midwest,New,2022-07-05
C02711,Dr. Michael Nicholson,joshuasandoval@example.net,Southeast,At-Risk,2024-06-21
C02712,Bianca Walters,ydeleon@example.net,Northeast,Regular,2024-05-25
C02713,Rebecca Carrillo,leenathaniel@example.com,West,Regular,2023-09-07
C02714,Mary Houston,singhmichael@example.net,Southeast,Regular,2022-02-26
C02715,Maria Smith,william85@example.com,Southeast,Regular,2022-04-26
C02716,Hannah Villegas,dtaylor@example.org,Southwest,Regular,2024-06-07
C02717,Emily Smith,freemankrista@example.net,Northeast,Regular,2022-08-29
C02718,David Winters,kevin65@example.com,Midwest,Regular,2022-03-05
C02719,Hannah Sparks,tanyarivas@example.org,Southeast,Regular,2024-08-03
C02720,Mark Crosby,joseph59@example.com,West,Regular,2022-05-27
C02721,Sara Duran,awoodard@example.net,Northeast,Regular,2023-11-24
C02722,Victor Bates DVM,brandonalexander@example.com,Midwest,Regular,2023-01-07
C02723,Becky Page,mallory33@example.org,Midwest,New,2023-12-15
C02724,Ana Rivera,mathewsandrea@example.com,Southeast,Regular,2022-01-15
C02725,Maria Parks,rhonda30@example.com,Southeast,New,2023-11-19
C02726,Kimberly Wells,jacquelineadams@example.com,Northeast,Regular,2022-07-20
C02727,Bonnie Brandt,bryantstephanie@example.com,Southeast,Regular,2024-03-13
C02728,David Burns,kennedyjason@example.org,Southeast,Regular,2023-08-20
C02729,Kelly Wheeler,matthewmichael@example.org,Midwest,Regular,2024-05-16
C02730,Laura Sullivan,anthony58@example.net,Northeast,Regular,2024-04-14
C02731,Steven Wright,johnsontommy@example.com,Northeast,Regular,2024-04-03
C02732,Timothy Francis,ellisjustin@example.com,Southwest,New,2024-09-27
C02733,Joshua Roberson,mhuang@example.com,Northeast,Regular,2024-01-13
C02734,Jennifer Fowler,tayloraguilar@example.com,Northeast,Regular,2024-12-03
C02735,Michael Steele,jonesdaniel@example.net,Northeast,Regular,2022-05-08
C02736,Jeffrey King,nicole63@example.com,Southeast,Regular,2022-04-06
C02737,Mr. Jacob Gray,paulwebb@example.net,Southwest,Regular,2022-03-26
C02738,Maria Valencia,brandonhooper@example.org,Southwest,Regular,2022-11-22
C02739,Samantha Gonzalez,hilllauren@example.net,Southwest,New,2022-12-29
C02740,Tamara Martinez,greenchristopher@example.org,Southeast,Regular,2022-07-14
C02741,Kelly Rocha,charleskirk@example.com,Southwest,Regular,2023-07-13
C02742,Justin Brown,amymoore@example.org,Northeast,Regular,2023-06-07
C02743,Carolyn Martinez,ghoffman@example.net,Northeast,Regular,2023-05-30
C02744,Daniel Banks,kimmichelle@example.com,West,At-Risk,2023-09-19
C02745,Courtney Guerrero,thomaskelley@example.com,West,Regular,2024-01-26
C02746,Dakota Hoffman,ashley30@example.org,Midwest,Regular,2024-04-11
C02747,Austin Robinson,wwarren@example.com,Southwest,Regular,2023-06-24
C02748,Kenneth Rodriguez,andreprice@example.org,West,Regular,2022-08-02
C02749,Matthew Pena,ashleyshepard@example.com,Midwest,Regular,2023-05-29
C02750,Kathleen Rasmussen,john27@example.net,Southeast,Regular,2023-07-01
C02751,Samuel Stokes,scott91@example.com,Southeast,Regular,2022-10-20
C02752,Darrell Brown,lindanunez@example.org,Northeast,Regular,2023-07-13
C02753,Kellie Sherman,taylorsara@example.org,Southwest,Regular,2023-01-08
C02754,Brian Adams,victor79@example.org,Northeast,At-Risk,2024-11-15
C02755,Zachary Taylor,walkersamantha@example.com,Northeast,Regular,2024-11-27
C02756,Carlos Valdez,randrews@example.org,West,New,2023-04-26
C02757,Paige Lynn,james28@example.net,Midwest,Regular,2023-03-08
C02758,Jeffery Miles,darren46@example.net,Southeast,Regular,2024-11-24
C02759,Eddie Jacobs,kmarquez@example.com,West,New,2023-04-05
C02760,Ruben Olson,carolyn93@example.net,West,New,2022-12-03
C02761,Selena Hernandez,qroberson@example.org,Southwest,Regular,2022-09-08
C02762,Mr. Edward Allen,pattersonvalerie@example.net,Northeast,Regular,2022-11-25
C02763,Deborah Davis MD,samanthajackson@example.com,Southeast,Regular,2024-01-16
C02764,David Nelson,pennywood@example.com,Southeast,Regular,2022-06-01
C02765,Brandon Lopez,lopezlaura@example.org,West,Regular,2022-10-16
C02766,Ms. Wendy Johnston,lancereyes@example.com,West,Regular,2022-04-09
C02767,Scott Woodard,mark19@example.net,Northeast,Regular,2023-02-24
C02768,Kirk Alexander,valdezjennifer@example.com,Southeast,Regular,2024-01-09
C02769,Nicole Garner,unguyen@example.net,Northeast,Regular,2022-04-09
C02770,Jeremy Cobb,richardzachary@example.org,Southwest,Regular,2024-03-26
C02771,Alec Stanley,marissa62@example.org,Midwest,At-Risk,2022-03-01
C02772,Michael Deleon,ramosjames@example.org,Southwest,Regular,2024-04-28
C02773,Julia Roberts,gary41@example.com,Southeast,Regular,2022-07-05
C02774,Sherri Huber,linda93@example.org,Northeast,New,2022-01-30
C02775,Kenneth Petty,vgutierrez@example.org,West,Regular,2024-11-06
C02776,Lori Hart,mckinneydavid@example.net,Southeast,Regular,2024-05-20
C02777,Kristin Ibarra,mwolfe@example.net,Southwest,Regular,2024-11-07
C02778,Heidi Osborne,qrivera@example.org,West,Regular,2022-04-24
C02779,Michelle Hall,julie62@example.net,Southeast,At-Risk,2023-09-04
C02780,Mary Bennett,mayrachel@example.net,Southwest,Regular,2024-06-05
C02781,Beth Tate DDS,angelahall@example.net,West,Regular,2024-11-28
C02782,John Huang,angelamorgan@example.org,West,Regular,2024-11-30
C02783,Chelsea Shannon,davidcollins@example.net,Midwest,Regular,2024-10-22
C02784,Thomas Hensley,heatherruiz@example.org,Southeast,New,2024-05-20
C02785,Gregory Lee,tmalone@example.org,Midwest,Regular,2024-07-09
C02786,Jacob Simpson,patricia78@example.org,Southwest,Regular,2023-09-10
C02787,Maria Mays,parksamanda@example.com,Southwest,New,2024-10-01
C02788,Felicia Vasquez,lloydamanda@example.net,Southeast,Regular,2024-09-02
C02789,Jennifer Reid,dmueller@example.com,Midwest,Regular,2023-08-14
C02790,Steven Mccarthy,smithhayden@example.net,Southwest,Regular,2022-08-08
C02791,Yolanda Wilson,smithjacqueline@example.com,Midwest,Regular,2024-10-18
C02792,Cameron Ritter,aallen@example.org,Midwest,New,2022-09-21
C02793,Melissa Lee,williammeyers@example.org,Southwest,New,2024-02-12
C02794,Melissa Davis,sara57@example.com,Midwest,Regular,2022-05-08
C02795,Amy Roberts,traci34@example.com,Midwest,Regular,2022-05-24
C02796,Matthew Lewis,shanesaunders@example.com,Southwest,Regular,2022-01-13
C02797,Charles Armstrong,brian17@example.org,Midwest,Regular,2024-11-01
C02798,Luis Dunn,sarah76@example.net,Northeast,Regular,2022-04-29
C02799,Robert Sanders,johnsonchristopher@example.org,Southwest,New,2022-09-20
C02800,Diane Rojas,upatel@example.com,Southeast,Regular,2022-11-27
C02801,Brian Bryant,mbrown@example.org,Midwest,Regular,2023-10-14
C02802,Brianna Velazquez,jamie53@example.org,Southeast,At-Risk,2024-01-25
C02803,Brenda Hale,tallen@example.com,West,Regular,2022-04-12
C02804,Michael Smith MD,nelsonjeremy@example.com,Southeast,Regular,2022-09-22
C02805,David Graham,doneal@example.org,Southeast,Regular,2024-05-11
C02806,Carl Richards,robin54@example.net,Midwest,Regular,2023-11-22
C02807,Hannah Lee,davidgoodman@example.org,Midwest,Regular,2022-09-15
C02808,John Lewis,clifford18@example.net,West,Regular,2023-08-02
C02809,Jeffrey Vance,maytrevor@example.net,Southeast,Regular,2024-01-11
C02810,Alyssa Malone,kendrajohnson@example.net,Northeast,At-Risk,2022-04-04
C02811,David Taylor,michaelmiller@example.com,Southwest,Regular,2022-07-13
C02812,Crystal Drake,heatherperry@example.net,West,New,2023-04-11
C02813,Marisa Boyle,alopez@example.net,Southeast,Regular,2024-05-27
C02814,Lisa Johnson,cclark@example.com,Southwest,Regular,2022-12-05
C02815,Laurie Smith,kathrynkerr@example.org,Northeast,Regular,2023-06-15
C02816,Timothy Knight,kendrajimenez@example.net,Northeast,Regular,2022-11-24
C02817,Randall Alexander,jonessarah@example.net,Southeast,Regular,2024-06-05
C02818,Charles Glass,baileyadam@example.org,Southwest,Regular,2022-01-18
C02819,Kristin Contreras,greenedebra@example.com,Southwest,New,2024-07-02
C02820,Timothy Kennedy,maynardnancy@example.net,West,Regular,2022-08-05
C02821,John Swanson,vwright@example.net,West,Regular,2024-10-03
C02822,William Scott,tbennett@example.net,Southeast,Regular,2023-11-20
C02823,Laura Boyd,vsampson@example.net,Southwest,Regular,2022-05-01
C02824,Douglas White,danielgibson@example.org,West,At-Risk,2024-02-12
C02825,Gloria Campos,nicole08@example.com,Northeast,Regular,2024-05-28
C02826,Angela Atkins,patricia47@example.net,Southwest,Regular,2022-04-17
C02827,Jonathan Nelson,gwalker@example.org,West,New,2024-08-14
C02828,Wendy Montgomery,montoyaalbert@example.net,Southeast,VIP,2024-01-30
C02829,Anthony Richardson,nsmith@example.org,Midwest,Regular,2024-04-15
C02830,Jordan Golden,rhicks@example.com,Midwest,Regular,2022-02-19
C02831,Laura Adams,smithjeffrey@example.org,Southwest,Regular,2022-06-26
C02832,Gerald Reynolds,lhurley@example.net,Southwest,Regular,2024-02-09
C02833,John Morgan,tiffany93@example.com,Northeast,Regular,2022-07-25
C02834,Angela Cox,parroyo@example.org,West,Regular,2022-09-08
C02835,Evan Welch,richardgregory@example.com,West,Regular,2023-03-01
C02836,Jamie Wilkins,novakkristine@example.com,Midwest,Regular,2024-04-19
C02837,Tina Clark,davidrubio@example.net,Northeast,New,2024-04-30
C02838,Ronald Gardner,kevinjames@example.com,Southeast,Regular,2024-03-30
C02839,Robert Warner,zlang@example.net,Midwest,New,2023-08-28
C02840,Scott Aguilar,longdaniel@example.net,Northeast,Regular,2023-01-11
C02841,Diamond Rodriguez,ccannon@example.net,Southwest,Regular,2023-09-30
C02842,Catherine Cook,fmadden@example.com,Northeast,New,2023-09-06
C02843,Richard Watson,walkersamantha@example.org,Southeast,Regular,2024-07-11
C02844,David Meza,hpage@example.net,Southwest,VIP,2024-11-03
C02845,Courtney Sims,psmith@example.com,Midwest,New,2022-12-17
C02846,Melissa Davis,greenjeffery@example.net,Southwest,Regular,2022-11-15
C02847,Mr. Joseph Davis,brian84@example.org,Southwest,New,2022-09-23
C02848,Carol Nguyen,summersangela@example.com,Southwest,Regular,2024-04-13
C02849,Melissa Cruz,icunningham@example.com,West,At-Risk,2023-06-29
C02850,Jessica Hamilton,rclark@example.net,Southeast,At-Risk,2024-03-07
C02851,Joseph Cantrell,vsloan@example.org,West,Regular,2022-10-24
C02852,Deanna Richardson,shawdana@example.org,Southwest,Regular,2022-10-05
C02853,Ryan Monroe,zyoung@example.com,West,New,2023-10-23
C02854,Christina Horton DVM,kristenglover@example.org,Southeast,Regular,2022-07-30
C02855,Emily Smith,qyoung@example.org,Midwest,Regular,2023-10-20
C02856,Mrs. Tina Dyer,nbarnett@example.net,Midwest,Regular,2024-06-29
C02857,Lisa Patton,brianyoung@example.org,Northeast,Regular,2024-05-15
C02858,Dr. Justin Carr,ivanfisher@example.net,Southeast,Regular,2024-02-23
C02859,Steven Ramirez,allenandrea@example.org,Southeast,At-Risk,2022-07-06
C02860,Sarah Walker,campbelljeffery@example.net,Southwest,Regular,2024-12-07
C02861,Karen Short,amandaandrews@example.com,Southwest,Regular,2022-06-01
C02862,Carlos Friedman,fhicks@example.org,Midwest,New,2023-02-01
C02863,Rachel Nelson,manuelbrandt@example.org,Midwest,Regular,2024-02-14
C02864,Heather Smith,henry95@example.org,West,At-Risk,2023-01-27
C02865,Matthew Moody,stephanie42@example.com,West,At-Risk,2023-09-09
C02866,Raymond Mosley,hthomas@example.com,Southwest,New,2024-08-19
C02867,James Williams,millermegan@example.net,West,Regular,2024-12-19
C02868,Ashley Hardy,michellehall@example.org,Southwest,Regular,2023-07-16
C02869,Anthony Mcclain,john23@example.org,Southeast,Regular,2022-04-03
C02870,Joann Bell,danielmorgan@example.org,West,New,2022-08-09
C02871,Deborah Pena,deckerchristopher@example.net,Southwest,Regular,2024-03-10
C02872,Melissa Taylor,jerryellis@example.net,Midwest,New,2023-04-05
C02873,Robert Carter,nicholsjoshua@example.net,Southwest,Regular,2022-11-16
C02874,Brett Castro,regina43@example.com,Southeast,New,2023-10-12
C02875,Veronica Young,tammy73@example.net,West,Regular,2023-05-12
C02876,Katie Sanchez,vgibson@example.com,West,New,2022-04-27
C02877,Lori Garcia,johnsonsara@example.org,Northeast,Regular,2024-06-18
C02878,Brittany Davis,sheltonalexander@example.net,West,Regular,2022-11-01
C02879,Bryan Johnson,ttaylor@example.org,Southwest,At-Risk,2022-12-17
C02880,Gina Wu,julieyoung@example.net,Southwest,Regular,2024-02-03
C02881,Linda Lopez,katie83@example.com,Southwest,Regular,2022-08-29
C02882,Ashley Joseph,stoutjeffery@example.com,Southwest,Regular,2024-03-10
C02883,William Castillo,jeremylee@example.com,Southwest,At-Risk,2024-07-25
C02884,Amy Davis,raymond63@example.org,Southwest,Regular,2024-08-29
C02885,Troy Lyons,matthew61@example.org,West,Regular,2022-06-16
C02886,Aaron Grant,michael44@example.net,Southwest,Regular,2022-10-09
C02887,Jessica Frank,vincent90@example.net,Northeast,Regular,2023-03-23
C02888,Elijah Maldonado,charles37@example.com,West,Regular,2022-04-10
C02889,Timothy Hall,nsanchez@example.org,West,Regular,2024-03-28
C02890,Stacy Gomez,lmyers@example.com,Midwest,Regular,2024-11-25
C02891,Kathleen Mccoy,michellemorton@example.net,Southeast,New,2022-03-03
C02892,Robert Cruz,markthompson@example.com,Southeast,Regular,2022-05-20
C02893,Vanessa Pineda,annenelson@example.net,Southeast,Regular,2022-10-29
C02894,Renee Fisher,ianjohnson@example.net,Southeast,Regular,2024-05-07
C02895,Andrew Stone,xhaynes@example.net,Southwest,Regular,2024-06-07
C02896,Chelsea Gordon,christinefoster@example.com,Northeast,New,2023-02-05
C02897,James Gonzales,reyeshannah@example.net,Midwest,Regular,2023-01-12
C02898,Jason Bell,rachel91@example.com,Northeast,Regular,2022-07-03
C02899,Stephanie Kennedy,james18@example.org,Southwest,Regular,2022-06-09
C02900,Leah Lane,zimmermanbrent@example.org,Midwest,Regular,2022-08-16
C02901,Elizabeth Jackson,bartonmarc@example.net,West,At-Risk,2024-12-10
C02902,Joseph Daniels MD,daleharrell@example.net,West,At-Risk,2022-01-06
C02903,Kyle Mccoy,arojas@example.net,West,Regular,2022-04-10
C02904,Andrew Reyes,nstewart@example.net,Southwest,Regular,2023-02-26
C02905,Dana Shields,hughesmartin@example.net,Southwest,New,2023-01-31
C02906,Ashley Simmons,grahamjulie@example.net,Midwest,At-Risk,2022-11-24
C02907,Johnathan Murray,kingkathleen@example.net,Northeast,Regular,2022-11-03
C02908,Zachary Walters,qmedina@example.net,Northeast,Regular,2023-01-14
C02909,Adam Kemp,cheryl07@example.org,Southwest,Regular,2024-02-16
C02910,Paul Barrett,melanie79@example.org,Southwest,Regular,2024-06-19
C02911,Patricia Miller,carlbrooks@example.com,West,Regular,2024-09-07
C02912,Mr. Joe Roberts,angela35@example.com,West,Regular,2022-12-20
C02913,Rachel Clements,robin50@example.org,Southeast,Regular,2024-08-13
C02914,Kimberly Davis,andres02@example.net,Southeast,Regular,2023-01-18
C02915,Susan Williams,lbrown@example.net,Midwest,Regular,2023-09-21
C02916,Larry Williams,fmyers@example.net,Midwest,Regular,2024-01-25
C02917,James Ortega,sonya78@example.org,Southeast,Regular,2022-04-12
C02918,Karen Spencer,oduncan@example.com,West,Regular,2023-10-30
C02919,Dorothy Vaughn,morganmark@example.com,Northeast,Regular,2022-10-07
C02920,Lucas Watson,tamarasmith@example.net,Southeast,At-Risk,2022-12-23
C02921,Jacqueline Thomas,becky71@example.net,Midwest,Regular,2022-12-26
C02922,Chloe Miller,laurenmckee@example.com,Northeast,Regular,2023-09-24
C02923,Danielle Rodriguez,jonathan44@example.org,Northeast,New,2022-02-22
C02924,Nicole Avery,eskinner@example.com,Midwest,Regular,2024-08-20
C02925,Maria Gardner,bestsamantha@example.net,West,Regular,2023-02-17
C02926,Benjamin Gaines,elizabeth19@example.org,Midwest,Regular,2024-11-07
C02927,Veronica Beasley,xrodriguez@example.com,Southeast,New,2022-06-24
C02928,Tanya King,teresa06@example.org,West,Regular,2023-10-01
C02929,Alyssa Roberts,christysmith@example.com,Southwest,Regular,2024-09-05
C02930,Samantha Meyer,gordonscott@example.com,West,Regular,2023-01-11
C02931,Rebecca Rose,kenneth47@example.com,Southwest,Regular,2022-02-26
C02932,Anne Brown,andrewgarcia@example.net,West,Regular,2024-10-14
C02933,Vanessa Cole,smithallison@example.org,Southwest,Regular,2022-12-13
C02934,Maria Harris,cherrera@example.net,Southeast,New,2023-02-15
C02935,Kelly Lane,davidclark@example.com,Midwest,Regular,2023-11-02
C02936,Michael Davis,jortiz@example.net,Southeast,Regular,2023-06-21
C02937,Timothy Glover,gcantu@example.net,West,Regular,2024-01-03
C02938,Sara Brown,sonyaelliott@example.com,West,At-Risk,2022-08-23
C02939,Rachel Fox,nathanrubio@example.com,West,Regular,2022-05-11
C02940,Susan Davis,rebecca84@example.net,West,Regular,2023-12-16
C02941,Daniel Collins,xwalsh@example.net,Midwest,At-Risk,2022-12-16
C02942,Cynthia Williamson,hmiller@example.com,Southwest,VIP,2023-11-20
C02943,Devin Brown,halejose@example.com,Southeast,Regular,2023-10-01
C02944,Nicholas Cross,burnetteddie@example.net,Southwest,Regular,2023-10-15
C02945,Tara Greene,randallbrown@example.com,Southeast,Regular,2023-08-31
C02946,Antonio Gomez,rodriguezpatrick@example.net,West,Regular,2022-02-16
C02947,Alexis Gamble,piercecharlotte@example.com,Southwest,Regular,2022-05-13
C02948,Kevin Parker,gabrielacarter@example.net,West,At-Risk,2023-07-02
C02949,Debbie Stuart,camposrobert@example.org,Southwest,New,2022-02-02
C02950,Taylor Smith,nealamy@example.net,Northeast,VIP,2024-01-29
C02951,Rodney Tucker,daltonpowell@example.com,Southwest,VIP,2024-10-09
C02952,Wendy Drake,jdixon@example.net,West,Regular,2022-11-14
C02953,Anthony Morales,poncephilip@example.com,Midwest,VIP,2022-09-15
C02954,Kimberly Bernard,timothythompson@example.com,West,Regular,2024-06-14
C02955,Dr. Stephen Clark,amber39@example.net,Southwest,New,2024-11-23
C02956,Elaine Cook,ilittle@example.net,Northeast,Regular,2024-06-08
C02957,Richard Curry,caroline92@example.org,Midwest,Regular,2022-11-23
C02958,Charles Price,rbaldwin@example.net,Southeast,Regular,2024-09-16
C02959,Sandra Cooley,bradley59@example.org,Northeast,New,2022-08-16
C02960,Darren Sherman,jonathaneverett@example.net,Southeast,Regular,2024-07-09
C02961,Eric Wyatt,sherry64@example.com,West,At-Risk,2022-09-26
C02962,Cynthia Robbins,iwilliams@example.org,West,Regular,2024-10-08
C02963,Jenny Espinoza,ebutler@example.net,Northeast,At-Risk,2024-07-30
C02964,Emily Frost,eugene63@example.net,Southwest,Regular,2023-11-29
C02965,Jeffery Hunt,jenniferlopez@example.org,Northeast,Regular,2024-10-12
C02966,Bryan Page,bmoran@example.net,Northeast,At-Risk,2024-02-29
C02967,Scott Young MD,triciawalker@example.org,Midwest,New,2022-09-25
C02968,Kimberly Yates,jeffreyhernandez@example.com,Midwest,Regular,2023-08-05
C02969,Greg Baker,kreyes@example.com,Midwest,Regular,2022-04-13
C02970,Todd Crawford,elizabeth14@example.com,Southwest,Regular,2022-10-21
C02971,Sean Mercer,stephenbishop@example.net,West,Regular,2024-11-10
C02972,Deborah Shaw,osmith@example.com,Southwest,New,2024-04-12
C02973,Gregory Smith,hunterbrian@example.org,Midwest,Regular,2024-07-27
C02974,Dr. Katrina Martinez,leecatherine@example.net,Northeast,At-Risk,2023-07-31
C02975,Stephen Garcia,tony76@example.com,Northeast,Regular,2024-11-29
C02976,Patricia Shannon,danielclark@example.com,Midwest,At-Risk,2022-03-23
C02977,Crystal Byrd,tsullivan@example.net,Southeast,At-Risk,2024-11-24
C02978,Joshua Anderson,curtissabrina@example.org,West,New,2024-09-12
C02979,Anthony Baker,hannah16@example.net,Midwest,Regular,2022-04-20
C02980,Kimberly Keith,kelly84@example.net,West,Regular,2024-09-09
C02981,Terry Brown,butlerpatrick@example.com,Southwest,At-Risk,2023-07-07
C02982,Juan Sanchez,sarahdouglas@example.net,Southwest,At-Risk,2023-01-12
C02983,Michael Tyler,webercarrie@example.com,Northeast,New,2023-01-30
C02984,John Mcgrath,christian27@example.net,Southwest,Regular,2024-01-15
C02985,Eric Kim,lauriemorgan@example.net,Northeast,New,2023-04-10
C02986,Dr. Chad Ruiz,farrellmatthew@example.org,West,New,2023-01-03
C02987,Monica Baker,christopherspence@example.org,Southwest,Regular,2023-07-06
C02988,James Jackson,janice80@example.net,Midwest,Regular,2022-06-06
C02989,Sean Knight,yday@example.org,Southwest,Regular,2023-04-25
C02990,Miss Ashley Barry,brianna01@example.com,Northeast,Regular,2022-08-21
C02991,Tonya Clayton,helenharris@example.com,Southeast,Regular,2024-01-02
C02992,James Turner,danielstracy@example.net,Midwest,Regular,2024-07-27
C02993,Christopher Sanders,jasoncook@example.org,Northeast,New,2022-05-21
C02994,Tony Smith,reeserachel@example.com,West,Regular,2024-03-17
C02995,Katherine Dominguez,elizabethanderson@example.org,West,Regular,2022-12-08
C02996,Renee Austin,efields@example.com,Southwest,Regular,2022-09-07
C02997,Joseph Brennan,briana60@example.net,Midwest,Regular,2022-02-24
C02998,Amy Brock,parkswarren@example.net,West,Regular,2022-11-21
C02999,Beth Taylor,zlester@example.net,Southwest,Regular,2023-11-09
C03000,Brandon Williams,qadams@example.net,Northeast,Regular,2024-10-30
C03001,Aaron Patterson,williamsmallory@example.com,Midwest,VIP,2024-01-25
C03002,Robin Jones,george20@example.net,West,Regular,2022-03-17
C03003,Mark Mccarthy,erica55@example.net,Midwest,Regular,2022-08-10
C03004,Shawn Welch,abigail39@example.net,Midwest,Regular,2024-05-20
C03005,Stephanie Fox,stoutkristina@example.net,Southwest,Regular,2023-01-26
C03006,Terry Hansen,gwhite@example.com,Southeast,Regular,2024-10-19
C03007,Cathy Flores,janicemurphy@example.org,Southeast,Regular,2022-02-03
C03008,Charles Beasley,elizabeth75@example.org,Midwest,Regular,2023-10-19
C03009,Jeremy Wilson,jessica79@example.com,Midwest,Regular,2024-05-19
C03010,Casey Cruz,tmcmahon@example.net,Midwest,At-Risk,2024-08-17
C03011,Courtney Moon,tanyarivera@example.net,Southwest,Regular,2023-12-14
C03012,Natalie Becker,batesmichelle@example.net,West,New,2023-04-12
C03013,Katherine Mitchell,roy82@example.org,Northeast,New,2022-07-21
C03014,Nichole Dixon,gutierrezbrian@example.com,Southeast,Regular,2022-03-27
C03015,Amber Walton,bailey43@example.org,West,Regular,2022-03-22
C03016,Lisa Oliver,jennifer42@example.net,West,New,2022-04-22
C03017,Brittany Reed,oprice@example.net,Northeast,Regular,2022-05-18
C03018,Bernard Davis,jason39@example.org,Northeast,VIP,2023-06-16
C03019,Karina Roberts,watsonnicholas@example.org,Southeast,Regular,2023-03-09
C03020,Jennifer Patterson,rachel85@example.net,Southeast,VIP,2024-06-17
C03021,Matthew Walsh,lisacollier@example.net,West,At-Risk,2022-12-30
C03022,Michael Sloan,pwoods@example.com,Southeast,New,2024-12-25
C03023,Ronald Houston,erikajones@example.net,West,At-Risk,2023-05-22
C03024,Brittney Moore,seanjones@example.net,West,Regular,2023-07-22
C03025,Kristen Odom,lallen@example.com,Northeast,Regular,2023-04-11
C03026,Desiree Johnson,cindy36@example.com,West,Regular,2022-12-01
C03027,Tammy Sanders,justin98@example.com,Southeast,Regular,2024-03-11
C03028,Andre Miller,christensenbarbara@example.org,Southwest,Regular,2024-06-22
C03029,Alyssa Burke,joseph50@example.com,Southeast,New,2024-05-26
C03030,Joseph Lowe,linda42@example.net,Southeast,Regular,2023-08-02
C03031,Luis Tucker,kimberly46@example.org,Midwest,At-Risk,2024-06-08
C03032,Jack Gonzalez,manuel98@example.org,Southeast,Regular,2024-11-29
C03033,Michael Hines,cblack@example.net,Southwest,Regular,2023-03-17
C03034,Jonathan Knight,dburgess@example.com,Northeast,Regular,2024-04-05
C03035,Caitlin Holland,terriramos@example.org,Southeast,Regular,2022-12-06
C03036,Kathy May,austinnguyen@example.net,Northeast,Regular,2023-04-27
C03037,Brian Gibbs,helen94@example.net,Midwest,Regular,2022-02-19
C03038,Michael Garner,kimberlyfrazier@example.net,Southeast,VIP,2024-03-15
C03039,Matthew Miller,xstewart@example.net,Southwest,Regular,2022-11-12
C03040,Brian Powers,josephnewman@example.org,West,New,2024-05-05
C03041,Lauren Hunter,stephanie75@example.org,Midwest,New,2023-03-13
C03042,Kyle Spencer,larry18@example.org,Northeast,Regular,2023-04-08
C03043,Norman Moore,evansjames@example.com,Midwest,Regular,2023-04-20
C03044,Amy Smith,kellymelissa@example.org,West,Regular,2024-12-27
C03045,Stacey Simmons,charlesjefferson@example.net,Southwest,New,2023-05-29
C03046,Kim Coleman,shari88@example.net,Southwest,Regular,2023-04-03
C03047,Sabrina Montgomery,cassandrawalker@example.org,Northeast,Regular,2022-08-02
C03048,Christina Anthony,nancy63@example.org,Northeast,Regular,2024-02-21
C03049,Jessica Herrera,fosterlauren@example.net,Northeast,At-Risk,2024-08-19
C03050,Antonio Macdonald,frank47@example.net,Southwest,Regular,2023-02-17
C03051,Kathleen Johnson,mclaughlintony@example.net,West,Regular,2023-10-14
C03052,Kelly Brown,harrisoncraig@example.net,Midwest,New,2022-11-16
C03053,Matthew Vazquez,troyware@example.com,Midwest,New,2023-02-17
C03054,Jennifer Martin,efrench@example.net,Midwest,New,2022-11-14
C03055,Mary Williams,laurie17@example.net,West,Regular,2022-09-26
C03056,Jeffery Kelly,elynch@example.com,West,New,2022-12-03
C03057,Cassandra Hamilton,inorman@example.org,Southwest,Regular,2024-03-10
C03058,Cody Duran,lorijohnson@example.org,Southwest,Regular,2023-12-04
C03059,Lisa Martin,sarahwilson@example.net,Southwest,At-Risk,2024-05-29
C03060,Anthony Lee,barnesjames@example.net,Northeast,Regular,2024-12-06
C03061,Richard Ferrell,garciaangela@example.com,Southwest,VIP,2023-06-02
C03062,Tracy Hartman,welchsusan@example.com,Southwest,Regular,2023-12-14
C03063,Brittany Knight,ryandaniel@example.org,Southwest,Regular,2024-09-04
C03064,Cody Bowen,jeannebeltran@example.org,Southeast,Regular,2024-10-22
C03065,Ryan Martinez,frederick16@example.com,Midwest,Regular,2024-04-23
C03066,Roberta Garcia,chaddavis@example.org,Midwest,Regular,2023-09-01
C03067,Richard Garcia,christinarodriguez@example.net,Southwest,Regular,2024-01-31
C03068,Jill Parker,grantcrawford@example.com,Northeast,Regular,2022-11-21
C03069,Aaron Lloyd,austinmichelle@example.com,West,Regular,2023-01-03
C03070,Patty Mann,bartlettedward@example.org,Southeast,Regular,2024-07-14
C03071,Cindy Reed,edwardstroy@example.net,West,Regular,2022-11-29
C03072,Larry Armstrong,john25@example.org,Northeast,Regular,2023-11-14
C03073,Deanna Meadows,greendavid@example.net,Southwest,Regular,2022-12-04
C03074,Christopher Lopez,misty00@example.org,Southeast,New,2023-05-17
C03075,Jennifer Vazquez,ayoder@example.com,West,Regular,2024-01-18
C03076,Robert Williamson,williamspaula@example.net,West,VIP,2022-03-22
C03077,Jennifer Case MD,brianrobertson@example.org,Southwest,New,2023-11-04
C03078,Mary Allen,moorethomas@example.com,Northeast,Regular,2022-06-07
C03079,Mr. Joseph Allen,tiffanypham@example.org,Southwest,VIP,2023-05-16
C03080,Shannon Nunez,awilson@example.net,Southwest,New,2023-10-07
C03081,Christina Saunders,nicholas15@example.org,Midwest,Regular,2023-07-23
C03082,Jesse Gomez,vjohnson@example.net,Southeast,Regular,2024-12-18
C03083,Sarah Walter,melissastevenson@example.net,Midwest,Regular,2023-05-07
C03084,Joshua Lopez,nicolemartin@example.com,Southeast,Regular,2024-04-11
C03085,David Jacobs,smithbrandon@example.net,Midwest,Regular,2024-03-26
C03086,Kayla Bryant,jessica25@example.org,Southeast,Regular,2022-01-14
C03087,Claudia Fields,mckayrachel@example.com,Northeast,Regular,2022-11-10
C03088,James Cruz,jjohnson@example.net,Southwest,Regular,2023-03-10
C03089,Pamela Cross,elizabethparker@example.net,Southwest,Regular,2024-01-15
C03090,Stacy Fitzgerald,conwaytony@example.com,West,Regular,2023-09-04
C03091,Connor Turner,floreschristopher@example.net,Midwest,Regular,2022-04-05
C03092,John Wood,poncelauren@example.org,Southwest,VIP,2023-05-14
C03093,Amy Jones,billy43@example.com,Southeast,New,2022-02-07
C03094,David Gibson,raymondfry@example.org,Midwest,Regular,2023-04-18
C03095,Jamie Ortega,dfoster@example.org,West,Regular,2023-12-22
C03096,Scott Alvarez,barnesregina@example.com,Southeast,Regular,2024-02-07
C03097,Stephen Nguyen,williambennett@example.net,Midwest,Regular,2023-12-28
C03098,Juan Escobar,parkersharon@example.net,Southwest,New,2022-02-19
C03099,Shelia Ochoa,henryramos@example.com,Southeast,Regular,2023-03-02
C03100,Carla Cordova,jeffrey64@example.org,West,Regular,2022-11-14
C03101,Bruce West,peterrubio@example.net,Southwest,At-Risk,2022-05-08
C03102,Stephanie Brown,susan00@example.org,Northeast,At-Risk,2022-11-17
C03103,Deanna Marquez,john57@example.org,Midwest,Regular,2023-05-20
C03104,George Jones,joshua49@example.org,Southwest,Regular,2024-09-04
C03105,Walter Velez,larry61@example.com,Southeast,Regular,2022-12-08
C03106,Sarah Solomon,alowe@example.net,Midwest,Regular,2023-11-02
C03107,Austin Spence,jperez@example.net,Midwest,Regular,2022-10-22
C03108,Danny Clark,mrobinson@example.com,Midwest,Regular,2024-09-25
C03109,Kenneth Ruiz,mclaughlintracy@example.com,West,At-Risk,2024-08-05
C03110,Katherine Burke,ystone@example.com,Northeast,New,2022-09-13
C03111,Janet Hall,beckydalton@example.net,West,VIP,2023-12-16
C03112,Katherine Kim,dwhite@example.net,Midwest,Regular,2022-05-15
C03113,James Chen,clarkmargaret@example.com,West,Regular,2023-02-23
C03114,Michael Chavez,katie14@example.com,Southeast,Regular,2024-08-28
C03115,Jose Bennett,michelle45@example.net,Southeast,Regular,2023-10-16
C03116,Andrea Jackson,thomas88@example.org,Southwest,At-Risk,2023-03-03
C03117,Matthew White,morrisonthomas@example.org,Southeast,Regular,2023-11-05
C03118,Charles Bailey,brandon98@example.com,Southwest,Regular,2023-05-01
C03119,Jason Lee,zmckee@example.net,Northeast,At-Risk,2022-01-26
C03120,Aimee Goodwin,timothy02@example.net,Southwest,Regular,2024-02-18
C03121,Michael Evans,gcohen@example.com,Southwest,Regular,2024-01-16
C03122,Claudia Ayers,mwarren@example.net,Southeast,Regular,2022-10-26
C03123,Latasha Morris,imeyer@example.com,West,Regular,2023-01-10
C03124,Wayne Bird,lyoung@example.net,Southwest,Regular,2022-01-15
C03125,Kenneth Wolf,alexander87@example.org,Midwest,Regular,2023-02-19
C03126,Frederick Ramos,charles00@example.org,Southwest,Regular,2023-11-12
C03127,Scott Ramirez,jennifercollins@example.net,Southwest,Regular,2022-07-08
C03128,Kevin Bowen,thomasburnett@example.net,Midwest,Regular,2022-09-28
C03129,Gregory Boyle,mark74@example.com,Midwest,New,2023-10-13
C03130,Angela Gray,jessecortez@example.net,Southeast,Regular,2022-11-03
C03131,Kaitlin Jennings,caroline43@example.net,Northeast,New,2022-06-02
C03132,Aaron Smith,luis12@example.org,Northeast,Regular,2024-07-30
C03133,Monica Jones,andreerickson@example.com,Southwest,Regular,2023-06-08
C03134,Harold Jones,smithtraci@example.net,Southwest,New,2022-10-25
C03135,Diane Francis,jason12@example.net,West,Regular,2023-09-17
C03136,Jonathan Douglas,dustin20@example.com,Southeast,Regular,2023-11-18
C03137,Louis Oliver,mitchelltodd@example.com,Northeast,Regular,2024-04-03
C03138,Javier Smith,barkerrobert@example.org,Southeast,New,2024-01-26
C03139,Kenneth Thompson,qharmon@example.org,West,Regular,2022-11-27
C03140,Robert Rasmussen,robinsonjared@example.org,Southwest,Regular,2024-09-06
C03141,Phillip Morgan,zadams@example.org,Northeast,New,2023-10-13
C03142,Jesus Sims,catherine58@example.net,West,Regular,2022-07-20
C03143,Lindsey Singleton,savagedaniel@example.net,Southwest,Regular,2024-05-14
C03144,Holly Torres,wangmichael@example.com,Northeast,Regular,2022-08-15
C03145,Nicholas Martin,davidgreen@example.org,Midwest,Regular,2023-07-05
C03146,Jacqueline White,martin96@example.org,Southeast,Regular,2022-01-07
C03147,Robert Nguyen,robbinsbrandon@example.org,Northeast,Regular,2024-02-20
C03148,Alexander Miller,hubbardangela@example.com,West,Regular,2024-01-13
C03149,Jessica Mason,caitlin75@example.net,Southwest,Regular,2024-02-08
C03150,Tina Rogers,adam19@example.net,Southeast,Regular,2024-03-11
C03151,Brian Harrell,wulogan@example.org,Midwest,Regular,2024-07-19
C03152,Lindsay Bates,amandaalexander@example.net,Southeast,Regular,2022-03-27
C03153,Maria Reed,zgonzales@example.net,Southwest,Regular,2022-03-04
C03154,Christy Fleming,matthew19@example.com,Southeast,Regular,2023-06-28
C03155,Mike Cooper,carly09@example.com,Northeast,Regular,2022-11-09
C03156,Melissa Butler,manuelharris@example.org,Midwest,Regular,2023-05-27
C03157,Justin Mcgee,richardwolfe@example.com,Southeast,Regular,2023-06-23
C03158,Daniel Thompson,harrelldonna@example.com,Southeast,Regular,2024-10-26
C03159,Mark Jimenez,waltersjonathan@example.net,Southeast,New,2024-01-25
C03160,Tami Garcia,hmendez@example.org,West,Regular,2024-09-02
C03161,John Clark,wilsontony@example.net,West,New,2023-03-08
C03162,Sarah Ibarra,connie65@example.org,West,Regular,2023-12-30
C03163,Darius Faulkner,annemiller@example.org,Northeast,Regular,2024-12-12
C03164,Jennifer Black,edward29@example.org,Southwest,VIP,2023-07-12
C03165,Robert Nunez,marc80@example.org,Northeast,Regular,2023-10-12
C03166,Brian Campbell,georgemcdaniel@example.org,Midwest,Regular,2023-01-29
C03167,Gina Boone,ncampos@example.com,West,VIP,2023-07-07
C03168,Timothy Smith,michael84@example.org,Southwest,Regular,2024-04-01
C03169,Maria Price,mckaychristopher@example.net,Southeast,New,2024-09-06
C03170,Brenda Wall,anthony83@example.net,West,Regular,2024-01-30
C03171,Emily Sanders,luceromichelle@example.net,Midwest,Regular,2022-03-17
C03172,Kevin Byrd,savagezachary@example.org,Northeast,Regular,2022-02-17
C03173,Amanda Joseph,valerie32@example.org,Northeast,New,2022-11-24
C03174,Elizabeth Potts,henrybuck@example.net,Midwest,At-Risk,2022-01-15
C03175,Jeffrey Jones,jack79@example.org,Southwest,Regular,2024-06-22
C03176,Teresa Grant,bpatel@example.net,Southeast,VIP,2023-11-12
C03177,Neil Peters,kevin83@example.com,Southeast,Regular,2024-03-12
C03178,David Mejia,andrewjensen@example.net,Southeast,Regular,2022-10-14
C03179,Krystal Andrews,fevans@example.com,Midwest,Regular,2024-08-13
C03180,Travis Villa,ramirezmichelle@example.net,West,Regular,2023-03-09
C03181,Peter Simon,joannaeverett@example.org,Southeast,Regular,2022-10-26
C03182,Aaron Chambers,qhodge@example.org,Southeast,At-Risk,2024-12-16
C03183,Michael Montgomery,sarah92@example.org,West,Regular,2022-02-07
C03184,Jennifer Martinez MD,bmitchell@example.net,Southwest,At-Risk,2022-07-21
C03185,Monique Bennett,chapmansharon@example.com,West,Regular,2024-10-18
C03186,Tom Burton,tammyconner@example.com,West,Regular,2024-04-14
C03187,Traci Miller,matthewmedina@example.net,West,Regular,2023-04-21
C03188,Charles Barnes,timsanchez@example.org,Northeast,Regular,2022-04-26
C03189,Deborah Jefferson,justinshelton@example.org,Midwest,New,2022-04-20
C03190,Steve Mccall,mossjudy@example.com,Midwest,Regular,2024-10-19
C03191,John Fields,mcdanieldawn@example.org,Midwest,Regular,2024-08-22
C03192,Mark Quinn,xsolis@example.org,Southwest,Regular,2022-06-03
C03193,David Dominguez,pamela49@example.com,West,Regular,2024-08-11
C03194,Albert Gordon,shawjodi@example.org,West,New,2022-08-03
C03195,Crystal Lewis,kathryncarter@example.org,Southeast,Regular,2024-08-18
C03196,John Lawrence,barnesmichele@example.org,Southeast,Regular,2022-06-16
C03197,Julia Jones,gary22@example.com,Southwest,Regular,2024-09-02
C03198,Daniel Reyes,bryanjohn@example.com,West,Regular,2022-06-27
C03199,Brian Miller,lisa60@example.net,Southwest,VIP,2022-07-16
C03200,Arthur Frost,debra15@example.com,Southwest,Regular,2022-08-28
C03201,Richard Hester,ojones@example.com,West,Regular,2022-05-23
C03202,Michelle Lee,mary13@example.net,Northeast,Regular,2022-08-20
C03203,Patrick Young,martinezcrystal@example.net,Northeast,Regular,2023-04-03
C03204,Mr. Donald King,annmcdowell@example.com,West,VIP,2024-04-12
C03205,Jennifer Becker,colemanronald@example.org,Midwest,Regular,2023-04-23
C03206,Rebecca Owens,youngmelissa@example.net,Southeast,Regular,2024-11-19
C03207,Paula Tran,frazieranthony@example.org,Midwest,New,2023-07-23
C03208,William Marshall,francesjackson@example.org,Midwest,Regular,2022-04-08
C03209,Stephanie Price,joan43@example.com,Midwest,At-Risk,2022-06-17
C03210,Debra Brown,bellkevin@example.net,West,Regular,2023-12-07
C03211,Erik Walker,elizabeth50@example.net,West,Regular,2022-01-13
C03212,Joseph Sanchez,ccasey@example.net,Northeast,Regular,2022-08-30
C03213,Anthony Martinez,bgibson@example.net,Southeast,At-Risk,2022-03-22
C03214,Michael Brennan,tina29@example.net,Southwest,New,2023-03-16
C03215,Amber Krueger,keithwilliams@example.net,Northeast,Regular,2023-07-12
C03216,Maurice Smith,wangtony@example.net,West,Regular,2023-01-27
C03217,Richard King,steven35@example.com,Northeast,Regular,2023-11-12
C03218,Steve Scott,uwashington@example.com,Southwest,Regular,2024-02-07
C03219,Curtis Anderson,david92@example.com,Northeast,Regular,2022-02-06
C03220,Craig Serrano,rogersnichole@example.net,Southeast,VIP,2023-05-26
C03221,Daniel Wilson,qharper@example.org,Southwest,Regular,2022-04-15
C03222,William Saunders,croman@example.org,Southeast,Regular,2023-10-24
C03223,Samantha Jones,davidthomas@example.net,West,New,2022-09-26
C03224,Gary Young,johnsonkerry@example.net,Midwest,Regular,2022-01-07
C03225,Veronica Johnson,scarroll@example.com,Midwest,New,2023-12-10
C03226,Alexander Mcdonald III,wilsonsamuel@example.net,Southeast,Regular,2024-03-03
C03227,Chelsey Martin,john84@example.org,Southwest,Regular,2022-03-11
C03228,Christopher Thompson,kochmark@example.com,Southeast,Regular,2024-09-30
C03229,Autumn Walters,rwatkins@example.org,Southeast,VIP,2024-02-27
C03230,Lindsey Campbell,mariajones@example.net,Northeast,Regular,2022-03-08
C03231,Jasmine Williamson,kmoore@example.net,West,Regular,2022-05-18
C03232,Eric Smith,johnathanbradley@example.net,Northeast,At-Risk,2024-12-25
C03233,Brian Black,jenniferchavez@example.com,Southwest,Regular,2022-04-18
C03234,Nancy Garcia,awilliams@example.org,Southeast,New,2024-11-02
C03235,Lisa Jones,thomashoward@example.com,Southwest,At-Risk,2023-05-20
C03236,Alexandra Lewis,wcarroll@example.org,Northeast,Regular,2022-08-18
C03237,Joy Meyers,laura28@example.com,Northeast,Regular,2022-10-19
C03238,William Shah,dbrooks@example.net,Southeast,Regular,2022-04-28
C03239,John Sims,john54@example.net,Midwest,Regular,2024-04-09
C03240,Sarah Mason,carloswilson@example.net,Southwest,Regular,2022-12-23
C03241,Richard Villarreal,qmartinez@example.com,Southeast,Regular,2022-12-28
C03242,Ashley Henry,jamescrane@example.net,Midwest,Regular,2022-09-26
C03243,Brandon Wilson,ledwards@example.org,Northeast,Regular,2023-09-30
C03244,Jay Cruz,jason24@example.org,West,Regular,2024-12-19
C03245,David Collins,lbrown@example.com,Northeast,VIP,2023-04-24
C03246,Bryan Cook,amber29@example.net,Northeast,Regular,2023-07-19
C03247,Charles Martin,joejohnson@example.com,West,New,2022-05-28
C03248,John Wagner,andrew00@example.com,Southeast,Regular,2024-07-02
C03249,Jennifer Marshall,drose@example.com,Southwest,Regular,2024-03-28
C03250,Dr. Jimmy Mcdaniel,danielle28@example.org,West,Regular,2022-07-16
C03251,Robert Haley,alanphillips@example.net,Midwest,Regular,2023-07-27
C03252,Norma Gray,greenamy@example.net,Southeast,Regular,2022-11-27
C03253,Anthony Santiago,jmurphy@example.org,Midwest,At-Risk,2022-09-07
C03254,Nicholas Castillo,debragutierrez@example.com,Southeast,Regular,2022-04-08
C03255,James Guerra,dholmes@example.org,Southwest,Regular,2024-10-28
C03256,Dustin Kennedy,charlesschmitt@example.org,West,Regular,2023-03-07
C03257,Renee Owen,jgalvan@example.org,Southeast,New,2024-02-02
C03258,James Nguyen,rmeyer@example.com,West,Regular,2022-11-26
C03259,James Hansen,jonathangraham@example.com,Southeast,Regular,2022-11-02
C03260,Christopher Valencia,alexandra64@example.net,Southwest,Regular,2022-04-07
C03261,Mrs. Jessica Gordon,jward@example.com,West,VIP,2024-06-21
C03262,Megan Rogers,mchristian@example.org,Southwest,Regular,2024-01-15
C03263,Elizabeth Carroll,paul06@example.net,Southeast,Regular,2022-07-16
C03264,Justin Huff,noahscott@example.org,Southwest,Regular,2023-09-30
C03265,Dennis Mcpherson,karen91@example.net,Southeast,Regular,2024-02-06
C03266,Renee Coleman,jenniferlynn@example.com,Northeast,Regular,2024-11-11
C03267,Felicia Simmons,christinasimon@example.net,Northeast,Regular,2024-10-10
C03268,Karen Keller,ashley87@example.org,Midwest,New,2022-07-28
C03269,Crystal Jones,savannahrodriguez@example.com,Midwest,VIP,2023-01-29
C03270,Donna Hoover,maria64@example.org,Southeast,Regular,2024-03-31
C03271,Lisa Schmidt,baldwinkarla@example.com,Midwest,Regular,2022-03-28
C03272,Adam Mccarthy,scottharris@example.org,Southeast,New,2023-01-29
C03273,Randy Williams,nmyers@example.com,West,Regular,2022-02-10
C03274,George Perry,fjohnson@example.net,Midwest,New,2024-04-16
C03275,Andrew Brandt,colonsandra@example.com,Northeast,Regular,2024-01-11
C03276,James Bell,rnorton@example.org,Southeast,Regular,2022-09-03
C03277,Kevin Frederick,jerry56@example.com,Southwest,Regular,2023-09-30
C03278,Rebecca Gonzales,qdavis@example.net,Southwest,New,2023-04-04
C03279,Christina Freeman,sheilayang@example.net,Southeast,Regular,2022-02-01
C03280,Cassie Sanders,gpena@example.com,Southwest,VIP,2024-10-28
C03281,Lori Hopkins,opatterson@example.org,Midwest,Regular,2023-02-15
C03282,Kevin Miller,cgonzales@example.com,Midwest,Regular,2024-02-27
C03283,Courtney Casey,bjones@example.net,Southwest,Regular,2022-10-06
C03284,April Thompson,twalker@example.org,Southwest,At-Risk,2024-11-07
C03285,Tony Hernandez,kimchelsey@example.org,Southeast,Regular,2024-12-26
C03286,Jessica Joseph,hsmith@example.org,Northeast,Regular,2022-01-31
C03287,Dr. Thomas Davis MD,ericbrown@example.org,Northeast,New,2024-03-13
C03288,Jerry Le,christopher28@example.com,Southeast,Regular,2022-02-28
C03289,Patricia Richardson,camerongarcia@example.org,Southeast,Regular,2022-02-08
C03290,Barbara Novak,maria63@example.org,West,Regular,2024-05-09
C03291,Steven Edwards,ttaylor@example.net,Southwest,Regular,2022-04-28
C03292,Robert Garcia,amysimmons@example.net,Southeast,Regular,2024-01-15
C03293,Barbara Clark,ywarner@example.com,Midwest,Regular,2024-11-18
C03294,Joseph Williams,toddhines@example.com,Midwest,Regular,2023-01-14
C03295,Grace Schneider,gregory33@example.net,Southeast,At-Risk,2023-02-07
C03296,Shawn Snyder,christopher82@example.net,Southwest,Regular,2024-11-19
C03297,Anthony Robinson,maryreed@example.com,Southwest,Regular,2022-05-27
C03298,Lauren Elliott,stewartluis@example.net,Northeast,Regular,2022-06-16
C03299,Denise Webb,jessicasaunders@example.com,Southeast,New,2023-07-02
C03300,Terry Phillips,danielwilliams@example.com,Southeast,Regular,2024-07-13
C03301,Wendy Decker,kenneth94@example.com,Southeast,Regular,2022-01-13
C03302,William Jensen,theresa25@example.org,Midwest,Regular,2024-03-05
C03303,Sara Powell,brice@example.net,Midwest,Regular,2022-08-03
C03304,Nicole Perkins,nelsonkathryn@example.com,Northeast,Regular,2022-07-02
C03305,Justin Cruz,michaelsmith@example.net,Southeast,At-Risk,2023-12-24
C03306,Henry Vega,omiller@example.net,West,At-Risk,2023-08-26
C03307,John Gross,allenjames@example.com,Midwest,Regular,2023-03-27
C03308,Brian Schaefer,dbutler@example.com,West,New,2023-04-26
C03309,Timothy Clark,adamhall@example.com,Midwest,VIP,2023-02-01
C03310,Laurie Stevens,tony55@example.net,Southwest,New,2024-07-12
C03311,Taylor Noble,fwilliams@example.org,Southwest,Regular,2022-06-17
C03312,Brittany Mcgee,michelle39@example.net,Southwest,Regular,2023-06-07
C03313,Lorraine Ford,khanjasmine@example.org,Midwest,Regular,2023-07-05
C03314,Jacob Williamson,james36@example.net,Midwest,Regular,2022-12-01
C03315,Natalie Ryan,linda83@example.net,Southwest,Regular,2022-10-19
C03316,Robert Snyder,ygomez@example.net,West,Regular,2023-12-14
C03317,John Bradley,brooke86@example.com,Northeast,VIP,2022-10-13
C03318,John Blankenship,fhays@example.net,Southeast,Regular,2024-06-18
C03319,Julie Phillips,jacob70@example.net,Midwest,Regular,2024-10-06
C03320,Laura Morris,reillyabigail@example.org,Southeast,Regular,2024-06-25
C03321,Clifford Oneill,daviscarlos@example.org,Midwest,Regular,2024-08-20
C03322,Brenda Flores,bburke@example.com,Southwest,Regular,2023-12-17
C03323,Diane Casey,samanthamadden@example.org,Northeast,VIP,2024-09-04
C03324,Laura Wright,stephenhartman@example.org,Southwest,Regular,2022-06-21
C03325,Andrea Grant,loriking@example.net,Southeast,New,2024-09-25
C03326,Nicole Molina,wesley57@example.com,Southwest,New,2023-07-30
C03327,Michael Wells,fisherdaniel@example.org,Southwest,New,2024-05-21
C03328,Brandy Alexander,wendy65@example.org,Midwest,Regular,2024-12-14
C03329,Laura Summers,derek80@example.com,West,Regular,2024-03-03
C03330,Antonio Braun,larnold@example.com,Southwest,Regular,2023-07-17
C03331,Amy Harrison,davenportmary@example.org,Midwest,Regular,2023-03-07
C03332,Tracy Lee,fcastro@example.net,West,Regular,2024-06-19
C03333,Monica Alvarado,ugonzalez@example.org,West,Regular,2024-03-22
C03334,Cameron Lane,kempjason@example.net,Southwest,Regular,2022-05-25
C03335,David Wood,hudsonlee@example.com,Midwest,Regular,2023-10-02
C03336,David Padilla,leah23@example.net,Midwest,Regular,2022-06-27
C03337,Eric Brown,nancy78@example.org,Northeast,Regular,2023-03-04
C03338,Vanessa Richardson,vcampbell@example.org,Southwest,At-Risk,2024-10-27
C03339,Robin Freeman,uperkins@example.com,West,VIP,2023-01-27
C03340,Joseph Mitchell,lmullen@example.org,Northeast,VIP,2023-10-23
C03341,Laura Johnson,donaldeverett@example.org,Northeast,VIP,2023-11-25
C03342,Gerald Maldonado,aharrison@example.com,Southeast,Regular,2022-03-23
C03343,Jason Wise,sandrapayne@example.net,Southwest,Regular,2022-02-23
C03344,Alicia Martin,leroy94@example.net,West,Regular,2022-10-10
C03345,Steven Bennett,lauren81@example.com,Southwest,Regular,2023-09-02
C03346,Michael Bryant,rperry@example.org,Southwest,Regular,2023-08-02
C03347,Stephen Freeman,tamaramckenzie@example.com,Southeast,Regular,2023-09-20
C03348,Patricia Knox,kimtimothy@example.net,Northeast,New,2024-01-14
C03349,Crystal Guerrero,anthonyhensley@example.net,Northeast,Regular,2023-02-28
C03350,Eric Norris,anne35@example.com,Northeast,Regular,2022-06-27
C03351,Cynthia Martinez,laurajohnson@example.org,Southwest,New,2022-05-19
C03352,Lori Bryant,robertseric@example.org,West,Regular,2022-09-21
C03353,Kenneth Clark,abbottpaula@example.org,Northeast,At-Risk,2022-11-23
C03354,Stephanie Delgado,baileydonna@example.com,West,New,2022-03-27
C03355,Madison Weiss,johnwilson@example.com,Southeast,Regular,2023-11-07
C03356,Michael Thomas,loriroberts@example.net,Southwest,VIP,2023-01-16
C03357,Michelle Barnes,dpittman@example.com,Midwest,Regular,2023-08-07
C03358,Emily Ho DVM,ashleyclark@example.net,West,Regular,2022-05-01
C03359,Whitney Hayes,jonesjoseph@example.org,Northeast,Regular,2023-09-29
C03360,Holly Khan,courtneyjohnston@example.com,Southeast,Regular,2022-01-10
C03361,Kristen Romero,sparker@example.com,Southeast,Regular,2022-06-19
C03362,Daniel Wilson,sherrivasquez@example.net,Southwest,New,2022-07-19
C03363,April Mcdonald,astark@example.com,Northeast,Regular,2024-08-30
C03364,David Hicks,johnsonmelissa@example.org,West,Regular,2022-07-15
C03365,Timothy Davis,donaldaustin@example.net,Southeast,VIP,2023-02-27
C03366,Debra Farley,stevenskimberly@example.com,Southeast,Regular,2023-01-25
C03367,Penny Campbell,susan40@example.org,Midwest,At-Risk,2023-03-24
C03368,Justin Randolph,hsolis@example.com,West,Regular,2022-04-23
C03369,Holly Peterson,nealrobin@example.org,Southwest,Regular,2023-02-02
C03370,Charles Beard,williamfleming@example.org,Northeast,New,2023-04-04
C03371,Ryan Kim,francisco06@example.org,Southeast,Regular,2022-03-14
C03372,David Robinson,brettbrown@example.net,West,Regular,2024-09-20
C03373,Kelly Reid,charlotte74@example.org,West,Regular,2024-11-22
C03374,Carolyn Howell,gregory17@example.com,Midwest,Regular,2023-07-02
C03375,Richard Adams,drew88@example.net,Southeast,Regular,2024-07-21
C03376,Tracey Jackson,thomas27@example.com,Southwest,Regular,2023-08-15
C03377,Alicia Ramirez,stephenholmes@example.com,Northeast,Regular,2024-12-09
C03378,Kristin Jefferson,jamie89@example.net,Southwest,At-Risk,2024-01-18
C03379,Christopher Moore,brenda95@example.org,Northeast,Regular,2023-10-09
C03380,Gregory Zimmerman,walkerkevin@example.net,Southeast,Regular,2023-01-29
C03381,Patricia Wolfe,george31@example.net,West,Regular,2024-05-24
C03382,Brian Ramos,jefferymoreno@example.org,Southwest,Regular,2024-08-17
C03383,Mary Singh,lisasilva@example.org,Southwest,New,2023-01-17
C03384,John Romero,carrolldaniel@example.net,Northeast,New,2023-02-06
C03385,Edwin Lozano,ebrown@example.org,Southeast,Regular,2024-03-05
C03386,Michael Clark,david75@example.org,Southwest,Regular,2022-03-29
C03387,Ann Compton,kristysmith@example.net,Midwest,Regular,2022-03-04
C03388,Ashley Thomas,hernandezmark@example.org,Midwest,Regular,2023-08-26
C03389,Zachary Rangel,johnwang@example.org,Southeast,Regular,2024-12-22
C03390,Lisa Wells,bethanyfisher@example.net,West,At-Risk,2024-04-25
C03391,Shawn Daniels,floresjohn@example.com,Southwest,Regular,2022-06-28
C03392,Brad Vargas,paulawilliams@example.org,Southeast,Regular,2024-12-22
C03393,Christine Taylor,megan37@example.net,Northeast,VIP,2024-12-16
C03394,Jaime Bowman,zhuber@example.org,Midwest,Regular,2022-05-15
C03395,Chad Davis,toddking@example.com,West,Regular,2024-02-08
C03396,Miguel Young,bassmichael@example.com,Southwest,At-Risk,2022-09-03
C03397,Amy Cole,janicewhitehead@example.net,West,Regular,2024-05-16
C03398,Rachel Wilson,devinhudson@example.com,Northeast,Regular,2024-04-13
C03399,Anthony Perez,patricia32@example.com,Midwest,New,2024-07-24
C03400,Andrea Mclaughlin,virginiamyers@example.org,Southeast,Regular,2022-10-17
C03401,Rachel Randolph,malonetheodore@example.com,Southwest,VIP,2023-05-08
C03402,Peter Jackson,charles36@example.org,Midwest,Regular,2022-01-08
C03403,Dustin Jones,zthompson@example.net,Northeast,Regular,2023-04-22
C03404,John Hines,lindalopez@example.com,Southwest,Regular,2022-04-18
C03405,Alexis Anderson,huffchristopher@example.org,Southeast,Regular,2022-12-07
C03406,Taylor Bennett,kerrtodd@example.net,Southwest,New,2022-09-30
C03407,Patricia Williams,brian95@example.net,Southeast,New,2024-06-15
C03408,Billy Wu,charles32@example.com,Southeast,Regular,2023-08-10
C03409,Morgan Nelson,wheelerkelly@example.net,Midwest,At-Risk,2022-08-02
C03410,Yolanda Ellis,kevin50@example.org,Southeast,Regular,2023-10-18
C03411,Deborah Miller,sherrythompson@example.com,West,Regular,2022-12-12
C03412,Brian Munoz,michelerichardson@example.net,Southwest,Regular,2024-12-15
C03413,Vanessa Little,pjones@example.org,Midwest,Regular,2023-05-22
C03414,Janet Stephens,jennifer87@example.net,West,Regular,2023-06-06
C03415,Dr. Roger Peterson,lacosta@example.org,Southeast,At-Risk,2022-08-13
C03416,David Lewis,cindy25@example.net,Northeast,Regular,2023-01-13
C03417,Robert Hill,xwarren@example.net,West,Regular,2024-11-17
C03418,Timothy Buckley,tammy81@example.org,Midwest,Regular,2022-02-23
C03419,Kristi Castro,halljulie@example.org,West,VIP,2022-11-25
C03420,Justin Whitney,taralynch@example.org,Midwest,New,2022-08-06
C03421,Lori King,emartin@example.net,West,Regular,2024-09-10
C03422,Joshua Hernandez,melissa61@example.com,Midwest,Regular,2023-07-14
C03423,Dana Sanchez,trevor00@example.com,Midwest,Regular,2022-09-07
C03424,Amy Fisher,kenneth27@example.com,Southwest,Regular,2023-06-29
C03425,Ashley Salazar,smcbride@example.org,Southeast,Regular,2022-06-03
C03426,Sharon Roberts,donaldalvarez@example.org,West,Regular,2023-11-09
C03427,Susan Rios,jeffrey73@example.com,West,Regular,2023-01-28
C03428,Jeffery Schroeder,jessicabowen@example.com,Midwest,New,2022-04-26
C03429,Richard Pratt,wolfesara@example.com,Midwest,Regular,2023-10-27
C03430,Richard Coleman,lancebarnes@example.net,Southeast,Regular,2024-01-26
C03431,Stacie Dennis,dennisnguyen@example.com,Southwest,Regular,2024-05-24
C03432,Lisa Murillo,aliciathompson@example.net,Southeast,Regular,2022-06-10
C03433,Erin Martinez,mmonroe@example.org,Southeast,VIP,2024-05-05
C03434,Jonathan Bryant,eric00@example.net,Southeast,Regular,2022-07-12
C03435,David Hayes,crystalwhite@example.org,Midwest,Regular,2022-12-28
C03436,Gary Young,stephanie14@example.net,West,Regular,2023-01-11
C03437,Jacob Little,ghamilton@example.org,Southwest,Regular,2022-02-13
C03438,William Roman,ryankoch@example.net,West,Regular,2024-05-31
C03439,Mrs. Allison Nixon,dylannorman@example.com,Northeast,Regular,2023-03-09
C03440,Steven Solomon,hector79@example.org,Midwest,At-Risk,2024-01-25
C03441,Joshua Erickson,holmeschristina@example.com,Southwest,Regular,2023-11-01
C03442,Leslie Baker,wjohnson@example.org,West,VIP,2022-06-27
C03443,Leslie Payne,kdickerson@example.net,Southwest,New,2023-02-11
C03444,Jillian Mitchell,brownpaul@example.org,West,Regular,2024-06-04
C03445,Wendy Wu,garciaalyssa@example.com,Northeast,Regular,2022-06-08
C03446,Carrie Lawrence,amanda82@example.net,Midwest,Regular,2024-10-07
C03447,Kathleen Mendez,bhuff@example.com,Southeast,Regular,2023-08-29
C03448,Sarah Jimenez,danielevans@example.org,Midwest,Regular,2023-10-09
C03449,Sheila Benson,vle@example.org,Northeast,New,2023-10-01
C03450,Crystal Walsh,natalie05@example.com,Southeast,New,2024-11-29
C03451,Janet Chavez,owhite@example.net,Midwest,New,2022-04-18
C03452,Dominique Vaughan,matthewjensen@example.net,West,Regular,2024-05-05
C03453,Jesse Davis,tsmith@example.org,Southeast,Regular,2024-11-11
C03454,Thomas Leonard,marshallsamantha@example.com,Southwest,Regular,2023-07-08
C03455,Derek Harper,boylemary@example.org,West,Regular,2022-10-29
C03456,Alicia Martin,garygarcia@example.net,Northeast,VIP,2023-08-12
C03457,Samantha Robinson,richard16@example.com,Midwest,Regular,2024-07-06
C03458,Jesse Wilson,jeffreyhall@example.org,Midwest,Regular,2024-02-26
C03459,Robert Lyons,gabriellasmith@example.org,Southwest,Regular,2022-01-18
C03460,Paul Morales,kennethlane@example.org,Southeast,At-Risk,2022-04-08
C03461,Terri Bright,simonautumn@example.net,Midwest,Regular,2022-10-01
C03462,Kristen White,uhowe@example.org,Northeast,At-Risk,2024-08-27
C03463,Vickie Flynn,troygonzalez@example.com,West,Regular,2023-02-05
C03464,Lisa Fuller MD,moodylynn@example.net,West,Regular,2024-09-16
C03465,Shelia Hart,johnathananderson@example.net,Southwest,At-Risk,2024-08-09
C03466,Kayla Thompson,deanjeff@example.net,Southeast,Regular,2022-12-08
C03467,Heather Moore,johnny30@example.org,Southwest,At-Risk,2023-02-16
C03468,Ryan Garcia,eric09@example.net,Midwest,Regular,2022-06-03
C03469,Joshua Barnett,rmunoz@example.net,Southeast,New,2024-08-17
C03470,Pamela Johnson,xmoon@example.org,Southeast,New,2022-03-13
C03471,Gregory Gordon,debra65@example.org,Southwest,Regular,2023-01-10
C03472,Natasha Jackson,pleon@example.net,Midwest,At-Risk,2023-04-16
C03473,Molly Olson,harry81@example.org,Northeast,New,2022-01-21
C03474,Katherine Walsh,nicholsonjason@example.net,Southeast,Regular,2023-11-03
C03475,Melissa Graham,jon48@example.org,Southeast,Regular,2024-08-30
C03476,Thomas Davila,rachelscott@example.com,West,New,2024-07-22
C03477,Melissa Moore,michelle43@example.org,West,VIP,2023-09-13
C03478,Ryan Graves,rmoore@example.net,Southwest,Regular,2024-07-16
C03479,Kaitlyn Lane,uholmes@example.com,West,Regular,2022-10-28
C03480,Christopher Long,misty79@example.org,West,Regular,2024-07-18
C03481,Glen Figueroa MD,gardnerwanda@example.com,West,VIP,2024-07-24
C03482,Eric Johnson,perryalbert@example.com,West,Regular,2024-12-12
C03483,Joshua Mccarthy,erica18@example.com,Southeast,At-Risk,2023-10-15
C03484,William Simmons,zwilliams@example.com,Midwest,Regular,2024-08-17
C03485,Larry Stewart,dlopez@example.net,Midwest,Regular,2022-02-19
C03486,Donna Wilson,frankthomas@example.org,Southwest,Regular,2022-08-16
C03487,Katelyn Price,heather17@example.com,Southeast,Regular,2022-08-28
C03488,Sheila Kennedy,garylyons@example.org,Southeast,Regular,2022-10-04
C03489,Jorge Mata,vmcgee@example.com,Midwest,Regular,2022-07-06
C03490,Charles Floyd,abbottbryce@example.com,Southwest,New,2022-10-18
C03491,Peter Miller,melissa57@example.org,West,Regular,2023-02-26
C03492,Lauren Lester,marie11@example.net,Northeast,Regular,2022-02-27
C03493,Mark Moore,michellebrown@example.net,Midwest,VIP,2022-07-01
C03494,Greg Adams,markyang@example.org,West,Regular,2023-08-30
C03495,Hailey Coffey,georgewashington@example.net,West,Regular,2022-01-17
C03496,Michelle Stanley,dturner@example.org,Northeast,New,2023-01-20
C03497,Timothy Chan,jacob01@example.org,Midwest,New,2023-01-27
C03498,Gary Mitchell,elizabethcollier@example.com,Midwest,Regular,2023-02-03
C03499,Destiny Martinez,steven32@example.net,Southeast,New,2022-01-11
C03500,Kevin Williams,alexander91@example.com,Southeast,Regular,2023-04-07
C03501,Diane Bates,patricia73@example.com,Midwest,Regular,2022-04-30
C03502,Anna Jackson,lsexton@example.com,West,Regular,2023-07-26
C03503,Heather Mays,hwheeler@example.net,Southeast,At-Risk,2024-05-03
C03504,Mr. Jose Goodman,woodtraci@example.net,Southeast,Regular,2024-06-13
C03505,Cathy Humphrey,trevororr@example.net,Southeast,Regular,2022-01-03
C03506,John Williams,peter40@example.net,Southwest,Regular,2024-08-26
C03507,Christine Hamilton,christina36@example.org,Northeast,New,2023-07-09
C03508,Mary Hall,julietran@example.org,West,Regular,2022-08-06
C03509,Sarah Collier,mackjoseph@example.org,Southwest,Regular,2023-07-19
C03510,James Williams,josephthomas@example.net,Midwest,Regular,2024-03-10
C03511,Andre Chavez,samantha68@example.net,West,Regular,2023-01-20
C03512,Marisa Reid,robertcollier@example.com,Southwest,Regular,2024-03-26
C03513,Jeremy Bradford,dana33@example.net,Northeast,Regular,2023-07-21
C03514,Lisa Hill,rodriguezsherri@example.net,Northeast,Regular,2022-08-06
C03515,Scott Martinez,iturner@example.com,Midwest,At-Risk,2022-09-07
C03516,Anna Gutierrez,danieljones@example.net,Southwest,At-Risk,2024-12-10
C03517,Desiree Weber,douglasgrimes@example.com,Southeast,New,2023-09-21
C03518,Julian Hall,emilymarks@example.org,West,Regular,2022-03-30
C03519,Steven Smith,timothy87@example.org,Southeast,Regular,2022-06-17
C03520,Maria Davis,laurenstrong@example.com,Midwest,Regular,2023-09-14
C03521,Brenda Mcbride,joshuamartin@example.net,Midwest,Regular,2024-04-19
C03522,Rita Harrison,wangjennifer@example.net,Southwest,Regular,2022-04-27
C03523,Travis Ibarra,heather96@example.net,Southeast,Regular,2022-01-04
C03524,Patrick Glover,alexandra88@example.net,West,New,2024-04-01
C03525,Robert Scott,villarrealjoseph@example.com,Northeast,Regular,2023-05-05
C03526,Ann Gray,lynnfoley@example.net,West,Regular,2024-11-09
C03527,Robin Smith,gonzalesronald@example.com,Southwest,Regular,2024-06-03
C03528,Robert Sanford,burnskimberly@example.net,West,Regular,2022-03-30
C03529,Kelsey Stephens,mdowns@example.net,Southwest,Regular,2022-07-21
C03530,Terry Anderson,jackielang@example.com,Southwest,Regular,2022-08-04
C03531,Rachel Patrick,lolson@example.net,Midwest,Regular,2023-08-01
C03532,Christie Poole,lisa24@example.org,Northeast,Regular,2023-06-10
C03533,Michelle Hoover,vlee@example.net,Southeast,Regular,2022-07-29
C03534,Joshua Olsen,rmyers@example.net,Northeast,Regular,2024-08-19
C03535,Kristina Herring,ashley66@example.net,West,New,2024-07-12
C03536,Michaela Dickson,adamsedward@example.com,Northeast,VIP,2022-09-14
C03537,Carolyn Mcgee,vazquezashley@example.org,Midwest,Regular,2022-07-17
C03538,Anthony Davis,hartsteven@example.com,West,Regular,2023-08-04
C03539,James Meyer,vbell@example.net,Southeast,Regular,2022-07-07
C03540,Bryan Gibson,rcampbell@example.org,Northeast,Regular,2024-06-10
C03541,Rachel Johnson,katie77@example.org,West,At-Risk,2023-08-25
C03542,Stephanie Pierce,gibbskenneth@example.org,West,Regular,2022-07-10
C03543,Sally Banks,williampearson@example.org,Southwest,Regular,2024-11-27
C03544,Robert Morales,irandall@example.org,Midwest,New,2024-07-16
C03545,Katherine Brown,hunternichole@example.org,West,Regular,2022-01-08
C03546,Richard Lopez,zgreen@example.org,Southwest,At-Risk,2024-01-14
C03547,Ashley Ruiz,jayjohnson@example.org,Northeast,Regular,2022-05-13
C03548,Craig Ferguson,yrichards@example.com,Midwest,Regular,2024-01-20
C03549,Jeremy Jones,efields@example.com,Midwest,Regular,2024-05-23
C03550,Jennifer Sanders,ythompson@example.com,Southeast,Regular,2023-04-12
C03551,Andre Jones,moranjerry@example.org,Southeast,Regular,2024-04-07
C03552,Miranda Brown,josephrodriguez@example.com,Northeast,At-Risk,2022-04-16
C03553,Juan Maldonado,raymond39@example.org,Southwest,Regular,2023-05-19
C03554,Kathryn Yu,hollyrobinson@example.com,West,New,2023-09-12
C03555,Steven Sharp,ariel00@example.com,West,Regular,2024-08-13
C03556,Danielle Sherman,parkercarrie@example.com,Southwest,Regular,2022-05-24
C03557,Melissa Wagner,james51@example.org,Southeast,Regular,2024-05-31
C03558,Heather Johnson,ryanramos@example.net,Midwest,Regular,2022-08-05
C03559,Samantha Dixon,amandajohnson@example.org,Northeast,New,2024-08-12
C03560,Randy Brown,hancockamanda@example.com,West,Regular,2023-06-21
C03561,Robin Cooper,kevinhart@example.com,Midwest,Regular,2024-04-25
C03562,Michael Ray,hendersonmichelle@example.net,Southwest,Regular,2024-06-13
C03563,William Smith,qgutierrez@example.com,Southwest,At-Risk,2024-07-12
C03564,Stephanie Waller,richard25@example.org,Midwest,Regular,2022-08-05
C03565,Jesus Palmer,jeremymontgomery@example.com,Southwest,Regular,2022-10-26
C03566,Rachel Lopez,dhenderson@example.net,Northeast,Regular,2023-10-18
C03567,Vickie Oneill,pamtucker@example.net,Midwest,At-Risk,2023-03-30
C03568,Walter Hensley,williamsaustin@example.org,Southwest,New,2023-09-06
C03569,Thomas Murphy,nicole07@example.com,Northeast,Regular,2023-11-30
C03570,Caitlin Chan,campbellkaren@example.com,Northeast,Regular,2022-02-11
C03571,Alexandra Horn,tbrown@example.com,Southeast,Regular,2022-12-20
C03572,Brittany Robinson,omorgan@example.org,Midwest,Regular,2024-10-27
C03573,Benjamin Harrington,natalie26@example.net,West,New,2024-03-06
C03574,Madison Davis,ortegaamy@example.net,Northeast,Regular,2022-02-23
C03575,David Carney,stevenwright@example.net,Southwest,Regular,2023-02-09
C03576,Kathleen Herrera,george03@example.org,Northeast,Regular,2024-03-17
C03577,Kristin Rogers,scottmartha@example.org,Southwest,Regular,2024-04-22
C03578,Robin Cox,melodybarrett@example.net,West,VIP,2023-06-12
C03579,Courtney Perkins,alan88@example.org,West,Regular,2022-11-01
C03580,Katherine Hernandez,ykirby@example.com,Northeast,Regular,2023-09-02
C03581,Thomas Sims,parsonsstephanie@example.com,Southeast,New,2022-09-23
C03582,Leonard Williams,matthewdavenport@example.net,Northeast,Regular,2024-07-25
C03583,Shelly French,dwaynekeller@example.com,Southeast,New,2022-09-18
C03584,Travis Pugh,mluna@example.com,West,Regular,2024-05-16
C03585,Willie Ward MD,owenrobert@example.net,Northeast,Regular,2022-01-21
C03586,Mark Sullivan,aguilarmariah@example.org,Southeast,Regular,2022-06-20
C03587,Steven Smith,johnmcdowell@example.org,Northeast,Regular,2022-07-23
C03588,Shirley Gould,jesusglass@example.net,Southeast,Regular,2024-06-14
C03589,Jeremy Luna,davidharris@example.net,Midwest,Regular,2024-01-04
C03590,Audrey Liu,andersondorothy@example.net,Northeast,Regular,2024-04-08
C03591,Joseph Webb,tfisher@example.net,West,Regular,2022-12-14
C03592,Katherine Thompson,fcrawford@example.com,West,Regular,2024-12-11
C03593,Marc Roberts,simpsonjennifer@example.net,Northeast,At-Risk,2024-12-02
C03594,Daniel Hood,cynthia73@example.org,Southwest,Regular,2023-03-12
C03595,Krista Frye,karengarcia@example.net,Midwest,Regular,2024-01-11
C03596,Troy Bartlett,ocollier@example.com,Southwest,Regular,2024-12-20
C03597,Lisa Robinson,stacey85@example.org,Midwest,Regular,2022-12-19
C03598,Charles Werner,michael88@example.net,Northeast,Regular,2023-06-06
C03599,Mark Bell,gloriamarshall@example.com,West,New,2023-06-13
C03600,David Dodson,jeffreysmith@example.org,Southeast,Regular,2023-10-10
C03601,Joshua Cuevas,ashleylee@example.com,Northeast,Regular,2022-12-31
C03602,Daniel Wilson,cookcindy@example.net,Midwest,VIP,2024-09-22
C03603,Mr. Michael Cox,jaguirre@example.com,Southeast,At-Risk,2024-06-24
C03604,Andrew Wilcox Jr.,jknight@example.org,West,New,2024-05-17
C03605,Autumn Brown,matthewbell@example.com,Midwest,Regular,2022-01-06
C03606,Eddie Green,serranoedward@example.com,West,Regular,2024-02-03
C03607,Leah Taylor,johnsonlance@example.net,Southwest,Regular,2022-08-25
C03608,Angela Green,sanderstyler@example.net,Midwest,Regular,2024-04-10
C03609,Karen Reilly,marvin35@example.org,Northeast,New,2024-07-10
C03610,Travis Parker,dorothykane@example.net,Southeast,Regular,2022-10-07
C03611,Bonnie Cunningham,shernandez@example.net,Midwest,Regular,2022-12-22
C03612,Caroline Brown,wanda78@example.org,Southeast,New,2024-12-12
C03613,Nathaniel Coleman,miranda86@example.org,Northeast,Regular,2023-07-26
C03614,Casey Hernandez,scottwilliam@example.org,West,Regular,2023-02-10
C03615,Laura Black,rgarcia@example.com,Midwest,Regular,2023-05-29
C03616,Peter Martinez,valdezleslie@example.org,Southwest,Regular,2024-11-19
C03617,David Perez,ehamilton@example.org,Midwest,At-Risk,2022-11-06
C03618,Justin Brown,usmith@example.com,Southeast,Regular,2024-10-28
C03619,Tracy Valdez,ahickman@example.net,Midwest,Regular,2023-02-07
C03620,David Roberson,darlene86@example.com,Northeast,Regular,2022-03-04
C03621,Holly Johnson,royderek@example.org,Southwest,Regular,2023-01-14
C03622,Breanna Rios,amy54@example.net,Northeast,Regular,2023-07-16
C03623,John Wright,vangshannon@example.com,Southwest,Regular,2023-11-28
C03624,Steve Solis,michelledixon@example.net,Northeast,Regular,2024-12-02
C03625,Teresa King,smithpatricia@example.com,Southeast,New,2022-09-23
C03626,Linda Johnson,april36@example.org,Northeast,At-Risk,2023-03-23
C03627,Amanda Gilbert,xmclean@example.org,Midwest,VIP,2023-05-03
C03628,Emily Barnes,danielcervantes@example.com,Midwest,New,2022-10-11
C03629,Frank Ayala,yweeks@example.net,West,Regular,2022-08-23
C03630,Marilyn Morrison,samantha30@example.com,Southwest,New,2022-08-27
C03631,April Richards,christopherwiley@example.net,Southeast,At-Risk,2024-06-08
C03632,Amy Taylor,paul42@example.org,Northeast,New,2023-01-03
C03633,Shelley Anderson,craig78@example.net,Midwest,Regular,2023-03-29
C03634,Mary Reynolds,mwatkins@example.net,Southwest,Regular,2024-06-08
C03635,Jennifer Miller,bglass@example.net,Northeast,Regular,2022-03-06
C03636,Christian Dunn,gloverchristina@example.net,West,Regular,2022-04-18
C03637,Courtney Armstrong,lisawhite@example.net,Southeast,At-Risk,2023-04-16
C03638,Linda Terry,jordan02@example.org,Southwest,At-Risk,2022-11-30
C03639,Molly Horton,tking@example.net,Southwest,VIP,2024-05-21
C03640,Victor Padilla,hbailey@example.net,Midwest,Regular,2024-11-19
C03641,Amy Lewis DDS,seanevans@example.org,Southwest,New,2022-09-27
C03642,Christopher Turner,veronica38@example.net,Northeast,At-Risk,2024-10-15
C03643,Mr. Louis Jones Jr.,michele32@example.com,Southwest,Regular,2024-05-26
C03644,Brittany Morgan,lee99@example.net,Northeast,Regular,2024-03-27
C03645,Samantha Brown,falexander@example.net,Midwest,New,2024-04-03
C03646,Caleb Sullivan,andrewwolfe@example.org,Southeast,Regular,2024-06-03
C03647,Bradley Saunders,lkelley@example.com,Southeast,At-Risk,2022-11-17
C03648,Melissa Gordon,sgomez@example.com,Northeast,At-Risk,2023-11-22
C03649,Wesley Hall,gary30@example.com,West,Regular,2022-09-13
C03650,Donald Robinson,kmarquez@example.net,Northeast,Regular,2023-05-14
C03651,Mallory Williams,swansonamanda@example.com,Northeast,Regular,2024-03-22
C03652,Frederick Kim,vasquezkimberly@example.net,Southeast,Regular,2024-06-19
C03653,Matthew Burke,patrick45@example.com,Midwest,Regular,2023-02-12
C03654,Holly Wilkinson,littlemegan@example.com,Southwest,Regular,2024-08-06
C03655,Joe Thompson,figueroajohnathan@example.net,Northeast,VIP,2023-03-24
C03656,Glenn Smith,kiara70@example.com,Southeast,VIP,2022-07-15
C03657,Sarah Beck,uwilliams@example.com,Midwest,Regular,2024-03-25
C03658,Cynthia Williams DVM,scampbell@example.org,Southwest,Regular,2024-09-05
C03659,Shawn Lewis,danderson@example.com,Southeast,Regular,2022-10-27
C03660,Stephanie Jenkins,lporter@example.com,Southwest,Regular,2022-09-26
C03661,Sonya Anthony,anthony46@example.net,Southwest,Regular,2024-07-17
C03662,Mr. Kenneth Ferrell,adamscarol@example.net,West,Regular,2024-12-17
C03663,Mary Perez,sydney58@example.com,Southwest,Regular,2023-06-19
C03664,Christy Park,oharper@example.com,Southeast,Regular,2022-07-19
C03665,Vanessa Wright,robinoliver@example.org,West,Regular,2023-09-09
C03666,Cody Alvarez,huffmaneric@example.com,West,Regular,2023-03-22
C03667,Kathryn Terry,amanda77@example.org,West,Regular,2022-04-30
C03668,Daniel Scott,michael77@example.org,Midwest,New,2023-07-14
C03669,Jennifer Wilson,hflores@example.net,Northeast,At-Risk,2022-11-17
C03670,Jennifer Spencer,logan92@example.com,West,Regular,2022-04-08
C03671,Roberto Mcgrath,swest@example.net,Northeast,Regular,2022-07-01
C03672,James Foster,torresmichelle@example.org,Northeast,Regular,2022-01-23
C03673,Norma Campbell,oibarra@example.com,Southwest,New,2022-04-16
C03674,Dawn Smith,evance@example.org,Midwest,Regular,2023-07-27
C03675,Kimberly Patterson,moranjeremy@example.com,Northeast,Regular,2022-04-16
C03676,Holly Dyer,michael87@example.org,West,Regular,2023-02-20
C03677,Michael Vasquez DDS,carneydarius@example.com,Southwest,At-Risk,2022-09-07
C03678,Charles Garcia,rodriguezdavid@example.net,Northeast,Regular,2023-08-11
C03679,Lisa Garcia,james21@example.com,West,Regular,2023-06-21
C03680,Timothy Anderson,linda07@example.com,Northeast,Regular,2022-06-09
C03681,Mason Johnson,tricia47@example.com,Southeast,Regular,2023-07-04
C03682,Laura Lutz,taylorzachary@example.net,West,Regular,2023-05-20
C03683,Mr. Louis Anthony,elizabeth79@example.org,West,Regular,2023-10-23
C03684,Charles Leonard DDS,vgallagher@example.com,Midwest,New,2022-10-29
C03685,Paul Jordan,dawn22@example.com,Southwest,Regular,2023-08-12
C03686,Samantha Frederick,junderwood@example.net,Northeast,Regular,2023-07-27
C03687,Stephen Noble,stevenevans@example.org,Northeast,Regular,2022-04-24
C03688,Nicholas Prince,reyesandrew@example.com,Southwest,Regular,2024-05-15
C03689,Mr. Samuel Butler,ncarpenter@example.com,Midwest,Regular,2022-05-02
C03690,Tyler Meadows,breweredwin@example.org,Southwest,Regular,2024-10-04
C03691,Suzanne Rodriguez,abigailroberts@example.net,Midwest,Regular,2023-08-16
C03692,Joe Bender,ballbreanna@example.org,West,At-Risk,2024-06-07
C03693,William Peterson,megan27@example.net,Southeast,New,2024-04-15
C03694,Donald Lewis,sierragonzalez@example.com,Midwest,Regular,2024-07-09
C03695,Matthew Durham,katrinagonzalez@example.org,Southeast,Regular,2023-09-30
C03696,Ryan Kemp,joshuawilliams@example.com,Midwest,New,2023-10-19
C03697,Angela Morrison,michael93@example.net,Northeast,At-Risk,2022-06-29
C03698,Mark Jones,valeriebrown@example.net,Northeast,Regular,2023-06-25
C03699,Claudia Johns,jonathangolden@example.org,Northeast,At-Risk,2023-06-12
C03700,Patricia Johnson,geraldsmith@example.net,Southwest,Regular,2023-11-04
C03701,William Moore,dgonzalez@example.net,West,Regular,2022-10-02
C03702,Julie Johnson,tonydavis@example.org,Midwest,Regular,2022-07-01
C03703,Pam Long,coopertami@example.org,Midwest,Regular,2022-03-07
C03704,Theresa Reynolds,brandi38@example.org,Midwest,Regular,2023-11-25
C03705,Michael Garcia,higginskenneth@example.org,West,Regular,2023-02-05
C03706,Martha Adams,meredithingram@example.net,Northeast,New,2024-01-14
C03707,John Hensley,parkerheather@example.com,Southeast,Regular,2023-09-21
C03708,Kevin Holmes,lowemarcus@example.org,Northeast,Regular,2022-07-08
C03709,Adam Douglas,gary54@example.org,West,Regular,2022-07-16
C03710,Cindy Cook,corey30@example.net,Southeast,Regular,2023-09-22
C03711,Angela Abbott,michael98@example.org,Southeast,Regular,2023-10-26
C03712,Toni Mcconnell,cynthia64@example.net,Northeast,Regular,2024-11-26
C03713,Michael Kirk,gthomas@example.net,Northeast,New,2024-02-11
C03714,Kaitlyn Evans,smithmichael@example.org,Southwest,Regular,2024-01-05
C03715,Heather Rivas,johnsoncheryl@example.net,Southwest,New,2024-07-23
C03716,Michelle Campbell,emilywilliams@example.com,West,Regular,2023-07-13
C03717,Adam Smith,amanda96@example.org,Southeast,New,2023-09-08
C03718,Donald Blackwell,lisa23@example.com,Northeast,Regular,2022-04-22
C03719,Shawn Mays,jenkinscarlos@example.net,West,Regular,2022-09-29
C03720,Brad Weiss,pamelaspears@example.net,West,Regular,2023-04-12
C03721,Jason Thomas,ashley21@example.net,Southwest,Regular,2024-06-15
C03722,John Hamilton,briannamiller@example.com,Southwest,Regular,2024-09-03
C03723,Alicia Caldwell,deanjackson@example.org,Southeast,VIP,2022-02-08
C03724,Joshua Ibarra,uhernandez@example.org,Northeast,Regular,2023-01-04
C03725,Rebecca Mccarthy DDS,ochambers@example.net,Midwest,VIP,2022-01-18
C03726,Ricardo Evans,janicedickerson@example.org,Southwest,Regular,2022-09-19
C03727,Pam Christensen,boyerscott@example.org,Southeast,Regular,2022-03-23
C03728,Robert Everett,yyoung@example.net,Southeast,Regular,2023-07-30
C03729,Darlene Harris,maloneandrew@example.net,Midwest,Regular,2024-09-11
C03730,Mrs. Heather Levy PhD,lisapalmer@example.net,Southeast,New,2024-08-10
C03731,Brandi Hopkins,jillmcmahon@example.org,West,Regular,2024-07-01
C03732,Brandon Williams,brandidaniels@example.org,Southeast,Regular,2022-10-04
C03733,Richard Kennedy,ojensen@example.net,Midwest,Regular,2023-05-07
C03734,Jonathan Conway,wardjimmy@example.com,Southwest,New,2024-12-15
C03735,Colleen Banks,carly14@example.org,Southeast,Regular,2022-09-05
C03736,Ryan Washington,mike91@example.net,West,Regular,2023-05-04
C03737,Eric White,andrew15@example.com,Southeast,New,2022-10-26
C03738,Michael Johnson,fperry@example.net,Northeast,At-Risk,2024-04-30
C03739,Julie Cherry,leonardjulian@example.net,Southwest,Regular,2024-01-27
C03740,Rodney Hancock,hernandezscott@example.org,West,At-Risk,2024-02-03
C03741,Melissa Garcia,curryjennifer@example.org,West,Regular,2024-01-22
C03742,Amy Miller,yrodriguez@example.net,Southeast,New,2023-04-03
C03743,Stephanie Bender,youngjason@example.com,Midwest,VIP,2022-03-22
C03744,Robin Cowan,cynthiabrown@example.com,Midwest,Regular,2022-05-08
C03745,Megan Garcia,mark35@example.net,Southwest,Regular,2023-05-14
C03746,Brooke Watts,harrisryan@example.net,Midwest,Regular,2022-10-18
C03747,Caitlyn Duarte,ian51@example.com,Midwest,Regular,2023-03-03
C03748,Kristina Mason,kelly76@example.net,Southwest,Regular,2022-11-04
C03749,Brenda Maldonado,brian70@example.net,Southeast,New,2022-12-09
C03750,Kimberly Parker,amanda51@example.net,Southwest,Regular,2023-04-06
C03751,Jose Anderson,ogriffin@example.net,Southeast,New,2022-11-22
C03752,Michael Romero,davidphillips@example.net,West,VIP,2023-12-28
C03753,Jesse Orozco,jallen@example.org,Midwest,At-Risk,2023-02-27
C03754,Gabriel Thomas,jacob31@example.com,West,Regular,2022-07-28
C03755,Holly Cook,castillokristen@example.com,Southwest,At-Risk,2024-10-29
C03756,Mario Watkins,amberrogers@example.com,Southeast,New,2022-01-01
C03757,Robert Solis,nsmith@example.net,Southeast,Regular,2022-07-21
C03758,Roberta Gibson,zsparks@example.com,Southeast,Regular,2023-09-08
C03759,Carolyn Wagner,michaelsimmons@example.org,West,Regular,2023-09-21
C03760,Felicia Schaefer,zjacobs@example.com,Southwest,Regular,2024-07-22
C03761,Cheryl Conner,anthonycollins@example.com,Southeast,Regular,2024-12-15
C03762,Courtney Mann,silvabarry@example.org,West,Regular,2022-07-15
C03763,Jasmine Gonzalez,heatherwalker@example.net,Midwest,Regular,2022-08-06
C03764,Bethany Hernandez,dthomas@example.org,Northeast,Regular,2024-02-14
C03765,Benjamin Simmons,rodriguezdarren@example.net,Northeast,Regular,2022-01-14
C03766,Jordan Jacobs,gabrielle13@example.net,West,Regular,2024-03-03
C03767,Lauren Salinas,howellkenneth@example.com,Northeast,Regular,2022-12-28
C03768,Cheyenne Steele,patricia81@example.org,Southeast,At-Risk,2024-03-04
C03769,Russell Gonzalez,adriansmith@example.org,West,Regular,2023-05-22
C03770,Tamara Porter,william87@example.net,Northeast,Regular,2022-09-16
C03771,Kaitlyn Elliott,grahammark@example.org,Southwest,Regular,2022-08-23
C03772,Jessica Meza,candrews@example.org,Northeast,Regular,2023-08-17
C03773,Richard Mcclain,osbornepaula@example.org,Southeast,At-Risk,2024-09-12
C03774,Allison Mitchell,ejohnson@example.com,West,Regular,2024-11-09
C03775,James Price,natalie16@example.net,Southeast,Regular,2023-06-26
C03776,Cynthia Martinez,steven86@example.net,Southwest,New,2024-01-26
C03777,Amy Ewing,madelinematthews@example.com,West,Regular,2023-07-01
C03778,Shawn Walters,stanleywillis@example.org,Southeast,VIP,2023-08-29
C03779,Patrick Lewis,patricia68@example.org,Southeast,Regular,2023-04-18
C03780,Tyler Simpson,lorimartin@example.com,Southeast,Regular,2022-05-28
C03781,Sarah Perry,abbottamanda@example.org,Southwest,Regular,2022-07-05
C03782,Marie Watkins,iwalker@example.org,West,Regular,2023-08-31
C03783,Thomas Chandler,stevenballard@example.org,West,New,2023-10-17
C03784,William Brandt,greenedavid@example.net,Northeast,At-Risk,2023-01-16
C03785,Gregory Bentley,danielle12@example.org,Northeast,Regular,2022-08-29
C03786,Rebecca Gilbert,abigailyoung@example.org,Southwest,Regular,2022-10-19
C03787,William Rodriguez,sarah55@example.org,West,Regular,2023-10-27
C03788,Eric Cochran,lovejames@example.com,Northeast,Regular,2022-01-26
C03789,Timothy Alvarado,egray@example.org,Northeast,Regular,2024-12-26
C03790,Linda Smith,laurafoster@example.org,Southwest,Regular,2024-05-21
C03791,Matthew Arellano,jill55@example.net,Northeast,Regular,2024-07-03
C03792,Melissa Thomas,andersonmatthew@example.org,Midwest,Regular,2023-08-29
C03793,Dana Reed,elizabethsimmons@example.com,Midwest,Regular,2022-08-29
C03794,Dalton Howell DVM,daniel35@example.com,Northeast,Regular,2022-07-25
C03795,William Campbell,woneal@example.org,Southeast,New,2023-01-29
C03796,Matthew Stewart,andreadavis@example.net,Southwest,Regular,2024-12-20
C03797,Jonathan Lewis,hwebb@example.com,Southwest,Regular,2023-03-07
C03798,Luis Green DDS,amy99@example.net,Northeast,Regular,2023-07-14
C03799,Donald Chen,kristincaldwell@example.org,Northeast,Regular,2024-06-24
C03800,John Meza,taylordaniel@example.com,Northeast,Regular,2022-01-21
C03801,Joel Stanton,slawson@example.com,Southeast,New,2024-09-15
C03802,Michael Roberts,lindsay49@example.org,Northeast,New,2022-07-28
C03803,Kenneth Porter,amanda93@example.net,West,Regular,2024-01-15
C03804,Sandy Simpson,xodonnell@example.org,Midwest,New,2024-12-13
C03805,Rodney Boyd,jill28@example.org,Southeast,New,2022-04-07
C03806,Leslie Powers,michaelpeterson@example.org,Southeast,Regular,2024-02-20
C03807,Brittany Richardson,danielle10@example.com,West,At-Risk,2024-10-23
C03808,Brooke Fisher,vsimon@example.org,Southeast,Regular,2024-09-22
C03809,Billy Ortiz,jennifer70@example.org,Southwest,Regular,2024-01-22
C03810,Ryan Crane,linda95@example.com,Southeast,At-Risk,2023-07-27
C03811,Ashley Shaffer,robert64@example.com,Southeast,Regular,2022-06-24
C03812,Megan Phillips,pamela96@example.net,Midwest,Regular,2023-05-08
C03813,Jennifer Jimenez,david04@example.com,Midwest,At-Risk,2023-09-23
C03814,Lynn Harding,williamsrachel@example.org,Southwest,Regular,2023-03-19
C03815,Stephanie Young,graycharles@example.org,Southeast,Regular,2023-11-29
C03816,Kimberly Johnson,clarson@example.org,Southeast,Regular,2023-01-06
C03817,Pamela Rivera,daniellynch@example.net,Midwest,New,2024-09-22
C03818,Michelle Madden,preynolds@example.net,West,Regular,2023-01-24
C03819,Michele Yang,thomasmallory@example.org,West,Regular,2023-11-28
C03820,Mrs. Elizabeth Clark,erin44@example.net,Northeast,Regular,2023-10-08
C03821,Laura Cook,dunntaylor@example.org,Midwest,VIP,2024-09-06
C03822,Chad Brown,plittle@example.org,Southwest,Regular,2022-02-08
C03823,Sarah Lopez,phillip32@example.org,Northeast,At-Risk,2024-01-09
C03824,Jasmine Zamora,jessica20@example.org,Southeast,Regular,2024-11-21
C03825,Cheryl Guerra,veronica42@example.com,Northeast,At-Risk,2023-09-26
C03826,James Horton,bowen@example.com,Southeast,Regular,2024-02-03
C03827,Susan Schwartz,christophermay@example.net,West,Regular,2024-12-19
C03828,Robin Drake,brownbrian@example.com,Southwest,Regular,2023-07-21
C03829,John Martinez,davisrobert@example.com,Southeast,Regular,2023-08-23
C03830,Samantha Evans,jnewton@example.com,West,Regular,2024-09-26
C03831,Sabrina Newton,pedwards@example.com,Northeast,Regular,2024-09-22
C03832,Adam Davis,william66@example.org,Southwest,Regular,2022-11-14
C03833,Tiffany Stephens,michael89@example.com,Southeast,New,2022-06-16
C03834,Craig Martinez,roseangela@example.com,Northeast,Regular,2024-10-07
C03835,Elizabeth Ross,thorntonjulie@example.net,Southeast,Regular,2022-02-25
C03836,Andrew Jackson,melissalewis@example.org,Northeast,VIP,2023-05-14
C03837,Elijah Miller,mckeecharles@example.org,Southeast,Regular,2022-02-14
C03838,Angela Wilson,wbender@example.org,Midwest,New,2022-01-16
C03839,Debbie Lucas,tcompton@example.com,Midwest,At-Risk,2023-02-17
C03840,Jeff Moore,dorseystephanie@example.com,West,Regular,2023-12-12
C03841,Andrew Payne,johnsoncassidy@example.com,Midwest,Regular,2023-07-24
C03842,Evan Hunt,nguyennathan@example.org,Southwest,Regular,2024-10-04
C03843,Justin Wallace,marshallkatherine@example.net,Southwest,At-Risk,2023-12-14
C03844,Amanda Trujillo,randall96@example.com,Southeast,Regular,2024-03-19
C03845,Brianna West,iwatson@example.org,Southeast,Regular,2024-04-21
C03846,Ryan Smith,paul96@example.com,Southeast,Regular,2024-02-25
C03847,Alex Choi,meagan76@example.net,Northeast,Regular,2022-01-18
C03848,Nicole Sanchez,casey05@example.net,Midwest,New,2024-05-17
C03849,Heather Dyer,tyler61@example.org,Midwest,Regular,2022-10-20
C03850,Mark Merritt,robertsimmons@example.org,Northeast,Regular,2023-04-12
C03851,Jennifer Richards,josephbarber@example.net,Midwest,Regular,2022-05-04
C03852,Joseph Todd,amy88@example.org,Southwest,Regular,2022-12-29
C03853,Ashley Harrington,matthewgutierrez@example.org,Midwest,At-Risk,2023-01-09
C03854,Dan Kelly,lauren42@example.net,Southwest,Regular,2024-08-25
C03855,Amber Bryant,lopezrandy@example.com,Midwest,New,2023-08-20
C03856,Jeremiah Patel,ewilliams@example.org,West,At-Risk,2022-01-24
C03857,Joseph Fuentes,ryan00@example.net,West,New,2022-02-28
C03858,Amanda Dyer,rhood@example.com,Midwest,Regular,2023-03-08
C03859,John Novak,anthonymartin@example.org,West,New,2022-09-07
C03860,Robert Burns,harpercarla@example.com,Midwest,VIP,2024-02-19
C03861,Kristin Graves,robert22@example.com,Northeast,Regular,2023-07-08
C03862,Jessica Lin,smithcraig@example.net,Northeast,Regular,2023-03-18
C03863,Heather Morgan,froberts@example.org,Southeast,Regular,2022-05-23
C03864,Tammy Reed,whitechristopher@example.net,Southwest,Regular,2023-01-20
C03865,Wendy Johnson,nathanmercado@example.org,Southeast,Regular,2024-06-07
C03866,Sean Blake,jennifersmith@example.net,Midwest,Regular,2023-03-19
C03867,Vanessa Jackson,wayne29@example.net,Southwest,Regular,2024-10-12
C03868,Joseph Russo,jenniferpatel@example.com,Southwest,Regular,2022-09-11
C03869,Gregory Logan,anthonyjones@example.com,Southwest,New,2022-06-03
C03870,Erika Jensen,andrewbrown@example.net,Northeast,Regular,2024-10-11
C03871,Laura Merritt,megannash@example.net,West,Regular,2024-11-06
C03872,Whitney Underwood,philipandrews@example.net,Northeast,New,2022-09-04
C03873,Jesse Camacho,tfoster@example.org,Southwest,Regular,2023-03-19
C03874,Preston Rogers,bnorris@example.net,Southeast,Regular,2022-08-09
C03875,Dr. Yvonne York,ellenharvey@example.net,Midwest,Regular,2022-07-27
C03876,Tina Page,christopherrobinson@example.org,Midwest,Regular,2022-09-16
C03877,Nicole Perez,robertfranklin@example.com,West,Regular,2024-02-10
C03878,Paul Long,edward51@example.com,Midwest,Regular,2022-08-31
C03879,Eugene Sullivan,timothy99@example.net,Midwest,Regular,2023-04-24
C03880,Bradley Davis,jessica85@example.com,Northeast,At-Risk,2022-12-13
C03881,Eric Murphy,sandersmadeline@example.net,West,Regular,2022-06-08
C03882,George Crawford,malloryfrank@example.org,West,Regular,2023-01-05
C03883,Abigail Hunter,gburke@example.org,Northeast,New,2022-08-09
C03884,Katie Munoz,xsolomon@example.com,West,Regular,2023-12-28
C03885,James Scott,casey62@example.com,Northeast,Regular,2022-12-04
C03886,Dana Patterson,ftaylor@example.net,Midwest,Regular,2022-11-25
C03887,Megan Baker,christopher65@example.com,Northeast,Regular,2023-11-20
C03888,Lisa Mcgee,staceyglass@example.com,Northeast,Regular,2023-11-03
C03889,Kelly Gonzalez,dickersoncynthia@example.org,West,Regular,2023-06-24
C03890,Denise Dixon,dwalker@example.net,Northeast,New,2023-04-28
C03891,Austin Rodriguez,terriryan@example.net,Southeast,Regular,2023-02-20
C03892,Stephanie Johnson,mcmillanjohn@example.org,Southwest,Regular,2022-09-30
C03893,Connor Davis,vangvictor@example.com,Northeast,New,2022-05-21
C03894,Scott Walls,cruzmaria@example.org,Southwest,At-Risk,2023-01-03
C03895,Tara Gilmore,melissasanchez@example.net,Northeast,Regular,2022-08-15
C03896,Mrs. Crystal Harris DVM,lopezvicki@example.net,West,Regular,2024-07-10
C03897,Amber Vargas,james95@example.org,Northeast,Regular,2023-03-25
C03898,Zachary Adams,hayesann@example.org,Southeast,Regular,2022-11-15
C03899,Cynthia Mccoy,vclark@example.com,Northeast,VIP,2023-11-17
C03900,Stephanie Martinez,williamsmaria@example.com,Midwest,Regular,2024-04-15
C03901,Billy Zuniga,david70@example.org,Southwest,New,2022-04-14
C03902,John Mata,gregoryhinton@example.net,Northeast,Regular,2023-05-26
C03903,Benjamin Jackson,lanejessica@example.com,Midwest,New,2023-10-28
C03904,Kelly Medina,ecarney@example.net,West,Regular,2024-05-29
C03905,Chad Shields,courtneyburnett@example.org,Southwest,Regular,2024-08-06
C03906,Jessica Hester,smiller@example.org,Southeast,Regular,2022-09-08
C03907,Michael Mcconnell,joshuabrown@example.org,Southeast,Regular,2024-06-27
C03908,Ricardo Peterson,derekallen@example.org,Midwest,New,2022-08-15
C03909,Shari Sanchez,bradley73@example.com,Northeast,At-Risk,2024-12-23
C03910,Laurie Miller,ramosdylan@example.com,Midwest,Regular,2022-09-26
C03911,Lauren Henderson,annswanson@example.org,West,Regular,2024-03-21
C03912,William Moore,riverasamantha@example.com,West,New,2023-01-16
C03913,Katie Church,bjackson@example.net,Midwest,New,2022-08-17
C03914,Beth Lopez MD,webbkari@example.com,Southwest,Regular,2023-03-24
C03915,Ashlee Elliott,ryan31@example.org,West,At-Risk,2024-02-20
C03916,Spencer Blair,glovermarissa@example.com,Northeast,VIP,2024-06-30
C03917,Scott James,christine04@example.com,Midwest,Regular,2022-02-10
C03918,Ashley Gonzalez,coreytaylor@example.com,Southeast,Regular,2024-10-17
C03919,Daniel Davis,barrondanielle@example.org,Northeast,Regular,2024-12-18
C03920,Sandra Wilcox,fhill@example.net,Midwest,New,2023-05-28
C03921,Allison Rodriguez,vaughnroy@example.org,Southeast,At-Risk,2023-06-14
C03922,Randy Cain,osingh@example.com,Southwest,New,2023-12-18
C03923,Gina Bowers,whitneylauren@example.com,Northeast,New,2024-08-24
C03924,Alice Tapia,egarcia@example.net,Northeast,Regular,2024-08-04
C03925,Danielle Mitchell,kevin21@example.net,Northeast,Regular,2024-06-29
C03926,Nathan Allen,landryalexis@example.com,Northeast,Regular,2022-05-01
C03927,Melissa Wright,johnsonjennifer@example.org,Northeast,New,2024-01-01
C03928,Nathan Beck,ihowell@example.net,Northeast,Regular,2022-05-03
C03929,Chris Vargas,moonamber@example.net,Southwest,Regular,2024-09-06
C03930,Michelle Griffin,hjones@example.org,Midwest,Regular,2023-08-23
C03931,Donna Holland,shannon73@example.org,Northeast,Regular,2022-04-11
C03932,Veronica Pearson,fletcherkyle@example.net,Southeast,New,2022-07-19
C03933,Diana Duke,mcollins@example.com,Southeast,Regular,2023-11-12
C03934,Dylan Williams,ybowers@example.org,Northeast,Regular,2024-10-15
C03935,Brandon Hurst,jenniferhickman@example.com,Northeast,At-Risk,2024-12-27
C03936,Jordan Williams,teresa82@example.net,Southeast,Regular,2024-08-07
C03937,Jacob Hunt,olsoncorey@example.com,Southwest,Regular,2022-05-16
C03938,Mark Miller,ryan96@example.org,Midwest,Regular,2022-06-06
C03939,Kimberly Martin,daniel03@example.net,Southeast,Regular,2023-09-07
C03940,Linda Bauer,jessica86@example.com,Midwest,Regular,2024-10-24
C03941,Paul Torres,hgomez@example.org,West,VIP,2024-04-01
C03942,Kevin Ellis,stewartkelly@example.com,Southwest,Regular,2023-02-22
C03943,Abigail Peck,fordrichard@example.org,Northeast,Regular,2023-05-28
C03944,Luke Jones,ldawson@example.com,Northeast,Regular,2024-11-25
C03945,Timothy Gomez,kjackson@example.com,Northeast,VIP,2023-06-15
C03946,Nathan Garcia,phall@example.net,West,Regular,2022-03-11
C03947,Ashley Hopkins,christine75@example.net,West,Regular,2023-07-15
C03948,David Gallagher,nunezsandra@example.org,Midwest,VIP,2024-04-14
C03949,Jennifer Coleman,vincent58@example.net,Midwest,Regular,2023-03-21
C03950,William Gutierrez,amy57@example.org,Southeast,Regular,2024-09-06
C03951,Nancy Page,fmills@example.net,West,Regular,2022-01-27
C03952,Benjamin Jackson,matthew44@example.net,West,Regular,2023-03-08
C03953,Richard Kennedy,youngphillip@example.com,West,Regular,2024-05-09
C03954,Corey Sharp,nmiller@example.net,Southwest,New,2023-03-16
C03955,Ricky Howard,morganryan@example.net,Southeast,Regular,2022-07-14
C03956,Victoria Jones,colemanamanda@example.com,Northeast,At-Risk,2023-07-27
C03957,Dr. Nathan Clark,angela66@example.org,West,Regular,2024-12-08
C03958,Philip Lopez,erica28@example.net,West,At-Risk,2023-05-11
C03959,James Pitts,myersmichele@example.com,West,Regular,2023-09-05
C03960,Steven Miller,pamela99@example.net,Southeast,Regular,2023-02-08
C03961,Kathleen Barajas,mullinsholly@example.net,Southeast,New,2022-02-19
C03962,Jeffrey House,perryjames@example.com,West,Regular,2022-07-08
C03963,Keith Flores,tracy02@example.net,Midwest,Regular,2022-09-22
C03964,Melissa Lee,awilliams@example.net,Southwest,Regular,2023-07-21
C03965,Christina Parker,nwalsh@example.org,West,New,2024-05-21
C03966,Dean Tran,michelle90@example.com,Northeast,VIP,2022-06-14
C03967,Brian Williamson,zwatson@example.net,Southwest,Regular,2022-01-06
C03968,Grant Anderson,mcmillancynthia@example.net,Southwest,Regular,2023-11-15
C03969,Samuel Harris,fturner@example.com,West,New,2023-09-13
C03970,Shelby Howard,stevenrodriguez@example.com,Midwest,Regular,2024-12-05
C03971,Frances Zavala,annabarr@example.net,Northeast,Regular,2022-06-16
C03972,Steven Reid,hendersonzachary@example.net,Northeast,Regular,2024-01-13
C03973,Paul Miller,mark29@example.com,Southeast,At-Risk,2024-10-31
C03974,Beth Sanders,davistimothy@example.org,Southeast,Regular,2023-07-15
C03975,Mitchell Hines,jason84@example.com,Southeast,At-Risk,2024-07-23
C03976,Lisa Lynch,smithanita@example.net,Southwest,Regular,2023-12-04
C03977,Dominique Young,gordongriffin@example.com,Northeast,Regular,2022-09-19
C03978,Brian Jefferson,moonrobert@example.com,Midwest,Regular,2023-04-19
C03979,Casey Warren,jonesandrew@example.com,Southwest,New,2023-11-21
C03980,Jeremy Turner,abrown@example.com,West,VIP,2022-01-24
C03981,Harold Robinson,eanderson@example.org,Northeast,Regular,2022-05-11
C03982,Jason Ward,jenkinsshawn@example.org,Southwest,Regular,2024-12-19
C03983,Taylor Mathis,gortiz@example.org,West,Regular,2022-03-15
C03984,Matthew Jones,josephgreen@example.org,West,At-Risk,2024-02-13
C03985,Catherine Jones,christopher80@example.net,Southeast,Regular,2024-01-04
C03986,Isabella Gibbs,thomas95@example.com,Midwest,Regular,2023-04-01
C03987,Mr. Lawrence Hamilton MD,zwoods@example.com,West,Regular,2024-12-11
C03988,Alexander James,wellsmeghan@example.com,West,Regular,2024-01-09
C03989,Jose Meyer,monica52@example.net,Southeast,New,2024-07-06
C03990,Jessica Yates,patrickcarter@example.net,Southwest,Regular,2024-07-16
C03991,Amanda Evans,robertjohnson@example.net,Northeast,Regular,2023-12-02
C03992,Alex Warner,alison42@example.com,Southwest,New,2024-09-07
C03993,Curtis Lewis,qdawson@example.org,West,Regular,2022-11-21
C03994,Amy Vincent,rebecca18@example.com,Southwest,Regular,2023-07-23
C03995,Mary Russell,lambrooke@example.com,West,Regular,2024-08-18
C03996,Karen Sanders,warrenjamie@example.org,Southwest,Regular,2023-12-02
C03997,William Hernandez,bradyalejandro@example.org,Midwest,Regular,2023-08-27
C03998,Elizabeth Mullins,salinasstefanie@example.net,Southwest,At-Risk,2023-09-08
C03999,Joel Lee,stephanie16@example.org,Southeast,Regular,2024-09-11
C04000,Tina Hull,michael46@example.com,Southeast,Regular,2022-08-16
C04001,Kenneth Reyes,gholland@example.net,West,Regular,2022-09-03
C04002,Mrs. Lisa George PhD,kellyallison@example.org,Southwest,Regular,2024-01-13
C04003,Nicholas Walker,josewilliams@example.com,West,Regular,2024-12-21
C04004,Jessica Jennings,emily97@example.net,Midwest,Regular,2022-01-28
C04005,Nicole Williams,hughesalexis@example.net,Northeast,Regular,2022-12-20
C04006,Dawn Rivera,ashley91@example.org,Southeast,At-Risk,2023-02-01
C04007,Brandon Griffin,sarah96@example.net,Midwest,Regular,2022-07-14
C04008,Katherine Miller,bferrell@example.org,Northeast,Regular,2022-03-27
C04009,Ricky Jackson,rogermartin@example.net,Midwest,Regular,2024-11-02
C04010,Christopher Garcia,cochranrichard@example.com,Northeast,Regular,2024-01-09
C04011,Jimmy Adams,joseph43@example.org,Southeast,Regular,2022-07-28
C04012,Gregory Reynolds,carterkara@example.net,Southeast,New,2024-08-14
C04013,Chad Soto,vreeves@example.com,Northeast,At-Risk,2022-07-02
C04014,Ashley Phillips,xlee@example.net,Southwest,Regular,2022-09-16
C04015,Robert Torres,dylanmcdonald@example.net,Midwest,Regular,2024-05-15
C04016,Shannon Munoz,tylerspears@example.net,Southeast,At-Risk,2023-07-31
C04017,Bradley Clark,samantha06@example.com,Southeast,Regular,2023-05-20
C04018,Anthony Porter,jamescollins@example.com,Southwest,Regular,2024-11-25
C04019,Melissa Castro,fosterjeffrey@example.org,Northeast,Regular,2023-03-07
C04020,Samantha Bennett,lmorgan@example.com,Midwest,Regular,2024-12-15
C04021,Diane Smith,ipeterson@example.org,Northeast,At-Risk,2022-07-29
C04022,Diana Hopkins,combsangela@example.com,Midwest,Regular,2022-10-28
C04023,Billy Vazquez,rlawson@example.net,Southwest,Regular,2022-01-06
C04024,Robert Jackson,jessicavaughn@example.org,Southwest,At-Risk,2023-11-19
C04025,Tiffany Beard,rebeccahoward@example.com,West,At-Risk,2023-08-12
C04026,James Hayes,calexander@example.net,Northeast,Regular,2022-07-03
C04027,Sean Rose,ghamilton@example.org,Northeast,At-Risk,2022-04-02
C04028,Kevin Kerr,rachel29@example.org,Southeast,Regular,2023-08-25
C04029,James Salazar,thomasbray@example.org,Northeast,Regular,2022-10-27
C04030,Mary Wood,jfry@example.org,West,Regular,2023-04-13
C04031,Jordan Fisher,brandoncook@example.org,Midwest,Regular,2024-03-07
C04032,John Herrera,sarah59@example.org,West,Regular,2023-01-25
C04033,Marcus Gray,gle@example.com,Southeast,New,2023-02-08
C04034,Mark Michael,dbell@example.net,Southeast,New,2024-03-22
C04035,Allison Smith,ubell@example.org,West,Regular,2024-01-22
C04036,Paige Jackson,mrivera@example.com,Midwest,New,2022-02-16
C04037,Gary Jackson,antonio56@example.com,Midwest,Regular,2024-10-12
C04038,Scott Clark,debbietapia@example.net,Southeast,Regular,2024-06-20
C04039,Scott Harris,catherinelutz@example.com,West,New,2023-02-13
C04040,Gloria Martin,manningdavid@example.org,Northeast,New,2023-07-31
C04041,Felicia Myers,roygordon@example.com,Midwest,Regular,2024-02-22
C04042,Tara Andersen,carrollrobert@example.com,Northeast,Regular,2023-11-29
C04043,Jennifer Perry,alexandra31@example.net,Southeast,Regular,2024-03-19
C04044,Darrell Wong,hcruz@example.net,Southwest,New,2022-03-16
C04045,Mary Smith,rachael93@example.net,Midwest,Regular,2022-03-05
C04046,Johnny Mcgee,joshuadixon@example.org,Southwest,Regular,2022-02-24
C04047,William Smith,uharvey@example.com,Southwest,Regular,2024-11-27
C04048,Jasmine Jones,anne27@example.net,Southeast,Regular,2022-09-04
C04049,Caroline Allen,yrobinson@example.net,Southeast,Regular,2022-02-01
C04050,Kathleen Stewart,hbailey@example.com,West,Regular,2022-02-09
C04051,Kelly Scott,smithlarry@example.com,Southeast,Regular,2024-01-10
C04052,Grace Marquez,josephwood@example.org,Southeast,Regular,2024-06-15
C04053,Gwendolyn Sutton,tammy92@example.org,Southwest,Regular,2024-08-10
C04054,Jeffrey Wilson,amandaleonard@example.com,Northeast,At-Risk,2022-05-27
C04055,Cindy Monroe,tpowell@example.net,Northeast,Regular,2024-01-24
C04056,Patrick Bell,eric18@example.net,Southeast,Regular,2023-08-22
C04057,Rebecca Lewis,aturner@example.com,West,Regular,2023-11-13
C04058,Patricia French,xkeith@example.org,Northeast,Regular,2022-01-14
C04059,Mrs. Kathy Rose,campbellrichard@example.net,Northeast,At-Risk,2022-06-10
C04060,Michael Cline,pattersonerika@example.org,Northeast,At-Risk,2024-01-02
C04061,Angela Pace,bartoncaitlin@example.net,Northeast,Regular,2022-09-11
C04062,Eric Ward,millerjames@example.org,Northeast,Regular,2022-10-31
C04063,Madison Turner,amy69@example.net,Northeast,Regular,2022-08-25
C04064,Bethany Rodriguez,dlee@example.org,Southeast,New,2024-01-29
C04065,Kelsey Cross,gmccormick@example.com,Midwest,Regular,2022-10-01
C04066,Rebecca Watson,hmartin@example.org,Southwest,At-Risk,2023-10-05
C04067,Laura Smith,xclark@example.org,Northeast,Regular,2023-12-27
C04068,Traci Frazier,justin08@example.org,West,Regular,2024-06-29
C04069,Stephen Fisher,russellheidi@example.net,Southwest,New,2022-07-02
C04070,Susan Calderon,evansregina@example.org,West,Regular,2023-09-09
C04071,Pamela Bryant,arielherrera@example.org,Southeast,New,2024-04-08
C04072,Richard Mills,kmoreno@example.com,Northeast,Regular,2023-01-31
C04073,Shelby Anderson,dennis58@example.com,Northeast,VIP,2023-07-28
C04074,David Coleman,vdunn@example.org,Southeast,Regular,2023-09-19
C04075,Megan Williams,brooke76@example.net,Midwest,Regular,2023-05-05
C04076,Kenneth Adams,russelljames@example.org,Southwest,At-Risk,2022-12-20
C04077,Tiffany Campbell,ronald11@example.com,Southeast,Regular,2023-07-22
C04078,Aaron Gutierrez,wyatt16@example.com,Northeast,Regular,2024-09-27
C04079,Shannon Smith,mercerhannah@example.com,Northeast,Regular,2023-12-28
C04080,Alexandra Allison,julia44@example.org,West,Regular,2022-06-02
C04081,Miss Patricia Garcia MD,johnmills@example.net,Midwest,Regular,2024-02-29
C04082,Nicole Fitzgerald,leetimothy@example.net,Southeast,Regular,2024-08-23
C04083,Kevin Marshall,michael67@example.net,Midwest,Regular,2023-11-17
C04084,Stephanie Schwartz,thomassonia@example.org,Northeast,Regular,2024-05-07
C04085,Lori Kelly,marccoleman@example.net,Midwest,Regular,2023-09-26
C04086,Joseph Wilson,kmurray@example.net,Southwest,Regular,2023-09-15
C04087,Lynn Dillon,timothycrane@example.com,West,Regular,2023-10-05
C04088,Gabriel Thompson,mercersarah@example.com,Northeast,Regular,2022-03-12
C04089,John Porter,mary53@example.org,West,Regular,2024-10-18
C04090,Debra Lucas,hannahjacobs@example.org,Northeast,Regular,2022-10-15
C04091,Angela West,johndecker@example.org,Midwest,Regular,2024-11-02
C04092,Jeremy Velasquez,katherineflores@example.org,Southwest,Regular,2022-07-23
C04093,Danielle Chase,charlesgould@example.org,Midwest,Regular,2023-07-21
C04094,Sandra Chandler,brittney03@example.org,Northeast,VIP,2023-04-27
C04095,Paula Guzman,fwilliamson@example.com,Southwest,Regular,2023-02-04
C04096,Gregory Smith,idonovan@example.org,West,Regular,2023-08-21
C04097,Jason Valencia MD,ricejessica@example.net,Northeast,At-Risk,2024-09-23
C04098,Tammy Mccoy,brownjoel@example.net,Southeast,Regular,2023-05-10
C04099,Amy Myers,briandavis@example.com,West,Regular,2023-07-14
C04100,Molly Wu,danielalvarez@example.net,West,Regular,2022-11-08
C04101,Ashley Adams,justin43@example.com,Southeast,Regular,2024-01-23
C04102,Brent Simmons,gknight@example.net,Southwest,Regular,2024-06-19
C04103,Julie Brown,shawn17@example.org,Southwest,Regular,2022-07-23
C04104,Juan Frye,deborah42@example.com,Midwest,Regular,2024-01-07
C04105,Ethan Johnson,richardwilliams@example.org,West,Regular,2022-06-15
C04106,Danielle Mckinney,arthur51@example.net,Southeast,Regular,2022-11-19
C04107,Robert Torres,thomas90@example.org,Northeast,Regular,2024-01-01
C04108,Heather Huber,johnsonpatty@example.com,Midwest,Regular,2023-03-21
C04109,Taylor Mckinney,hwhite@example.org,Southwest,Regular,2023-07-17
C04110,Susan Nelson,stephanieadkins@example.net,Northeast,Regular,2022-07-01
C04111,Krystal Thompson,olsonrhonda@example.com,Southeast,New,2022-01-23
C04112,Katherine Miller,christophergallagher@example.com,Southeast,Regular,2022-07-13
C04113,John Gonzales,jennifergould@example.net,Midwest,Regular,2024-11-29
C04114,Natasha Barker,claymelissa@example.net,Midwest,Regular,2024-08-14
C04115,Austin Martin,kennethbeck@example.org,Southwest,Regular,2023-01-18
C04116,Lucas Campbell,stevensstephen@example.com,West,Regular,2024-11-18
C04117,David Taylor,johncross@example.com,Midwest,Regular,2022-12-12
C04118,Raymond Boone,pwu@example.net,Southeast,Regular,2023-09-03
C04119,Elizabeth Frost,qwilliams@example.org,Northeast,Regular,2024-01-17
C04120,Gary Walker,nataliesullivan@example.org,Northeast,Regular,2023-06-04
C04121,Christine Wagner,marygraham@example.com,Southwest,Regular,2022-06-23
C04122,Cheryl Crane,speters@example.org,Midwest,Regular,2023-04-03
C04123,Samantha Castro,rcain@example.com,Southeast,Regular,2023-11-05
C04124,Anna Cook,chenderson@example.net,Northeast,Regular,2023-01-31
C04125,Audrey Simmons,mitchellmichelle@example.org,Southeast,Regular,2023-01-17
C04126,Pamela Chandler,sarascott@example.net,Southwest,Regular,2023-06-09
C04127,Shelley Mora,velasquezsteven@example.net,Southwest,Regular,2022-05-25
C04128,Carly Glass,jamiewilliams@example.com,West,Regular,2024-04-07
C04129,Jonathan Carter,allenmiguel@example.org,West,Regular,2022-06-17
C04130,Richard Sullivan,jacobmunoz@example.net,Northeast,Regular,2022-04-30
C04131,Stephen Allen,tony47@example.net,Southeast,Regular,2023-02-07
C04132,Nathaniel Griffin,meredithsalas@example.com,Southwest,Regular,2022-06-08
C04133,Julie Martinez,pattonnicole@example.com,West,Regular,2022-08-28
C04134,Scott Sutton,jeremyrobinson@example.net,Midwest,Regular,2022-04-29
C04135,Kyle Smith,lauren75@example.org,Northeast,Regular,2023-03-07
C04136,Stacy Gray,samantharandolph@example.net,Southeast,Regular,2022-07-19
C04137,Rachel Williams,susansmith@example.org,Southeast,Regular,2023-06-07
C04138,Deanna Thomas,batkins@example.net,Southwest,Regular,2024-01-28
C04139,Derek Vega,karalee@example.net,Midwest,VIP,2023-02-27
C04140,Melissa Thomas,pollardkevin@example.net,Midwest,Regular,2022-05-05
C04141,Adam Santiago,juliehernandez@example.com,Midwest,Regular,2024-10-31
C04142,Sarah Campbell,pmartin@example.org,Northeast,VIP,2024-03-26
C04143,Tara Chung,ohansen@example.org,Southwest,Regular,2024-11-29
C04144,Lauren Perez,stephanie93@example.org,West,Regular,2024-02-09
C04145,Corey Burnett,victoria59@example.net,Southeast,Regular,2022-09-07
C04146,Katelyn Gray,jfuller@example.org,Midwest,New,2023-10-08
C04147,Richard Tucker,margarethess@example.org,Northeast,Regular,2023-11-23
C04148,Natalie Johnson,manderson@example.com,Southwest,New,2022-11-03
C04149,Wendy Porter,edwardsronald@example.com,Southwest,New,2024-07-07
C04150,Lisa Chen,alan99@example.com,Southeast,Regular,2024-04-09
C04151,Sara Serrano,zschneider@example.com,Midwest,New,2024-09-17
C04152,Kevin Hines,nbanks@example.org,West,At-Risk,2024-12-09
C04153,William Wolfe,wmarquez@example.net,West,Regular,2022-06-08
C04154,Tiffany Cabrera,hurstmario@example.com,Midwest,At-Risk,2023-05-30
C04155,Louis Cross,kstanley@example.org,Northeast,At-Risk,2024-12-09
C04156,William Miles,jessica40@example.net,West,Regular,2024-11-24
C04157,Laura Abbott,jenniferchase@example.net,Southwest,New,2022-03-14
C04158,Haley Bolton,kleinashley@example.net,West,Regular,2022-05-20
C04159,Eric Pope,gsmith@example.org,Northeast,Regular,2022-07-02
C04160,Amy Young,usullivan@example.net,Southwest,VIP,2022-08-04
C04161,Anthony Roberson,jdoyle@example.com,Northeast,Regular,2022-10-17
C04162,James Thompson,jerry11@example.net,Northeast,Regular,2023-04-23
C04163,Antonio Ramirez,rogerjones@example.org,Southeast,Regular,2022-02-02
C04164,Martin Guzman,mackenzie25@example.org,Northeast,New,2023-05-10
C04165,Paula Morgan,anita27@example.org,Midwest,Regular,2022-07-23
C04166,Karen Rodriguez,courtneywilliams@example.com,West,Regular,2024-12-21
C04167,Lee Garrison,kellyrobert@example.net,West,Regular,2023-10-21
C04168,Eric Cain,qjones@example.net,Southwest,Regular,2023-01-20
C04169,Jessica Cannon,hardyrobert@example.org,Northeast,New,2023-02-27
C04170,Larry King,swansondwayne@example.org,Southwest,At-Risk,2023-08-08
C04171,Anthony Ball,lsmith@example.net,Southwest,New,2022-03-14
C04172,Andrew Dougherty,richard20@example.com,Southwest,Regular,2022-05-09
C04173,Robert Ellis,travis64@example.net,West,New,2022-09-30
C04174,Joseph Price,acohen@example.net,Southwest,Regular,2024-04-27
C04175,Nancy Wilson,rachael13@example.net,Southwest,New,2024-10-16
C04176,Beth Pena,derricklopez@example.org,Southwest,Regular,2023-04-06
C04177,Ray Patrick,sheltonlisa@example.com,West,Regular,2022-07-29
C04178,Teresa Liu,littlebreanna@example.org,Southwest,Regular,2024-12-09
C04179,Rhonda Delgado,moorechristina@example.net,Southwest,New,2023-02-26
C04180,Madison Garcia,ryan16@example.org,Southeast,At-Risk,2022-10-26
C04181,Kristen Bennett,wesleyhouston@example.net,West,Regular,2023-11-19
C04182,Michele Mathis,qcastro@example.com,Southeast,Regular,2022-07-19
C04183,Robert Bates,angela45@example.net,West,Regular,2022-11-17
C04184,Mrs. Amber Kirby,lharvey@example.org,Southwest,VIP,2024-12-13
C04185,Anthony Larsen,cookjoshua@example.com,Southeast,Regular,2022-07-29
C04186,Destiny Bradshaw,lisa73@example.net,West,Regular,2022-07-31
C04187,Keith Green,peckjessica@example.com,Northeast,New,2024-04-21
C04188,Joseph Sweeney,pamela30@example.org,Midwest,Regular,2024-10-17
C04189,Justin Logan,scott51@example.com,Southeast,Regular,2022-05-15
C04190,Christopher Bryant,traviscompton@example.com,Midwest,At-Risk,2024-04-13
C04191,Steven Hogan,patricia49@example.com,Southeast,Regular,2023-01-02
C04192,Laura Myers,heidi09@example.com,Midwest,Regular,2024-10-18
C04193,Daniel Sullivan,george39@example.org,Southeast,Regular,2024-05-18
C04194,Joseph Baldwin,shelly46@example.org,Southwest,Regular,2023-08-11
C04195,Andrea Mccarthy,brandon56@example.net,Southwest,Regular,2022-02-12
C04196,Tonya Austin,breeves@example.org,Midwest,Regular,2022-04-11
C04197,Scott Gutierrez,jay85@example.net,Southwest,New,2024-06-28
C04198,Joseph Martinez,andersonrebecca@example.net,West,New,2024-06-27
C04199,Krystal Douglas,dakotahuerta@example.com,Southwest,Regular,2024-11-30
C04200,Wendy Miller,xgarcia@example.net,Northeast,New,2024-08-01
C04201,Angel Williams,dharris@example.org,Midwest,Regular,2023-11-17
C04202,Carolyn Velez,cmerritt@example.org,Southeast,Regular,2022-07-27
C04203,Darren Santana,bethanynguyen@example.net,Southwest,VIP,2022-05-24
C04204,Sarah Thompson,uvasquez@example.net,West,Regular,2024-05-11
C04205,Justin Murphy,timothydougherty@example.org,West,New,2022-06-14
C04206,Kerry Martin,mary01@example.net,Midwest,Regular,2023-01-01
C04207,Susan Thomas,anthony62@example.com,Southeast,Regular,2024-08-08
C04208,Christopher Palmer,george05@example.com,West,New,2024-11-06
C04209,Christine Ochoa,kathryn11@example.com,Northeast,Regular,2023-02-11
C04210,Wanda Johnson,amanda32@example.com,Southwest,Regular,2024-08-15
C04211,Hannah Ramos,xanderson@example.org,Midwest,Regular,2022-10-16
C04212,Frances Oliver,melissa72@example.org,Southeast,New,2024-07-04
C04213,Kristy Burns,laura56@example.com,Midwest,Regular,2023-09-20
C04214,Mrs. Jennifer Heath,angela09@example.com,Northeast,Regular,2022-03-07
C04215,Donald Mcclain,jared12@example.org,Southwest,New,2022-06-03
C04216,Megan White,pbolton@example.com,Northeast,New,2023-11-30
C04217,Dawn White,danielmonroe@example.net,Southeast,Regular,2024-05-07
C04218,Molly Spencer,tyler35@example.net,West,Regular,2023-08-28
C04219,Robin Camacho,zrodgers@example.net,Northeast,Regular,2024-11-06
C04220,April Jarvis,cookchristopher@example.net,West,Regular,2023-02-12
C04221,Sandra Decker,coledavid@example.org,Southwest,Regular,2024-07-09
C04222,Teresa Garrett,vbryant@example.net,Midwest,Regular,2024-06-23
C04223,Steven Hernandez,laceyperez@example.org,Midwest,Regular,2023-03-02
C04224,Lauren Smith,debra49@example.net,Northeast,Regular,2023-11-28
C04225,Philip Hensley,kyle08@example.org,Midwest,Regular,2024-07-05
C04226,Angela Robinson,mwise@example.com,Northeast,Regular,2024-02-11
C04227,Deborah Parrish,riverascott@example.net,Southeast,New,2022-06-05
C04228,Christopher Lee,manningstephanie@example.net,Northeast,Regular,2023-08-14
C04229,Luis Rice,anthonyadams@example.net,Northeast,New,2022-12-25
C04230,Lori Meyer,tina28@example.org,Midwest,New,2024-07-23
C04231,William Gonzalez,qnewman@example.com,Northeast,Regular,2024-10-07
C04232,Heather Kidd,lindsaymoore@example.net,Midwest,New,2023-10-01
C04233,Bryan Perez,lisa63@example.com,Midwest,Regular,2023-11-14
C04234,Eric White,dstevens@example.org,Southeast,Regular,2022-01-16
C04235,Joseph Robertson,johnsonthomas@example.org,Midwest,Regular,2022-07-23
C04236,Brenda Beltran,mferguson@example.com,Southwest,Regular,2022-05-22
C04237,Nancy Simpson MD,allenbrandy@example.org,Southeast,New,2024-05-16
C04238,Rebekah Thomas,moorekevin@example.org,Northeast,Regular,2023-01-10
C04239,Tracy Barr,cruzjeremiah@example.net,Midwest,Regular,2022-12-01
C04240,April Flores,jermainenolan@example.com,Northeast,New,2024-12-26
C04241,Robert Huynh,galvanwilliam@example.com,Midwest,VIP,2023-11-14
C04242,Beth Bray,ehernandez@example.org,Southwest,Regular,2022-03-10
C04243,Joseph Ward,thomasjohn@example.com,Northeast,At-Risk,2023-11-17
C04244,Russell Baldwin,kevinhunt@example.net,Midwest,Regular,2022-04-11
C04245,Andrea Oneal,lisacarter@example.org,Southwest,Regular,2023-03-20
C04246,Thomas Hernandez,alicia30@example.net,Midwest,Regular,2023-04-26
C04247,Megan Mclean,scott16@example.org,Northeast,Regular,2023-02-15
C04248,Andrew Reed,aphillips@example.net,West,Regular,2024-02-01
C04249,Jacob Mata,lisawright@example.org,Southeast,At-Risk,2023-01-30
C04250,Austin Barnes,goodwinallen@example.org,Midwest,Regular,2023-11-22
C04251,Melissa Thornton,hthomas@example.com,Northeast,Regular,2024-11-22
C04252,Brittany Cantrell,shafferfelicia@example.net,Midwest,New,2023-12-04
C04253,Brittany Fields,yvettewashington@example.org,Midwest,VIP,2023-08-18
C04254,Nicole Wood,natalie19@example.org,Southeast,Regular,2022-06-13
C04255,Adam Liu,littlewilliam@example.com,Midwest,VIP,2022-04-12
C04256,Daniel Austin,taylorlisa@example.org,Northeast,At-Risk,2022-08-02
C04257,Christopher Macias,vblanchard@example.com,Northeast,Regular,2023-12-18
C04258,Stephanie Dyer,keith41@example.net,Southwest,Regular,2022-03-02
C04259,Kristen Clark,krusso@example.org,Northeast,Regular,2024-11-12
C04260,Troy Fox,briansilva@example.com,West,Regular,2023-12-27
C04261,Brian Davis,robersoncarla@example.org,West,Regular,2022-04-14
C04262,Laura Rocha,samuel99@example.org,Southeast,Regular,2023-03-28
C04263,James Adams,etorres@example.org,Midwest,New,2022-09-08
C04264,Joseph Hamilton MD,lchaney@example.net,Midwest,New,2024-03-26
C04265,Roger Hernandez,jenny98@example.com,West,Regular,2022-07-20
C04266,Patricia Smith,kathrynjohnson@example.org,Southwest,Regular,2022-06-26
C04267,Michelle Castro,yrobinson@example.com,Northeast,Regular,2024-03-07
C04268,Mrs. Cassandra Torres MD,wanda92@example.com,Southwest,Regular,2022-08-05
C04269,Jennifer Townsend,brucejoseph@example.com,Northeast,Regular,2022-08-29
C04270,David Shah,nelsonsarah@example.com,Midwest,Regular,2023-11-29
C04271,David Rodriguez,vickiperez@example.org,Southeast,New,2024-01-25
C04272,Teresa Hill,vjohnson@example.net,Southwest,Regular,2022-06-25
C04273,Alexandria Cruz,ryan18@example.net,Southwest,Regular,2023-07-29
C04274,Jeffrey Lam,matthew24@example.com,Midwest,At-Risk,2022-06-26
C04275,Cassandra Dixon,lewisedward@example.com,West,Regular,2023-05-17
C04276,Rebecca Stone,christinastevenson@example.com,Northeast,At-Risk,2022-02-11
C04277,Derrick Hamilton,brett71@example.org,Southwest,Regular,2023-04-03
C04278,Wayne Robinson,jacksonmichelle@example.com,Midwest,Regular,2023-10-11
C04279,Christopher Mckenzie,braunbrandon@example.com,West,Regular,2023-07-10
C04280,Brian Burns,jbryant@example.com,Midwest,Regular,2024-04-26
C04281,Jacob Little,slittle@example.net,Southeast,Regular,2023-11-27
C04282,Latoya Gomez,charding@example.net,Northeast,Regular,2022-09-05
C04283,Richard Tran,melissatorres@example.net,Northeast,Regular,2023-04-11
C04284,Drew Johnson,john76@example.com,West,New,2023-09-23
C04285,Christine Conrad,weberjamie@example.org,Midwest,New,2023-03-30
C04286,Jeanette Nguyen,wayneking@example.net,Midwest,At-Risk,2022-05-26
C04287,Amber Young,jonathanblevins@example.net,Northeast,Regular,2022-08-29
C04288,Matthew Cook,alex69@example.com,Southwest,Regular,2022-02-15
C04289,Michele Collins,pjones@example.net,West,Regular,2022-04-09
C04290,Jeffery Cole,iangreen@example.net,Southwest,At-Risk,2022-11-07
C04291,Richard Ballard,michealsingh@example.net,Southwest,VIP,2023-04-16
C04292,Henry Yang,karenbennett@example.org,West,New,2022-03-11
C04293,Angela Larsen,alanchavez@example.com,Midwest,Regular,2022-10-11
C04294,Edward Hinton,mmoses@example.com,West,Regular,2022-07-18
C04295,Christina Cook,rhondahartman@example.com,Northeast,VIP,2023-09-03
C04296,Isabella Jensen,rhogan@example.org,West,Regular,2024-12-06
C04297,Paul Kramer,linda12@example.org,Southeast,Regular,2023-06-21
C04298,Jennifer Robertson,priceronnie@example.net,Southwest,Regular,2024-03-16
C04299,Mackenzie Reilly,marqueznatalie@example.com,Southeast,Regular,2023-11-07
C04300,Andrea Dixon,kelseytaylor@example.net,Southwest,At-Risk,2022-06-21
C04301,Jason Simmons,gillespieandrew@example.com,Southeast,Regular,2024-12-02
C04302,Anna Gomez,leonardalan@example.org,Northeast,VIP,2023-04-18
C04303,Susan Alexander,hayespamela@example.net,Southwest,At-Risk,2023-08-25
C04304,Katrina Vargas,simpsonmelissa@example.com,Midwest,Regular,2023-11-18
C04305,Chelsea King MD,xpowell@example.org,Midwest,Regular,2023-04-03
C04306,Brendan Doyle,rmays@example.org,West,At-Risk,2024-02-27
C04307,Gerald Friedman,susan95@example.org,Northeast,New,2023-08-08
C04308,Lisa Malone,kempkelli@example.net,Southwest,At-Risk,2023-08-06
C04309,Stephanie Green,xchang@example.org,Midwest,Regular,2022-10-29
C04310,Samuel Ortiz,reginamassey@example.com,West,Regular,2024-03-26
C04311,Phillip James,ymontes@example.org,Southeast,New,2024-04-11
C04312,Sandra Perez,elynch@example.com,Midwest,Regular,2022-07-11
C04313,Sharon Sanchez,catherinesoto@example.net,Northeast,Regular,2024-05-25
C04314,Darin Beasley,vjones@example.com,West,Regular,2023-12-09
C04315,Curtis Potter,robert28@example.net,Southeast,At-Risk,2023-11-13
C04316,Amanda Baker,tony01@example.net,West,Regular,2024-07-30
C04317,John Floyd,lamanthony@example.net,Northeast,New,2024-05-22
C04318,Howard Munoz,patrick50@example.com,West,Regular,2023-07-14
C04319,Steve Rose,rhondaconrad@example.com,Southeast,Regular,2023-08-22
C04320,Timothy Cruz,paulclarke@example.org,Northeast,New,2024-07-04
C04321,Kimberly Smith,josephnunez@example.net,Southeast,Regular,2022-03-28
C04322,Gary Daniels,bushmarcus@example.net,Southwest,Regular,2023-03-06
C04323,Brandon Mills,alvaradodonna@example.org,West,New,2022-11-23
C04324,Gregory Reed,benjamin14@example.org,Northeast,Regular,2024-09-26
C04325,Jeremy Odonnell,kyoung@example.org,Midwest,Regular,2022-08-07
C04326,Sarah Davis,lauracline@example.com,Southwest,New,2024-08-22
C04327,Paul Snyder,xalvarado@example.com,Southwest,Regular,2022-05-22
C04328,Brandon Rubio,nicholas63@example.com,Southeast,Regular,2022-04-02
C04329,Pedro Gray,dawncarpenter@example.org,Southeast,Regular,2024-09-12
C04330,Christy Cortez,cameronthomas@example.org,Midwest,Regular,2024-10-10
C04331,Jonathan Hill,nancy06@example.net,Southeast,Regular,2022-05-06
C04332,Danny Gonzalez,smyers@example.org,West,New,2023-08-31
C04333,Wendy Berry,angela23@example.com,West,Regular,2024-07-18
C04334,Mr. Mark Sanchez,david76@example.com,Midwest,New,2024-04-11
C04335,Molly Edwards,lstanton@example.org,Southwest,VIP,2022-02-17
C04336,Jason West,jennifermartinez@example.com,Northeast,Regular,2022-11-30
C04337,Matthew George,elizabethwatkins@example.net,Southwest,Regular,2023-06-10
C04338,Deanna Hayes,qrodgers@example.org,West,Regular,2024-07-21
C04339,James Tran,ryanjonathan@example.com,Midwest,Regular,2024-12-14
C04340,Timothy Howell,charles18@example.com,Midwest,Regular,2024-05-06
C04341,Cory Craig,tinahoward@example.org,Northeast,Regular,2024-02-10
C04342,Jorge Keller,jesse93@example.com,Northeast,VIP,2023-07-01
C04343,Taylor Anderson,hjohnson@example.net,Southwest,At-Risk,2024-03-31
C04344,Trevor Williams,sean46@example.net,Southwest,Regular,2023-05-11
C04345,Patricia Curtis,jenniferweaver@example.net,Southwest,Regular,2024-02-28
C04346,Ann Lopez,xlove@example.net,West,Regular,2023-08-11
C04347,Carrie Massey,emilyschaefer@example.org,Southeast,Regular,2024-03-30
C04348,Charles Green,reyeschristina@example.org,Midwest,Regular,2022-05-25
C04349,Theresa Walker,trevor35@example.com,Northeast,Regular,2022-04-23
C04350,Brenda Brown,christietownsend@example.com,Southeast,Regular,2022-11-01
C04351,Sabrina Reeves,mcdonalddaniel@example.com,Southwest,Regular,2022-03-28
C04352,Jon Brown,nicole20@example.com,Southeast,At-Risk,2023-03-03
C04353,Jackie Reed,dtravis@example.net,Southwest,Regular,2023-04-30
C04354,Jared Campbell,robinwoods@example.org,Southeast,Regular,2022-04-23
C04355,Brittney Smith,rhernandez@example.net,Southeast,Regular,2024-06-27
C04356,Kelly Duncan,pjohnson@example.com,Midwest,New,2022-04-30
C04357,Alicia Beck,wheeleranthony@example.net,Midwest,Regular,2023-04-01
C04358,Kelli Berry,vphillips@example.com,West,Regular,2023-06-04
C04359,James Graham,markwilson@example.org,Northeast,Regular,2022-03-21
C04360,Brad Walton,llee@example.org,West,Regular,2023-11-30
C04361,Madison Hall,spotts@example.com,West,VIP,2022-03-10
C04362,Nicole Mccarthy,hshelton@example.net,Southwest,Regular,2022-11-09
C04363,Barbara Johnson,denise60@example.net,Northeast,Regular,2023-05-31
C04364,Tiffany Lawson,joneslisa@example.org,Northeast,Regular,2024-07-28
C04365,Bill Davis,barbarahodges@example.org,Northeast,Regular,2023-12-19
C04366,Matthew Jones,paul25@example.com,Southeast,Regular,2023-08-31
C04367,Sara Pearson,douglassuarez@example.net,Midwest,Regular,2024-05-15
C04368,Katherine Smith,hramirez@example.net,Southwest,Regular,2024-05-05
C04369,Elizabeth Hartman,lauriecastro@example.org,Midwest,New,2024-10-17
C04370,Adam Salazar,perrypaula@example.com,Southeast,Regular,2023-05-26
C04371,Michael Blake,abolton@example.net,West,Regular,2024-09-14
C04372,Ashley Patton,megandominguez@example.com,Southeast,Regular,2022-08-25
C04373,Carla George,williammercado@example.org,West,Regular,2024-12-28
C04374,Alex Alexander,wrightjames@example.net,Midwest,Regular,2022-01-06
C04375,Michael Walter,jerry92@example.org,Southeast,Regular,2023-05-01
C04376,Bryan Wagner,thomaspaul@example.org,Southwest,Regular,2023-12-21
C04377,Mr. Steven Smith,amy47@example.org,Midwest,Regular,2024-11-29
C04378,Jacob Cook,vshelton@example.com,Southeast,Regular,2022-05-29
C04379,Cody Bryant,johnbarnett@example.net,Southeast,VIP,2022-02-06
C04380,James Morales,victor47@example.com,West,Regular,2023-08-12
C04381,John Garner,shannonsmith@example.net,West,At-Risk,2023-01-10
C04382,Nicole Mccoy,davidallen@example.com,Southeast,Regular,2024-04-26
C04383,Edward Jones,janetwebster@example.com,West,Regular,2023-04-24
C04384,Christopher Mejia,khanjames@example.org,Southeast,New,2023-05-18
C04385,Robert Moore,cmurphy@example.org,Midwest,Regular,2024-06-27
C04386,Lindsey Durham,jsexton@example.net,Midwest,Regular,2023-05-21
C04387,Allen Craig,butlercarolyn@example.net,Southwest,Regular,2022-06-06
C04388,Anthony Gilbert,robert21@example.com,West,Regular,2023-06-14
C04389,Samantha Jones,scruz@example.com,Northeast,VIP,2023-01-16
C04390,Annette Hernandez,leslie57@example.com,Southeast,Regular,2023-08-01
C04391,Michael Ford,washingtonjennifer@example.net,Northeast,Regular,2024-02-20
C04392,Debbie Robinson,rsandoval@example.com,Midwest,Regular,2022-08-07
C04393,Mary Miller,paul22@example.net,Midwest,Regular,2024-11-21
C04394,Mary Powers,grayjohn@example.org,Midwest,At-Risk,2024-09-08
C04395,Ethan Barton,thomasstokes@example.org,Southwest,Regular,2022-12-10
C04396,Andrew Barnes,paulabecker@example.com,Northeast,Regular,2023-03-19
C04397,Kimberly Guzman,daviesrachel@example.com,Midwest,Regular,2024-11-22
C04398,Christopher Fields,hoganrichard@example.net,Midwest,New,2024-04-11
C04399,James White,zwood@example.net,Southwest,At-Risk,2022-09-01
C04400,Vincent Gregory,sarah01@example.net,West,Regular,2022-08-21
C04401,Jessica Lewis,mckeeelizabeth@example.net,West,Regular,2022-03-25
C04402,Mr. Justin Garcia,charlesmorales@example.net,Northeast,Regular,2024-02-23
C04403,John Watson,clairepeterson@example.com,Southwest,Regular,2022-06-24
C04404,Darren Pena,charles17@example.org,Northeast,At-Risk,2023-05-14
C04405,Tiffany Barnett,angelking@example.com,Northeast,New,2024-08-26
C04406,Stephanie Hodge,meganmann@example.com,West,Regular,2022-10-20
C04407,Rebecca Johnson,batesphillip@example.org,Midwest,Regular,2023-01-26
C04408,Richard Owens,royjamie@example.org,Midwest,Regular,2024-01-31
C04409,Deborah Villa,badkins@example.org,Northeast,Regular,2023-01-25
C04410,Leah Jimenez,lhouse@example.com,Northeast,Regular,2024-07-27
C04411,Andre Owens,stephanie22@example.com,Southwest,Regular,2023-07-14
C04412,Danielle Jones,singhlori@example.net,Southwest,Regular,2023-05-10
C04413,Emma Kent,qthompson@example.net,West,Regular,2022-09-24
C04414,Todd Smith,jeannedouglas@example.com,West,At-Risk,2022-07-02
C04415,Edward Daniels,jeffreygraves@example.com,West,Regular,2023-01-02
C04416,Caitlin Keller,fpetersen@example.org,Northeast,Regular,2024-01-15
C04417,Maria Anderson,torresdiana@example.org,Northeast,Regular,2023-02-14
C04418,Melissa Price,mariahhernandez@example.net,Southwest,New,2024-10-01
C04419,Samantha Jones,xmatthews@example.com,Northeast,Regular,2024-06-29
C04420,Jake Burton,pamelaking@example.net,West,New,2022-01-04
C04421,Matthew Walker,jmarsh@example.org,Southwest,At-Risk,2023-08-19
C04422,Stacey Ho,qclarke@example.com,Northeast,Regular,2022-04-03
C04423,Pamela Rivera,ruizjoshua@example.com,Southwest,Regular,2024-03-28
C04424,Austin Curtis,owu@example.org,Southeast,Regular,2023-07-06
C04425,Ryan Campbell,genemiller@example.net,Northeast,Regular,2023-02-07
C04426,William Williams,bennettstephanie@example.org,Northeast,At-Risk,2023-10-05
C04427,Kenneth Mitchell,ashley42@example.com,Southwest,Regular,2024-09-13
C04428,Mary Jimenez,rothjerome@example.com,Southeast,At-Risk,2024-02-07
C04429,Lisa Davis,conleytony@example.com,Southwest,Regular,2023-11-27
C04430,Thomas Anderson,jill41@example.net,Midwest,Regular,2024-01-01
C04431,Jason Kerr,chasecruz@example.net,Midwest,New,2023-09-27
C04432,Ms. Rhonda Davenport,mosleyvictor@example.org,Southeast,New,2022-12-21
C04433,Jim Price,amber73@example.com,Midwest,VIP,2023-02-02
C04434,Sharon Gates,mistystokes@example.net,West,Regular,2023-02-08
C04435,Erin Odom,howardhenry@example.com,West,At-Risk,2022-03-21
C04436,Mitchell Reed,omar72@example.com,Southwest,Regular,2024-11-04
C04437,Chad Hopkins,tammygolden@example.org,Southwest,Regular,2023-09-25
C04438,Paul Ingram,hleon@example.org,Southwest,Regular,2023-05-29
C04439,Ashley Mcgee,daniel82@example.com,Southeast,Regular,2023-07-14
C04440,Anthony Lowery,michaelanderson@example.org,Midwest,Regular,2024-02-14
C04441,Kyle Bean,colleen13@example.org,Midwest,At-Risk,2024-06-26
C04442,Jacqueline West,eberry@example.org,Midwest,At-Risk,2024-04-29
C04443,Nathan Jones,rriddle@example.net,Northeast,At-Risk,2024-08-10
C04444,John Smith,branchchristopher@example.net,Southwest,VIP,2023-09-07
C04445,Alexis Cruz,ryanellis@example.com,Southwest,Regular,2024-08-09
C04446,Paige Murray,idavis@example.net,Southwest,Regular,2022-08-10
C04447,Jorge Taylor,johnsonbradley@example.com,Midwest,Regular,2023-08-11
C04448,Christine Chung,russell75@example.com,West,Regular,2024-08-23
C04449,Stephen Ramsey,frazierharry@example.net,Southwest,New,2024-01-16
C04450,Christopher Jones,zhouston@example.net,Midwest,Regular,2022-08-21
C04451,Sarah Gray,erichodge@example.com,Southwest,Regular,2022-03-20
C04452,Alicia Smith,yolanda85@example.org,Southwest,Regular,2024-03-15
C04453,John Peters,zwhite@example.org,Southeast,Regular,2024-03-07
C04454,David Nguyen,kristin83@example.net,Southeast,Regular,2024-04-09
C04455,Katelyn Mcclain,marytaylor@example.org,Midwest,Regular,2024-03-10
C04456,Anthony Gray,webermisty@example.com,Northeast,Regular,2023-02-14
C04457,Joshua Miller,schultzkari@example.net,Northeast,Regular,2023-05-02
C04458,Joseph Perez,sroberts@example.org,Southeast,Regular,2024-02-14
C04459,Patricia Smith,larsonsamantha@example.com,Northeast,At-Risk,2024-02-06
C04460,Tanya Davidson,morrisonmaria@example.net,Northeast,Regular,2023-11-22
C04461,Ryan Taylor,smyers@example.com,West,New,2023-05-13
C04462,Alicia Nguyen,regina56@example.org,Southwest,Regular,2023-06-05
C04463,Carmen King,ryan93@example.net,Midwest,Regular,2024-10-12
C04464,Rebecca Wilson,swall@example.net,West,New,2024-08-01
C04465,Mark Wiley,masondavid@example.org,West,Regular,2024-08-30
C04466,Dr. Dylan Trevino,sarah66@example.org,Southeast,New,2023-12-06
C04467,Ian Salinas,alexis51@example.com,Southeast,Regular,2024-04-28
C04468,Emily Bryant,wadams@example.net,Southeast,Regular,2024-04-15
C04469,Cory Garcia,barbara38@example.org,Midwest,Regular,2024-09-26
C04470,Kayla Jones,zadams@example.net,Southeast,Regular,2023-12-22
C04471,Carmen Jones,crystal90@example.net,West,Regular,2023-07-16
C04472,Leslie Nelson,roger61@example.net,Southeast,New,2024-09-08
C04473,Andrew Rios,edward74@example.com,Southwest,New,2022-07-22
C04474,Kristine Weaver,csantos@example.com,Midwest,Regular,2023-04-30
C04475,Gary Garza,shane79@example.com,Southeast,Regular,2024-02-03
C04476,Stephen Edwards,jonesalan@example.org,Northeast,Regular,2024-05-01
C04477,Keith Miller,edwardsamy@example.net,Southwest,Regular,2022-09-30
C04478,Sonia Day,smithanthony@example.net,Southeast,Regular,2024-01-30
C04479,Linda Mcknight,kinglisa@example.net,Southeast,Regular,2024-07-13
C04480,Holly Evans,jdavis@example.com,Northeast,Regular,2022-07-25
C04481,Christina Anderson,walshryan@example.com,Southeast,VIP,2022-02-27
C04482,Olivia Robbins,lance81@example.net,Midwest,Regular,2022-07-28
C04483,Mark Simmons,swansonsarah@example.org,Southwest,Regular,2022-09-24
C04484,Christina Ellison,campbellronald@example.com,Midwest,Regular,2022-07-02
C04485,Kristin Smith,lpaul@example.com,West,Regular,2024-04-23
C04486,Theresa Jimenez,staceyflowers@example.net,Northeast,Regular,2024-10-17
C04487,Joshua Schneider,aaron13@example.com,Northeast,At-Risk,2023-02-16
C04488,Dawn Sosa,hgay@example.net,West,Regular,2024-05-03
C04489,Ruben Walker,vasquezbrandi@example.com,West,Regular,2023-01-26
C04490,Kelsey Buchanan,millskimberly@example.org,West,Regular,2024-10-06
C04491,Karen Lucero,chendonald@example.com,West,New,2024-03-29
C04492,Jonathan Perry,kenneth85@example.org,West,Regular,2023-04-25
C04493,Laura Wade PhD,josephdavis@example.com,Midwest,At-Risk,2023-05-04
C04494,Jodi Moore,jason89@example.net,Northeast,VIP,2023-05-05
C04495,Melissa Walker,hlee@example.org,Northeast,New,2023-07-06
C04496,Matthew Ruiz,diana60@example.com,West,Regular,2023-01-16
C04497,Adam Patton,tamarawebb@example.com,Southeast,Regular,2022-09-12
C04498,Nicole Daniels,qlee@example.net,Northeast,Regular,2024-01-21
C04499,Timothy Moore,murphydavid@example.net,Southwest,Regular,2023-09-23
C04500,Hannah Flores,juanrodriguez@example.org,Northeast,Regular,2022-02-25
C04501,Gina Chavez,youngshawn@example.com,Southeast,Regular,2024-07-05
C04502,Julia Tucker,catherinecarter@example.net,Southeast,Regular,2023-04-09
C04503,Natalie Thomas,kevinmoon@example.com,Southwest,At-Risk,2022-11-02
C04504,Timothy Williams,wilsonnicole@example.com,Midwest,Regular,2023-10-11
C04505,Kathleen Williams,william58@example.org,Northeast,Regular,2022-06-30
C04506,Andrew Kaiser,dmueller@example.net,Northeast,Regular,2024-05-06
C04507,Andrew Thompson,brandon82@example.com,Midwest,At-Risk,2022-04-27
C04508,Tiffany Dominguez,dsmith@example.org,Southeast,Regular,2022-04-25
C04509,Miss Joanna Solis,fnelson@example.com,Southwest,Regular,2023-06-26
C04510,Haley Pierce,rebecca23@example.org,Southwest,At-Risk,2023-07-09
C04511,Alan Cooper,qmontoya@example.com,Midwest,Regular,2024-10-30
C04512,Daniel Nelson,kellerphillip@example.net,Midwest,Regular,2024-04-30
C04513,Rebecca Nash,ywaters@example.org,Southwest,Regular,2022-01-26
C04514,Dawn Taylor,dwarren@example.net,Northeast,Regular,2022-06-16
C04515,Seth Ross,allenronald@example.com,Southeast,At-Risk,2023-02-17
C04516,Sarah Andrews,erik23@example.com,Northeast,VIP,2024-11-14
C04517,Summer Williamson,xavier70@example.com,West,At-Risk,2022-09-07
C04518,Marc Thompson,scottherring@example.net,Southeast,Regular,2024-08-23
C04519,Kenneth Warren,hcole@example.net,Southeast,Regular,2023-12-30
C04520,Mark Farley,rmitchell@example.net,Southeast,New,2024-12-25
C04521,Mrs. Rebecca Reed,josephrodriguez@example.net,Southeast,Regular,2024-02-11
C04522,Jackie Tran,awalls@example.com,Midwest,VIP,2024-03-11
C04523,Lisa Sanders,nhall@example.org,West,Regular,2023-01-14
C04524,Dan Hendrix,vancekelsey@example.org,Northeast,Regular,2022-07-03
C04525,Elizabeth Odom,scottnicole@example.org,Northeast,New,2022-08-19
C04526,Timothy Zavala,caitlinhampton@example.com,Southwest,Regular,2024-11-30
C04527,Amanda Mason,rachel17@example.org,Northeast,VIP,2022-05-06
C04528,Nicole Castillo,wcummings@example.net,Southwest,Regular,2022-07-06
C04529,Emily Aguirre,sarahcervantes@example.org,Northeast,New,2023-05-30
C04530,Lawrence Conley,phillipskevin@example.com,Midwest,Regular,2023-12-20
C04531,Jimmy Cowan MD,jamie39@example.com,West,Regular,2023-04-29
C04532,Samuel Willis,jonesgeorge@example.net,Southwest,Regular,2023-12-24
C04533,Joshua Ruiz,regina71@example.net,West,Regular,2024-09-02
C04534,Ann Santana,dakota62@example.net,Southwest,Regular,2023-07-29
C04535,Elijah Martinez,jose94@example.net,Southwest,At-Risk,2022-02-26
C04536,Robert Marshall,jedwards@example.com,Midwest,Regular,2023-04-27
C04537,Allison Knight,mark88@example.net,Southeast,Regular,2022-05-19
C04538,Michelle Christensen,schmidtalexander@example.net,Southwest,Regular,2023-03-09
C04539,Karen Johnson,zbuchanan@example.net,Northeast,Regular,2022-06-06
C04540,Richard Roach,elizabeth64@example.net,Midwest,At-Risk,2024-05-02
C04541,Jeffrey Reed,aeaton@example.net,Northeast,Regular,2023-03-10
C04542,Bob Fletcher,bavila@example.org,Southeast,New,2023-05-16
C04543,Harold Blake,welchgregory@example.com,Midwest,At-Risk,2023-02-11
C04544,Jay Proctor,xthomas@example.net,Midwest,Regular,2022-04-25
C04545,Jason Gomez PhD,mark39@example.com,Southeast,New,2022-06-12
C04546,Bill Roberts,shawncolon@example.com,Midwest,Regular,2024-04-13
C04547,Noah Nelson,fphillips@example.com,Midwest,At-Risk,2024-06-10
C04548,Debbie Kidd,kelseywilliams@example.net,Southeast,Regular,2023-01-09
C04549,Tara Pennington,valdezdavid@example.net,Northeast,Regular,2022-02-28
C04550,Michele Russo,lisanewman@example.org,Midwest,Regular,2023-07-31
C04551,Julia Pierce,bcarter@example.com,Southwest,Regular,2022-12-15
C04552,Jessica Love,matthew12@example.com,West,Regular,2022-11-27
C04553,Ruth Williams,garciaamber@example.org,Southeast,Regular,2023-10-14
C04554,Danielle Humphrey,crossapril@example.org,West,At-Risk,2022-10-20
C04555,Levi Jones,daniel81@example.com,Northeast,Regular,2023-01-20
C04556,Taylor Sloan,stacy26@example.org,Midwest,Regular,2023-02-21
C04557,Savannah Murphy,oliverjoshua@example.org,Northeast,New,2023-08-06
C04558,Audrey Ward,kurt31@example.org,Northeast,VIP,2024-09-26
C04559,Amanda Hunter,davisjessica@example.net,Southwest,At-Risk,2022-05-26
C04560,Laura Anderson,mandrews@example.org,West,Regular,2024-11-30
C04561,Christopher Spence,lisaalexander@example.org,Northeast,At-Risk,2023-06-17
C04562,Paul Reyes,mhouse@example.net,Southeast,Regular,2024-09-22
C04563,Kevin Thompson,jesse51@example.org,West,Regular,2024-07-31
C04564,Marc Silva,jowens@example.net,Southeast,Regular,2024-11-25
C04565,Matthew Lewis,dbowen@example.org,Southeast,Regular,2023-08-18
C04566,Andrea Rivera,joseph52@example.net,Southwest,Regular,2022-09-13
C04567,Maxwell Rocha MD,herringshannon@example.org,Midwest,Regular,2024-09-17
C04568,Karen Lloyd,kevin72@example.net,Midwest,Regular,2023-04-05
C04569,Heather Sanders,howardrachael@example.net,Southeast,Regular,2024-11-17
C04570,Nancy Mcbride,jessica87@example.org,Southeast,Regular,2024-01-05
C04571,Stanley Reynolds,hlewis@example.com,Northeast,Regular,2022-08-02
C04572,Randy Gross,williamlopez@example.org,Northeast,Regular,2022-12-08
C04573,Melinda Rocha,dharris@example.org,Southeast,New,2024-04-22
C04574,Justin Townsend,cbarron@example.net,Southwest,New,2024-10-04
C04575,Douglas Chapman,tuckerandrea@example.org,West,Regular,2022-10-12
C04576,Ashley Lawson,shannon97@example.org,West,Regular,2024-11-11
C04577,Rachel Grant,peter89@example.org,Midwest,Regular,2024-10-21
C04578,James Cherry,gina18@example.net,West,Regular,2024-01-20
C04579,Tracey Townsend,nicholsthomas@example.com,Southwest,New,2024-07-06
C04580,Gina Davis,terri66@example.org,Southeast,Regular,2022-08-16
C04581,Philip Austin,qadams@example.net,Midwest,Regular,2022-03-18
C04582,Emma Nguyen,prattjeffrey@example.org,Southeast,Regular,2022-02-22
C04583,Alice Jones,mejiajessica@example.net,Southeast,At-Risk,2022-09-21
C04584,Kristen Miller,kimberly70@example.net,Midwest,Regular,2023-04-12
C04585,David Fletcher,heidishannon@example.net,Southwest,Regular,2023-03-30
C04586,Brendan Ross,clloyd@example.org,Southwest,Regular,2024-04-04
C04587,David Mills,burkepamela@example.com,Southwest,Regular,2024-03-09
C04588,David Williams,katherinebaker@example.com,Southwest,Regular,2023-12-01
C04589,Zachary Roach,jerry63@example.com,Southeast,VIP,2022-12-09
C04590,Linda Silva,randall46@example.net,Southeast,Regular,2023-09-02
C04591,Riley Perez,jennifer83@example.org,Southeast,Regular,2024-12-22
C04592,Sean Thomas,cynthiawarner@example.com,Southwest,Regular,2024-04-22
C04593,Andres Brown,andrea28@example.org,Southwest,Regular,2022-09-25
C04594,Jacob Howell,justingill@example.com,Midwest,New,2022-02-20
C04595,Christine Guerra,reillyalexandria@example.com,West,New,2022-03-17
C04596,David Sanders,maynardbrad@example.com,Southeast,Regular,2024-02-09
C04597,Lisa Ball,stevensbrad@example.net,West,Regular,2024-02-08
C04598,Chase Myers,shawnwoodard@example.org,Southeast,Regular,2022-10-16
C04599,Bruce Wilson,oliviagonzalez@example.com,Northeast,At-Risk,2022-04-13
C04600,Rebecca Reid,munderwood@example.org,Northeast,Regular,2024-10-03
C04601,Joe Allison,jeremy38@example.com,Southwest,Regular,2022-07-03
C04602,Michael Spencer,caleb40@example.net,Midwest,New,2023-04-06
C04603,Wayne Palmer,bakerdarlene@example.net,West,Regular,2023-02-11
C04604,Robert Tucker,mmaynard@example.org,Southeast,Regular,2023-09-15
C04605,Donald Price,njohnson@example.org,West,Regular,2022-07-25
C04606,Mark Raymond,jonesstephen@example.org,Northeast,Regular,2022-04-13
C04607,Corey Jones,michaelnelson@example.com,Southeast,Regular,2023-07-02
C04608,Amy Armstrong,williamsmary@example.org,Southwest,Regular,2024-11-29
C04609,Donna Jones,ibrewer@example.net,Northeast,Regular,2022-11-22
C04610,Sarah Phillips,heather14@example.com,Southeast,Regular,2024-04-20
C04611,Barbara Wood,hsmith@example.org,Northeast,Regular,2022-07-12
C04612,Donald Green,hudsoncraig@example.com,Northeast,Regular,2022-12-04
C04613,Amanda Owen,joe78@example.org,Northeast,VIP,2022-02-17
C04614,Alexander Thomas,cynthiafreeman@example.net,Midwest,Regular,2023-10-13
C04615,Johnathan Baker,mlivingston@example.net,Southeast,New,2022-10-06
C04616,Miss Haley Faulkner,chanshannon@example.com,Southwest,Regular,2024-12-05
C04617,Jason Foster,ekelley@example.net,Southeast,Regular,2024-06-03
C04618,Dr. Timothy Huang,rgreen@example.com,West,Regular,2024-07-26
C04619,Melissa Butler,benjamin45@example.net,Southeast,Regular,2022-06-25
C04620,Jean Greene,ryan35@example.org,West,Regular,2022-03-31
C04621,Kevin Ruiz,xbarajas@example.com,Southwest,Regular,2022-06-26
C04622,Sharon Frank,wharmon@example.com,West,New,2023-08-10
C04623,John Dougherty,glennmccullough@example.org,Midwest,At-Risk,2024-12-20
C04624,Kristi Morgan,smorris@example.com,Southeast,Regular,2024-09-26
C04625,Stephen Johnson,ggomez@example.com,Southwest,New,2022-05-10
C04626,Ricardo Hobbs,greeranita@example.com,Northeast,Regular,2024-06-20
C04627,Robert Cruz,eric29@example.com,Southwest,VIP,2024-08-24
C04628,Jeffery Diaz,pdiaz@example.org,West,New,2023-10-18
C04629,Glen Howell,josephdixon@example.com,Midwest,Regular,2023-04-26
C04630,Bryan Jenkins,nicholascarlson@example.com,Midwest,Regular,2023-10-18
C04631,Samantha Aguirre,amymartinez@example.net,Southeast,At-Risk,2022-01-17
C04632,Jason Henson,jessicaparrish@example.com,Southeast,VIP,2023-08-20
C04633,Gerald Shaw,zbradley@example.com,Southeast,At-Risk,2023-11-11
C04634,Jonathan Skinner,wking@example.com,West,Regular,2022-03-07
C04635,Allison Bell,hessheather@example.com,Northeast,Regular,2022-05-14
C04636,Brian Cruz,deleondebra@example.org,West,Regular,2024-05-27
C04637,Peggy Mcclure,tamara44@example.com,West,Regular,2023-10-17
C04638,Michael Padilla,emily82@example.com,Northeast,Regular,2022-05-02
C04639,Gregory Smith,iday@example.org,Southwest,New,2024-04-28
C04640,Andrea Jones,phillipstaylor@example.net,West,Regular,2022-07-28
C04641,Joan Bowen,eric44@example.net,Southwest,New,2023-05-31
C04642,Austin Clark,john00@example.org,Southwest,Regular,2024-10-02
C04643,Julia Lambert,danielcarey@example.com,Southwest,Regular,2024-10-20
C04644,Caleb Strong,shelbyalvarez@example.org,Midwest,Regular,2022-06-29
C04645,Kayla Sanchez,tammyevans@example.net,Southwest,New,2024-07-24
C04646,Michele Norris,jenniferwolf@example.com,Midwest,Regular,2024-07-07
C04647,Miss Diana Zimmerman,swolfe@example.org,Southwest,Regular,2023-01-09
C04648,Michael Alvarado,rebecca62@example.com,Southeast,At-Risk,2022-01-29
C04649,Roy Blackburn,andersonandrew@example.com,West,New,2024-02-14
C04650,Katrina Richardson,benjaminjohnson@example.net,Southeast,Regular,2023-05-04
C04651,Charles Peters,wallelizabeth@example.org,Midwest,New,2023-09-07
C04652,Erica Harper,lisanavarro@example.com,Southeast,Regular,2023-08-21
C04653,Jennifer Castillo,masonstephanie@example.net,West,New,2024-06-06
C04654,Gary Stewart,bairdrobert@example.org,Midwest,Regular,2023-11-14
C04655,Regina Brown,rodriguezgeorge@example.org,Southwest,Regular,2022-10-03
C04656,Cynthia Acevedo,jenkinsbrian@example.com,Midwest,Regular,2022-02-05
C04657,Cathy Meza,reginaldmyers@example.net,Northeast,Regular,2022-07-24
C04658,Katherine Wyatt,zachary60@example.org,Southwest,Regular,2023-07-23
C04659,Heidi Thomas,moorestephanie@example.net,Southeast,Regular,2024-01-18
C04660,Benjamin Jenkins,cbird@example.org,Northeast,New,2022-08-16
C04661,Trevor Zimmerman,njenkins@example.com,Midwest,Regular,2024-01-16
C04662,Brenda Harrison,dawnhoward@example.org,West,Regular,2024-06-06
C04663,Alexander Greene,samuellove@example.com,Northeast,Regular,2023-05-25
C04664,Aaron Duncan,dominic67@example.com,Midwest,Regular,2022-10-22
C04665,Matthew Dillon,clarkchelsea@example.com,Southeast,Regular,2024-01-26
C04666,Virginia Welch,lopezwendy@example.org,Midwest,Regular,2023-09-30
C04667,Kathy Crawford,jacob77@example.com,Midwest,Regular,2024-07-30
C04668,Sydney Lane,williammckinney@example.org,Southwest,Regular,2023-01-18
C04669,Michael Salazar,paynecrystal@example.com,West,New,2024-04-13
C04670,Allison Mercado,westsamantha@example.net,West,Regular,2023-04-11
C04671,Reginald Lee,jeremy23@example.net,West,Regular,2024-10-23
C04672,Tracey Ramirez,anna76@example.org,Northeast,Regular,2022-12-18
C04673,Mark York,sharonweber@example.net,Southwest,Regular,2024-09-08
C04674,Ashley Hayes,natalie23@example.com,Midwest,Regular,2024-08-05
C04675,Katie Jones,smithanthony@example.com,Midwest,New,2022-12-24
C04676,Kathy Herrera,gstrickland@example.org,Midwest,Regular,2022-09-09
C04677,Vanessa Griffin,walkerrobert@example.net,Midwest,Regular,2022-11-06
C04678,Jennifer Cook,lsmith@example.org,Southwest,Regular,2024-11-22
C04679,Kevin Brown,hthompson@example.com,Southeast,New,2024-03-12
C04680,Michelle Goodman,rowebrenda@example.org,Southwest,Regular,2024-01-23
C04681,Jennifer Solis,harrisdwayne@example.org,Southwest,Regular,2022-06-25
C04682,Heather Rodriguez,smacias@example.com,Southwest,Regular,2023-02-26
C04683,Angela Jackson,coxlindsay@example.org,West,Regular,2022-09-24
C04684,Kenneth Smith,gerald01@example.net,Northeast,Regular,2023-10-25
C04685,Amy Wilson,ibailey@example.com,West,Regular,2023-12-08
C04686,Linda Vasquez,ocarter@example.com,Midwest,Regular,2023-01-12
C04687,Phillip Cox,spencerbryant@example.net,West,New,2023-03-24
C04688,Matthew Lloyd,heather10@example.com,Midwest,New,2022-03-06
C04689,Mark Jones,eatonelijah@example.com,Midwest,Regular,2022-02-24
C04690,Marcus Harris,adamnolan@example.net,West,Regular,2023-12-22
C04691,Robert Stephens,bradley51@example.net,Southeast,VIP,2023-04-29
C04692,Patrick Hernandez,diane18@example.net,Midwest,New,2024-09-05
C04693,Daniel Bullock,morenojill@example.com,Midwest,Regular,2022-10-29
C04694,Jason Barrett,iharris@example.org,Southwest,Regular,2022-07-07
C04695,Tara Sims,dholder@example.org,Northeast,VIP,2024-05-21
C04696,Billy Henderson,susanmiller@example.com,Midwest,VIP,2023-02-02
C04697,Samuel Torres,haasbrian@example.org,Northeast,New,2023-02-23
C04698,Jeffrey Johnston,matthew67@example.org,West,Regular,2022-02-24
C04699,Joseph Simon,reedchristopher@example.net,Midwest,Regular,2023-02-21
C04700,Krista Wilson,lori62@example.org,Midwest,Regular,2022-04-02
C04701,James Gay,wpennington@example.org,Midwest,Regular,2022-02-09
C04702,Paul Holland,erinmiller@example.com,Northeast,Regular,2024-12-07
C04703,Felicia James,jenna96@example.net,Southeast,Regular,2024-05-17
C04704,William Reilly,blakekirk@example.org,Northeast,Regular,2023-04-23
C04705,Jessica Porter,perryandrew@example.net,Northeast,New,2023-06-26
C04706,Kyle Anderson,patriciamoreno@example.org,Northeast,Regular,2023-04-09
C04707,Justin Perry,patrickkelley@example.org,Southwest,At-Risk,2024-04-17
C04708,Carrie Andersen,anthonypayne@example.com,Northeast,Regular,2022-11-30
C04709,John Wilkinson,abrown@example.org,Northeast,Regular,2024-03-09
C04710,Kristin Joseph,brice@example.net,Southwest,At-Risk,2024-07-08
C04711,Kara Carlson,mkennedy@example.net,Northeast,Regular,2023-06-14
C04712,Jonathan Summers,crystal83@example.com,Midwest,At-Risk,2022-12-08
C04713,Samantha Wright,david54@example.com,Southwest,Regular,2023-03-27
C04714,Phillip Harrell,pjimenez@example.org,Midwest,Regular,2024-09-22
C04715,Olivia Oneal,laura14@example.org,Midwest,VIP,2023-02-11
C04716,Steven Smith,kevinmoore@example.net,Northeast,VIP,2024-02-01
C04717,Sonya French,martinkaitlyn@example.net,West,Regular,2024-06-19
C04718,Mark Rojas,nicole83@example.com,Midwest,Regular,2024-03-23
C04719,Robin Sims,colleen72@example.org,Southeast,Regular,2022-09-13
C04720,Michael Stone,laurenmeyer@example.net,Southeast,Regular,2024-04-13
C04721,Ruben Esparza,nancy77@example.net,Southwest,VIP,2024-08-09
C04722,Betty Delgado,tonybrown@example.org,Southwest,Regular,2022-09-21
C04723,Donna West MD,mcknightvictoria@example.com,West,Regular,2024-08-23
C04724,Patrick Gutierrez,xvasquez@example.com,West,Regular,2024-04-24
C04725,Tony Griffin,jmcknight@example.net,Southwest,VIP,2023-06-03
C04726,Kayla Coleman,iweber@example.com,Southeast,Regular,2023-12-13
C04727,Samantha Johns,sean71@example.net,West,New,2023-06-05
C04728,Eric Moore,ruben96@example.org,Northeast,Regular,2023-01-05
C04729,Raymond Thompson,shelly34@example.net,Southwest,New,2022-10-09
C04730,Leah Hartman,baileyhannah@example.org,Northeast,At-Risk,2024-07-31
C04731,Theresa Whitehead,debbielandry@example.org,West,Regular,2022-12-26
C04732,Michael Herrera,scurtis@example.com,Northeast,Regular,2022-05-08
C04733,Andrea Paul,crawfordhannah@example.org,Northeast,New,2024-06-21
C04734,George Torres,rayann@example.net,Midwest,Regular,2024-03-01
C04735,Tracy Thompson,vhamilton@example.com,Southeast,Regular,2022-07-21
C04736,Jonathan Howell,rodriguezterri@example.com,Midwest,Regular,2023-10-15
C04737,William Cobb,susan20@example.net,Southwest,Regular,2024-06-10
C04738,Erik Smith,gbrown@example.com,West,At-Risk,2022-03-21
C04739,Joseph Lee,blakesteven@example.org,Southwest,At-Risk,2022-05-14
C04740,Misty Pham,tiffanymoore@example.com,Midwest,Regular,2022-07-30
C04741,Karen Anderson,imorris@example.com,Southeast,VIP,2024-10-28
C04742,Christina Ayers,victor92@example.com,West,Regular,2022-07-24
C04743,Mrs. Janice Hunter,johnperry@example.com,Northeast,Regular,2024-06-26
C04744,David Fox,millerchristy@example.net,Midwest,Regular,2023-10-10
C04745,Sarah Griffin,whitney43@example.com,Southwest,Regular,2023-06-22
C04746,Megan Heath,ogalloway@example.org,West,Regular,2024-01-28
C04747,Paul Page,millerrichard@example.org,Southwest,Regular,2023-10-20
C04748,Nicole Terry,adam30@example.net,Southeast,Regular,2023-07-12
C04749,George Berry,egreen@example.org,Northeast,Regular,2024-09-10
C04750,Joel Espinoza,amanda16@example.com,Southwest,Regular,2022-11-24
C04751,Angel Patrick,josephrush@example.com,Northeast,At-Risk,2023-01-17
C04752,Shannon Stephens,thomas93@example.org,Southwest,Regular,2023-08-22
C04753,Keith Gonzalez,saraschmidt@example.com,Midwest,New,2022-04-25
C04754,Barbara Arias,timothyjohnston@example.com,Northeast,Regular,2022-10-27
C04755,Danielle Smith,iodom@example.com,West,Regular,2024-08-19
C04756,David Hill,walkerrobert@example.net,West,At-Risk,2022-10-01
C04757,Deborah Harris,robinsongeorge@example.org,Southeast,New,2024-08-26
C04758,Joanne Riley,alexandra18@example.org,West,Regular,2022-04-21
C04759,Rita Freeman,mgarrett@example.net,Midwest,Regular,2023-06-10
C04760,Karen Weber,davidflores@example.com,West,Regular,2022-11-21
C04761,Jack Ward,sullivanmatthew@example.net,West,New,2022-03-06
C04762,Adam Kemp,glendadavis@example.org,West,Regular,2022-08-06
C04763,Katherine Torres,caldwellsherry@example.org,Southwest,Regular,2022-07-24
C04764,Stephanie Allen,huynhpatrick@example.com,Northeast,Regular,2023-08-11
C04765,Derek Greer,annette23@example.net,Southeast,Regular,2022-04-15
C04766,Amanda Wright,joannhenry@example.org,Southeast,Regular,2023-03-16
C04767,Charles Garcia,doylealyssa@example.org,Midwest,Regular,2024-07-24
C04768,Roy Jimenez,aaron77@example.net,Northeast,Regular,2022-08-06
C04769,Jennifer Hudson DDS,latoya44@example.org,Northeast,Regular,2022-04-08
C04770,William Guzman,aguilardiane@example.com,West,Regular,2022-06-12
C04771,Tyler Marshall,kellyallen@example.net,Southwest,At-Risk,2022-07-17
C04772,Jordan Gardner,elizabeth96@example.com,Southwest,Regular,2024-07-16
C04773,Amber Holland,melanie22@example.com,Northeast,At-Risk,2023-04-17
C04774,Nancy Daugherty,patrick18@example.net,Northeast,Regular,2024-07-17
C04775,Kiara Barrett,walkerrachel@example.net,West,Regular,2023-08-17
C04776,Gabriel Jimenez,mariaward@example.org,Midwest,At-Risk,2024-12-07
C04777,Douglas Aguilar,uholmes@example.org,Midwest,Regular,2024-10-21
C04778,Jacqueline Kerr,kmurray@example.org,West,Regular,2024-07-23
C04779,Katrina Evans,melissadalton@example.net,West,Regular,2022-10-06
C04780,Robert Salazar,amandasullivan@example.com,Southeast,New,2024-09-19
C04781,Alexis Lewis,nicholascoleman@example.net,Northeast,Regular,2022-04-02
C04782,Morgan Parker,amandamccoy@example.com,Northeast,New,2024-03-25
C04783,Jonathan Wilson,yhobbs@example.com,Southeast,New,2024-03-06
C04784,Scott Smith,mercedes14@example.net,Southwest,Regular,2022-04-20
C04785,David Holden PhD,thomaskelly@example.net,Midwest,New,2024-06-25
C04786,Patrick Delgado,josewilliams@example.com,Midwest,Regular,2024-01-08
C04787,Brenda Waters,blong@example.net,Southwest,Regular,2024-03-24
C04788,Deanna Webb,jeffrey39@example.net,Midwest,At-Risk,2023-03-21
C04789,Yvette Ramirez,chelseasanchez@example.com,Northeast,Regular,2023-10-22
C04790,Rhonda Robinson,robert40@example.net,Northeast,Regular,2024-02-28
C04791,Kiara Brown,jamesstephen@example.net,Southeast,Regular,2023-09-24
C04792,Judith White,rmoore@example.org,Southeast,New,2023-07-17
C04793,Margaret Yates,faustin@example.net,Southeast,New,2023-01-27
C04794,Melanie Wilson,andreasimpson@example.org,Northeast,Regular,2024-05-29
C04795,Amanda Smith,doliver@example.net,Midwest,Regular,2022-10-20
C04796,Nicolas Nelson,olivia67@example.org,Northeast,Regular,2023-07-14
C04797,Brittany Scott,mwest@example.com,Northeast,Regular,2022-06-11
C04798,Michaela Burns,qbrown@example.org,Southwest,Regular,2024-05-12
C04799,Kimberly Shepherd,qowens@example.org,Southeast,Regular,2024-12-23
C04800,John Odom,hernandezcarolyn@example.org,West,New,2023-08-29
C04801,Kathleen Jenkins,gbush@example.com,Southwest,VIP,2024-06-20
C04802,Tiffany Green,dmay@example.org,Southwest,Regular,2024-03-01
C04803,Reginald Gonzalez,ibarradebbie@example.org,West,Regular,2024-03-08
C04804,Megan Koch,zhughes@example.com,Northeast,At-Risk,2024-05-25
C04805,Dr. Brenda Williams,jeffrey35@example.net,Southeast,VIP,2022-09-06
C04806,Gabrielle White,nreeves@example.org,Southeast,New,2022-05-03
C04807,Brittany Chase,brian58@example.org,Northeast,New,2024-05-12
C04808,Lauren Gaines DDS,ewilson@example.org,Midwest,Regular,2023-12-10
C04809,Christian Hopkins,jessicagonzalez@example.org,Southeast,Regular,2024-04-17
C04810,Kimberly Evans,thompsondavid@example.com,Northeast,Regular,2023-07-28
C04811,Linda Conway,fergusonashley@example.com,Southwest,Regular,2024-09-14
C04812,David Smith,donnarivas@example.org,Midwest,Regular,2023-02-06
C04813,Joshua Butler,osmith@example.net,Midwest,Regular,2022-10-03
C04814,Christine Powell,bellis@example.com,Midwest,Regular,2023-04-30
C04815,John Thompson,rsanchez@example.org,Midwest,Regular,2024-03-27
C04816,Shannon Harper,tyoung@example.org,Southwest,Regular,2022-03-10
C04817,Deborah Garcia,ylee@example.org,Northeast,Regular,2024-06-02
C04818,Steven Duncan,vlopez@example.org,Southeast,Regular,2022-06-29
C04819,Jasmine Phillips,dixonrachel@example.net,Northeast,Regular,2024-11-30
C04820,Christine Williams,jonesjeffrey@example.org,West,Regular,2023-11-01
C04821,Ryan Martinez,john76@example.net,West,Regular,2024-11-22
C04822,Jaime Hansen,megan17@example.org,West,Regular,2023-01-05
C04823,Cassandra Davis,christinafranklin@example.com,Southeast,Regular,2023-11-08
C04824,Joel Ramirez,ekirk@example.net,Southwest,Regular,2024-09-15
C04825,Frederick Luna,amacias@example.net,West,Regular,2022-04-08
C04826,William Jones,cynthia24@example.com,Southeast,New,2024-11-05
C04827,George Walters,vnoble@example.org,Midwest,At-Risk,2023-04-03
C04828,Kenneth Joseph,xwilson@example.com,Midwest,VIP,2022-09-28
C04829,Tara Mitchell,norriszachary@example.org,West,At-Risk,2022-07-23
C04830,Amanda Guerrero,cstevens@example.com,Southeast,VIP,2023-08-08
C04831,Andre Underwood,paula82@example.net,Southwest,Regular,2022-08-13
C04832,Steven Burgess,qtaylor@example.org,Southeast,New,2023-06-24
C04833,Jacqueline Ramos,leah13@example.net,West,Regular,2024-02-15
C04834,David Pham,karenpatterson@example.net,West,Regular,2022-02-15
C04835,Jacob Nguyen,tiffanychoi@example.org,Midwest,Regular,2023-10-22
C04836,Justin Clark,joanne14@example.net,Southeast,Regular,2022-08-08
C04837,Casey Leonard,uburch@example.org,Northeast,Regular,2022-10-17
C04838,Thomas Baker,barbara07@example.net,Southwest,At-Risk,2023-12-13
C04839,Todd Williams,shines@example.net,Southwest,New,2023-10-20
C04840,Jerry Bailey,rubiostephanie@example.net,Midwest,New,2022-06-11
C04841,Robert Finley,brian30@example.org,Northeast,Regular,2022-09-15
C04842,Teresa Powell,mgarcia@example.net,West,Regular,2022-03-25
C04843,Jack Lopez,jasonparks@example.org,Southwest,Regular,2024-01-01
C04844,Shannon Welch,jennifer70@example.org,Northeast,Regular,2023-09-22
C04845,Olivia Alvarez,brianjones@example.com,Northeast,Regular,2023-09-17
C04846,Paul Brown,kristintorres@example.org,Midwest,Regular,2022-03-05
C04847,Patricia Medina,xterrell@example.org,Northeast,Regular,2022-01-17
C04848,Christopher Nelson,steven45@example.com,West,At-Risk,2024-09-25
C04849,Mr. Justin Moore,conradmitchell@example.org,West,Regular,2022-04-20
C04850,Eric Mccullough,mwatson@example.net,West,Regular,2023-12-30
C04851,Angel Ramirez,kimcaitlin@example.com,Northeast,Regular,2024-04-19
C04852,Dylan Rivera,vgray@example.net,West,Regular,2024-11-19
C04853,Nicole Morris,jameswilson@example.com,Midwest,New,2024-04-15
C04854,Cody Roy,simpsonjacqueline@example.org,Midwest,Regular,2024-04-28
C04855,Sarah Carpenter,colleensmith@example.org,Southeast,Regular,2024-01-26
C04856,Christopher Avila,max28@example.net,Southeast,Regular,2023-10-12
C04857,Andrew Perkins,nstewart@example.org,Southwest,Regular,2024-01-07
C04858,Richard Jones,scottdanielle@example.com,Midwest,New,2022-09-04
C04859,Steve Roth,raymondmoyer@example.com,Northeast,VIP,2022-11-21
C04860,Joel Reyes,emily61@example.org,West,New,2023-07-20
C04861,Keith West,johnsonkathleen@example.org,Northeast,New,2024-04-14
C04862,Zachary Williams,tara21@example.net,Southwest,Regular,2023-08-22
C04863,Rachel Johnson,amber91@example.org,West,Regular,2023-06-14
C04864,Michelle Espinoza,jason00@example.com,West,New,2022-05-21
C04865,Janet Hunt,bryanbarr@example.org,Midwest,Regular,2022-11-30
C04866,Michael Russell,cholloway@example.net,West,Regular,2024-02-27
C04867,Amanda Palmer,hailey91@example.com,Southeast,Regular,2022-02-05
C04868,Anthony Anderson,brianle@example.org,Southwest,Regular,2023-05-10
C04869,Desiree Caldwell,iellis@example.org,Southeast,Regular,2023-04-01
C04870,Donna Allen,dawn29@example.net,West,Regular,2022-01-02
C04871,Ms. Amy Lucas,brittany40@example.net,West,Regular,2024-10-13
C04872,David Spencer,zhaynes@example.com,Midwest,Regular,2022-07-12
C04873,Julie Martinez,jessica26@example.org,Southwest,Regular,2022-10-07
C04874,Charles Wells,jhendricks@example.net,Midwest,Regular,2023-04-16
C04875,Chad Peterson,cdavis@example.org,Southeast,Regular,2023-04-22
C04876,Steven Benson,fhenderson@example.com,West,Regular,2022-08-07
C04877,Samuel Malone,tedwards@example.net,West,New,2022-12-14
C04878,Corey Holmes,daniel70@example.com,Southwest,Regular,2024-01-20
C04879,Brooke Miller,candiceramirez@example.com,Midwest,Regular,2023-08-25
C04880,Brian Oliver,candaceperez@example.net,Southwest,Regular,2024-05-18
C04881,Christopher Newton Jr.,carlosfoster@example.net,Northeast,Regular,2022-03-18
C04882,Michael Huynh,nmiller@example.org,Midwest,Regular,2022-08-25
C04883,Wanda Martinez,dana41@example.net,Midwest,Regular,2023-10-04
C04884,Terri Luna,jessicabarrett@example.com,Northeast,Regular,2024-10-17
C04885,Tracey Roberts,ssmith@example.org,Southwest,New,2024-10-22
C04886,Matthew Hoffman,melinda83@example.org,Northeast,Regular,2023-10-21
C04887,Mike Anderson,peckdavid@example.net,Midwest,New,2022-10-07
C04888,Clinton Delacruz,mercershawn@example.net,Northeast,VIP,2024-11-04
C04889,Joseph Wyatt,brandon06@example.org,Southwest,Regular,2023-09-12
C04890,Caitlyn Garcia,omann@example.net,Northeast,At-Risk,2022-08-04
C04891,Christina Garner,smithcindy@example.com,Midwest,Regular,2022-09-02
C04892,Erin White,denisetodd@example.com,West,Regular,2022-01-27
C04893,Shannon Whitehead,jmiller@example.net,Southwest,Regular,2024-01-05
C04894,Ana Davis,denise69@example.com,Southwest,Regular,2022-06-18
C04895,Lydia Jenkins,howellgrace@example.com,West,Regular,2024-10-02
C04896,Timothy Moreno,suewilliams@example.com,West,Regular,2023-09-02
C04897,Richard Keller,rodriguezkenneth@example.com,Southwest,Regular,2022-09-11
C04898,Tracy Garcia,lwhite@example.org,Midwest,Regular,2022-10-19
C04899,Andrew Webster,rperkins@example.com,Southwest,Regular,2024-11-17
C04900,Sarah Hull,arianajohnson@example.org,Southwest,Regular,2024-09-18
C04901,Dennis Guzman,mariarowland@example.net,Southeast,New,2023-02-17
C04902,David Jackson,eric66@example.net,Northeast,Regular,2023-12-09
C04903,Howard Roth II,gjones@example.com,Southeast,Regular,2022-12-10
C04904,Stephen Harris,maryhayes@example.net,West,Regular,2023-03-20
C04905,Vincent Medina,robertdavenport@example.com,Southeast,Regular,2022-12-04
C04906,Bradley Rowe,tiffanywhite@example.com,Southeast,Regular,2023-10-01
C04907,Andrew Simmons,iclark@example.com,Southwest,New,2024-07-24
C04908,Frank Henson,zchavez@example.com,West,Regular,2023-10-24
C04909,Peter Krause,leedesiree@example.com,West,Regular,2024-11-06
C04910,Robert Meyer,spencerchristopher@example.net,West,Regular,2024-01-27
C04911,David Vazquez,melissa84@example.net,Southwest,Regular,2022-07-22
C04912,Mary Kirk,chensley@example.org,Southeast,Regular,2023-05-23
C04913,Steven Davis,jenningsjustin@example.net,Southwest,Regular,2023-11-22
C04914,Stephanie Ray,scottelizabeth@example.net,Midwest,VIP,2024-11-05
C04915,Jackie Anderson,brian19@example.org,West,Regular,2022-11-20
C04916,Todd Grimes,georgejulie@example.com,West,Regular,2024-10-21
C04917,Ruben Ballard,emoore@example.org,West,Regular,2022-02-15
C04918,Cheryl Rich,gary92@example.com,Midwest,Regular,2023-09-13
C04919,Richard Adams,oelliott@example.com,Southeast,Regular,2024-09-01
C04920,David Pierce,christopher06@example.com,Southwest,Regular,2022-04-15
C04921,Brandi Collier,jenna10@example.net,Northeast,Regular,2022-06-25
C04922,Frank Woods,stephanie14@example.org,Midwest,Regular,2022-01-10
C04923,David Jackson,diazlaura@example.org,Midwest,VIP,2024-03-30
C04924,Karen Bradshaw,beckyhouse@example.org,Southeast,At-Risk,2024-12-23
C04925,Mr. Phillip Martinez,ephillips@example.org,Southwest,Regular,2023-02-10
C04926,Mrs. Paige Calderon DDS,kellybenjamin@example.net,Southwest,VIP,2024-01-22
C04927,William Davies,thomasclements@example.net,West,Regular,2022-07-04
C04928,Kristen Castillo,josephrussell@example.com,West,Regular,2023-03-17
C04929,Eric Greene,stonedevon@example.net,Northeast,Regular,2022-08-26
C04930,Leah Cruz,sarah88@example.net,West,Regular,2024-07-05
C04931,Steven Harrison,yangrachel@example.com,Midwest,Regular,2022-02-25
C04932,Jacqueline Jones,slee@example.org,Northeast,Regular,2023-02-16
C04933,Edward Vargas,samantha79@example.net,Southeast,At-Risk,2024-02-20
C04934,Christopher Watts,cdavis@example.net,Southwest,VIP,2022-08-02
C04935,Jenna Parks,christopherhicks@example.net,Northeast,At-Risk,2023-06-01
C04936,Rebecca Hall,megan15@example.net,Southwest,Regular,2022-01-14
C04937,Michele Baker,amanda59@example.com,West,Regular,2023-08-04
C04938,Phillip Miller,xrichards@example.com,Midwest,New,2022-06-15
C04939,Alicia Guzman,lisa52@example.org,West,VIP,2024-03-04
C04940,Mary Clements,donna55@example.org,Southwest,Regular,2022-10-10
C04941,Michael Smith,hullricky@example.net,Midwest,Regular,2023-11-19
C04942,Laura Sanchez,michelle74@example.com,Southwest,Regular,2022-11-16
C04943,Carrie Ramos,djoseph@example.org,Midwest,Regular,2023-11-16
C04944,Dominic Jones,russelljustin@example.org,West,Regular,2022-08-24
C04945,Roy Kelly,obaker@example.org,Southwest,At-Risk,2023-02-19
C04946,John Ellis,tiffany72@example.com,Southeast,Regular,2024-09-11
C04947,James Simmons,sabrinachapman@example.net,Midwest,New,2024-01-17
C04948,Shannon Ramirez,tjames@example.com,Southwest,New,2023-01-19
C04949,Robert Levine,brucecaitlin@example.com,Southwest,Regular,2024-03-04
C04950,Sabrina Lang,maureen89@example.org,Northeast,At-Risk,2022-01-09
C04951,Shannon Martin,nashjessica@example.org,West,Regular,2023-01-14
C04952,Brianna Sanchez,todd23@example.net,West,Regular,2024-01-21
C04953,Sarah Taylor,crystal98@example.com,West,Regular,2024-05-04
C04954,Kyle Reyes,scollins@example.com,West,Regular,2024-07-21
C04955,Charles Lin,timothy47@example.com,Midwest,At-Risk,2023-07-22
C04956,Jose Mitchell,hernandeznicholas@example.com,West,VIP,2024-12-21
C04957,Andrea Floyd,jacksonchristopher@example.org,Northeast,Regular,2023-12-26
C04958,Joseph Stanley,petersjerry@example.net,Northeast,Regular,2024-05-17
C04959,Kelly Tran,zthompson@example.net,West,Regular,2024-11-16
C04960,Amanda Martin,tracy11@example.net,Southwest,Regular,2022-12-23
C04961,Victoria Cowan,jennifer80@example.com,West,New,2023-08-29
C04962,Courtney Cook,calebowen@example.com,Midwest,Regular,2023-01-26
C04963,Jason Griffith,michael38@example.com,Southwest,Regular,2023-01-18
C04964,James Cruz,jamesfischer@example.org,Northeast,Regular,2024-08-10
C04965,Todd Shepherd,james29@example.com,Southeast,Regular,2023-07-22
C04966,Peter Jackson,curtisdaniel@example.com,Southeast,VIP,2022-07-27
C04967,Maria Carson,herrerajason@example.net,Northeast,Regular,2022-04-28
C04968,Anthony Gentry,mooretroy@example.com,West,Regular,2024-10-02
C04969,James Madden,gonzalezcarol@example.com,Midwest,Regular,2024-05-04
C04970,Jeremiah Erickson,monicapope@example.net,Northeast,VIP,2024-12-16
C04971,Cynthia Perez,christopherhenry@example.com,Southwest,Regular,2022-03-27
C04972,Joseph Bartlett,karen24@example.org,Northeast,Regular,2023-03-31
C04973,Emily Murray,paulharris@example.net,Northeast,VIP,2022-07-15
C04974,Karen Carrillo,maryriley@example.org,Northeast,Regular,2023-01-07
C04975,Keith Terry,andrewdennis@example.net,West,Regular,2024-11-14
C04976,Michael Lawrence,sandracox@example.org,Southwest,Regular,2024-01-27
C04977,Mark Hammond,estradajustin@example.com,Southeast,Regular,2022-04-14
C04978,Frank Miller,blackvanessa@example.net,Southeast,Regular,2024-04-21
C04979,John Figueroa,bfarmer@example.org,Southwest,Regular,2022-06-24
C04980,Michelle Martin,maddoxchristopher@example.net,Northeast,Regular,2022-09-11
C04981,Mark Casey PhD,anthony84@example.com,West,Regular,2023-04-20
C04982,Tommy Lane,cruzshelly@example.net,Midwest,Regular,2023-05-25
C04983,Katherine Liu,lisa71@example.net,Southwest,New,2024-07-29
C04984,Travis Blair Jr.,tanya56@example.net,Southwest,At-Risk,2024-02-15
C04985,Jennifer Velasquez,william64@example.org,West,Regular,2023-12-08
C04986,Timothy Reed,allisonshaffer@example.com,Northeast,Regular,2023-09-15
C04987,Jacqueline Green,craiglawrence@example.net,Southwest,Regular,2024-01-28
C04988,Courtney Strickland,terrimason@example.org,Southeast,Regular,2023-05-15
C04989,John Guerrero,christinearmstrong@example.net,Southwest,New,2022-10-06
C04990,Eric Graham,debra63@example.net,Southeast,Regular,2023-10-28
C04991,Brooke Ward,astevens@example.net,Southwest,Regular,2023-10-28
C04992,Rachel Marsh,ugolden@example.org,Southeast,New,2023-01-10
C04993,David Gilmore,iwang@example.com,West,Regular,2023-05-23
C04994,Monica Flores,smithmark@example.com,Midwest,Regular,2023-03-24
C04995,Tina Ware,rachel61@example.com,Southeast,At-Risk,2023-02-08
C04996,Mrs. Ruth Harris,qhartman@example.org,Northeast,Regular,2024-01-06
C04997,Gregory Peterson,pvargas@example.org,Southwest,Regular,2022-01-26
C04998,Claudia Edwards,kristen03@example.com,Midwest,Regular,2022-02-16
C04999,Kelly Hodges,claytonmanning@example.org,West,Regular,2022-10-02
C05000,Michael Smith,alexander28@example.com,Northeast,Regular,2024-06-12
C05001,John Sanders,corybray@example.net,Southwest,Regular,2024-10-24
C05002,Kimberly Perkins,justin25@example.com,Northeast,Regular,2022-11-15
C05003,Donald Powell,pwalker@example.net,West,Regular,2024-10-10
C05004,Amber Rodriguez,foxchristina@example.com,West,Regular,2023-12-21
C05005,Amy Smith,zpadilla@example.com,Northeast,Regular,2024-04-14
C05006,Sergio Kelly,dustinsanders@example.com,Southeast,Regular,2023-07-17
C05007,Jeffrey Turner,nknox@example.org,West,Regular,2024-08-28
C05008,Elizabeth Nunez,marcusbennett@example.org,Midwest,At-Risk,2023-12-20
C05009,Jacqueline Miller,sarahernandez@example.org,Southeast,Regular,2024-02-28
C05010,Kevin Lewis,ngilbert@example.net,Midwest,Regular,2023-03-13
C05011,Elizabeth Moore,mhampton@example.com,Midwest,Regular,2022-08-09
C05012,Katherine Ramirez,gonzalezmorgan@example.org,West,Regular,2024-03-21
C05013,Walter Howell,qweaver@example.com,West,At-Risk,2024-08-20
C05014,Veronica Walker,lesliegibbs@example.com,Southwest,At-Risk,2022-02-23
C05015,Sonia Campbell,aterry@example.org,Southwest,Regular,2024-07-03
C05016,Samantha Shepherd,mckaymark@example.com,Southwest,VIP,2022-03-11
C05017,Anna Flores,ygonzalez@example.com,West,Regular,2024-07-30
C05018,Scott Doyle,ashley09@example.com,Northeast,New,2022-08-31
C05019,Maria Hodges,wschneider@example.com,Northeast,Regular,2023-02-18
C05020,Mary Scott,kim60@example.org,Northeast,Regular,2024-10-27
C05021,Jared Perez,brian28@example.com,Midwest,Regular,2024-12-24
C05022,Kimberly Long,xwilliamson@example.org,Northeast,Regular,2024-08-21
C05023,Stephen Ferguson,julia60@example.com,Northeast,Regular,2024-08-09
C05024,Ryan Edwards,wendy80@example.com,Northeast,At-Risk,2024-09-03
C05025,Vanessa Ross,hansonnathan@example.com,Midwest,New,2022-11-13
C05026,Shannon Moss,jennifer39@example.org,Northeast,Regular,2023-07-19
C05027,Lori Pierce,johnsonwilliam@example.net,Midwest,Regular,2022-11-20
C05028,Anita Miller MD,eugenesandoval@example.net,Midwest,New,2023-01-15
C05029,Jodi Pruitt,johnny33@example.net,West,Regular,2024-03-28
C05030,Jenna Allen,justinking@example.org,West,Regular,2023-05-27
C05031,Dustin Clark,hodgesjerry@example.org,Midwest,Regular,2022-02-13
C05032,Elizabeth Pruitt,maryaguirre@example.com,West,New,2024-11-17
C05033,Kayla Cisneros,dicksonsheila@example.net,Southwest,VIP,2022-02-24
C05034,Jesse Wu,debra02@example.net,West,Regular,2023-06-17
C05035,George Hoffman,joanneconley@example.com,Midwest,New,2022-11-27
C05036,Antonio Cannon,brianna82@example.org,West,Regular,2022-07-14
C05037,Margaret Stanley,villegasclarence@example.net,Southeast,Regular,2024-06-02
C05038,Dawn Robles,ortizdylan@example.com,Northeast,Regular,2023-11-06
C05039,Olivia Tyler,matthew51@example.com,West,Regular,2023-10-24
C05040,Patricia Andrade,novakjennifer@example.net,Southwest,At-Risk,2023-01-17
C05041,Andrea Pearson,vegabriana@example.net,Southeast,Regular,2024-04-05
C05042,Joel Vega,margaret55@example.net,Northeast,VIP,2023-01-03
C05043,Stacey Brooks,isaaccampbell@example.net,Southeast,Regular,2024-05-26
C05044,Jade Shannon,jessicaavery@example.net,West,At-Risk,2024-01-04
C05045,David Bryan,marie03@example.net,Southeast,At-Risk,2022-10-30
C05046,Troy Marquez,turnersteven@example.net,Midwest,VIP,2023-12-15
C05047,Karen Rocha,hannahkelley@example.net,Northeast,Regular,2024-06-01
C05048,Thomas Santos,woodardolivia@example.net,Midwest,At-Risk,2022-10-31
C05049,Karen Payne,hollysanders@example.net,Southwest,New,2023-05-03
C05050,Thomas Medina,evansmichael@example.net,West,Regular,2022-04-02
C05051,Margaret Johnston,martingonzalez@example.net,Southeast,Regular,2024-10-23
C05052,Nina Thomas,garciadanny@example.com,West,VIP,2024-08-03
C05053,David Reynolds,clarkebrady@example.net,Northeast,New,2024-06-24
C05054,Nancy Smith,pottermorgan@example.org,Northeast,New,2023-01-31
C05055,Monica Pugh,ojimenez@example.net,Southwest,Regular,2024-06-07
C05056,Emily Barnes,owensjordan@example.com,Midwest,Regular,2023-05-02
C05057,Paul Maldonado,sgarcia@example.net,Southeast,New,2022-10-16
C05058,Deanna Stuart,nicholas60@example.org,Northeast,Regular,2024-11-11
C05059,Joann Singleton,sydney13@example.com,Southwest,Regular,2024-09-24
C05060,Daniel Sloan,lawrencemorris@example.com,Northeast,Regular,2022-10-10
C05061,Elizabeth Anderson,walter66@example.org,Southwest,Regular,2022-09-29
C05062,Daniel Vasquez,pachecochristina@example.net,Southwest,New,2022-11-14
C05063,Christopher King,donnagreen@example.net,West,Regular,2023-03-08
C05064,Gloria Huang,vickimyers@example.org,Southwest,Regular,2023-04-10
C05065,Robert Thompson,gonzalezdouglas@example.org,West,Regular,2022-11-25
C05066,Stephanie Cruz,rosemelissa@example.net,Southeast,Regular,2023-03-10
C05067,Dr. Michael Flynn,christopher20@example.org,Southwest,New,2023-09-24
C05068,Craig Johnson,molinaedward@example.org,West,At-Risk,2023-10-24
C05069,Chelsea Carson,john36@example.org,West,New,2023-04-20
C05070,Darren Gonzalez,janice47@example.com,West,Regular,2024-11-30
C05071,Jenna Silva,lesliethomas@example.net,Southeast,Regular,2024-12-22
C05072,Caleb Yu,heather92@example.com,Southeast,At-Risk,2023-10-10
C05073,James Schroeder,eedwards@example.net,Southwest,New,2022-12-06
C05074,Joseph Fowler,johnsondaniel@example.org,Southwest,Regular,2024-12-29
C05075,Hannah Huff,vmorrow@example.net,West,At-Risk,2023-05-19
C05076,Gina Fuentes,donaldgarcia@example.org,Southwest,New,2023-10-12
C05077,Randall Baxter,charlesflores@example.com,Midwest,VIP,2023-12-21
C05078,Jared Todd,mckaymisty@example.net,Midwest,Regular,2024-10-08
C05079,Sarah Howard,rzuniga@example.org,West,At-Risk,2023-07-03
C05080,Michael Romero,bmurray@example.net,West,Regular,2024-08-30
C05081,Jeremy Simmons,gabrielamcdonald@example.net,Southwest,Regular,2022-12-11
C05082,Amy Malone,jared14@example.org,Northeast,New,2024-07-06
C05083,Tanya Evans,stephaniedudley@example.com,Northeast,New,2022-03-04
C05084,Kaitlyn Cruz,rebecca84@example.org,Midwest,Regular,2022-03-08
C05085,Christine Fuller,gmurphy@example.org,Midwest,Regular,2023-11-15
C05086,Mrs. Ashley Gonzalez DVM,anthony00@example.com,West,Regular,2023-05-17
C05087,Cody Mccullough,ytrujillo@example.net,West,Regular,2022-02-08
C05088,Alfred Berry,dennis10@example.com,West,Regular,2023-10-28
C05089,Christopher Pennington,summersedward@example.net,West,Regular,2022-02-03
C05090,Sheila Glenn,mbaxter@example.com,Southeast,Regular,2024-11-28
C05091,Christina Adams,amandaschaefer@example.net,Southwest,Regular,2022-06-06
C05092,Lisa Nelson,gsmith@example.net,West,Regular,2023-07-27
C05093,Rachel Lee,ncampbell@example.net,Southeast,At-Risk,2023-02-09
C05094,Christopher Clarke,crystal89@example.net,Southeast,Regular,2022-11-29
C05095,Linda Clarke,hrich@example.org,Midwest,Regular,2023-08-30
C05096,Jason Smith,robert89@example.org,Northeast,Regular,2024-07-13
C05097,Jessica Knight,isantos@example.net,Southeast,Regular,2023-12-05
C05098,Lisa Brown,kanderson@example.net,Northeast,Regular,2024-06-18
C05099,Bryan Osborne,vweaver@example.org,Southeast,Regular,2022-03-03
C05100,Tonya Shields,friley@example.com,Northeast,Regular,2022-09-27
C05101,Ashley Schultz,kmarquez@example.org,West,Regular,2022-04-21
C05102,Tammy Cantrell,uherrera@example.org,Southeast,Regular,2022-10-04
C05103,Gina Manning,kylielopez@example.org,Northeast,Regular,2023-08-28
C05104,Christopher Herrera,evan34@example.net,Southwest,Regular,2022-04-09
C05105,Kathleen White,cjenkins@example.com,Southeast,At-Risk,2022-06-13
C05106,Chelsea Watson,steven74@example.net,Northeast,At-Risk,2023-01-07
C05107,Dustin Salazar,danielle10@example.com,Southwest,Regular,2024-05-23
C05108,Stacy Neal,wmendoza@example.org,Midwest,Regular,2024-04-16
C05109,Jacqueline Aguilar,christina20@example.net,Northeast,Regular,2022-07-31
C05110,Michelle Moore,ksmith@example.org,West,Regular,2024-06-25
C05111,Terrance Baxter,carolinedunn@example.com,Southwest,VIP,2024-03-28
C05112,Amanda Black,gwendolyn62@example.net,Midwest,Regular,2023-01-12
C05113,Richard Grant,rrivera@example.net,West,Regular,2024-07-29
C05114,Tiffany Bowman,matthew10@example.com,Southeast,Regular,2022-05-25
C05115,Jose Hart,akelly@example.com,Southwest,VIP,2023-11-21
C05116,Joseph Perez,christopher73@example.com,Northeast,Regular,2022-11-15
C05117,Matthew Johnston,sydney22@example.com,Northeast,Regular,2022-10-01
C05118,Francisco Santiago,dana02@example.org,Northeast,Regular,2023-11-06
C05119,Lawrence Terrell,christianadams@example.org,Northeast,Regular,2023-12-21
C05120,Sandra Gibbs,ffarrell@example.org,Midwest,Regular,2023-03-11
C05121,Richard Bruce,daniel27@example.org,Northeast,At-Risk,2022-11-01
C05122,Judith Barnett,ibarrasamuel@example.net,Northeast,New,2022-07-01
C05123,Seth Reeves,idavis@example.org,West,VIP,2022-12-03
C05124,John Navarro,hicksmichael@example.net,West,New,2024-01-03
C05125,Jessica Perez,rjoyce@example.org,Northeast,New,2024-01-19
C05126,Michelle Patel,ycross@example.org,Midwest,New,2023-07-04
C05127,Margaret Smith,brownlinda@example.net,West,Regular,2023-02-18
C05128,Brandon Alvarez,gschmitt@example.net,Northeast,Regular,2023-12-07
C05129,John Butler,chobbs@example.org,West,Regular,2023-10-31
C05130,Michelle Murray,christopherclark@example.org,Midwest,Regular,2024-02-29
C05131,Jonathan Brown,ocarrillo@example.net,Southeast,Regular,2022-12-06
C05132,Olivia Garcia DDS,maria78@example.com,Midwest,Regular,2022-09-15
C05133,Travis Wiley,andrewmorales@example.com,Southwest,Regular,2024-11-10
C05134,Carrie Owens,wmartin@example.net,Northeast,Regular,2022-08-25
C05135,Kimberly Mcdowell,ashleymoran@example.net,Midwest,Regular,2023-03-09
C05136,Thomas Snyder,josephmanning@example.com,Midwest,Regular,2022-07-19
C05137,Mark Spencer,matthew41@example.com,Midwest,At-Risk,2022-05-17
C05138,Charles Cain,ricestacie@example.org,Southwest,Regular,2024-09-15
C05139,Alexander Miller,robertburke@example.com,Southeast,Regular,2023-06-17
C05140,Ryan Wilson,amanda15@example.com,Northeast,Regular,2024-03-12
C05141,Melissa Peters,kiarajones@example.net,West,New,2022-04-26
C05142,Brett Jones,mckenziesue@example.org,Midwest,Regular,2023-05-03
C05143,Rachel Rodriguez,hahntrevor@example.net,Midwest,New,2022-09-17
C05144,Emily Ellis,hawkinsdoris@example.org,West,Regular,2023-10-21
C05145,Stephen Patterson,fordjuan@example.com,Northeast,Regular,2022-03-18
C05146,Kristen Bailey,ckelley@example.com,Midwest,New,2022-02-06
C05147,William Hamilton,zhendricks@example.com,Midwest,Regular,2023-05-15
C05148,Yolanda Bonilla,ismith@example.com,Midwest,Regular,2022-10-29
C05149,Anthony Rogers,denisepearson@example.com,West,Regular,2022-05-06
C05150,Rachel Barrera,ismith@example.net,West,Regular,2023-04-02
C05151,Vanessa Lopez,rbarnett@example.com,West,Regular,2023-11-29
C05152,Ronald Rhodes,kevinrodriguez@example.org,Southwest,New,2023-05-20
C05153,Kyle Thomas,bfoster@example.com,West,Regular,2023-10-21
C05154,Jenna Valencia,jennifer41@example.net,Southeast,Regular,2024-01-27
C05155,Paula Ballard MD,annette33@example.com,Southwest,Regular,2023-11-12
C05156,Taylor Torres,matthewwheeler@example.org,Southwest,Regular,2024-01-20
C05157,Kelly Sanders,nmcdonald@example.com,Midwest,VIP,2022-12-27
C05158,William Meza,trevor52@example.org,West,Regular,2023-01-17
C05159,Steven Rangel,michealmooney@example.net,West,Regular,2023-06-03
C05160,Daniel Robertson,huangalejandra@example.net,Midwest,New,2022-06-27
C05161,Elizabeth Carr,jenniferaustin@example.org,Midwest,At-Risk,2023-07-10
C05162,Rebecca Hardin,mary12@example.net,West,Regular,2022-08-17
C05163,Michelle Jenkins,nathan19@example.com,Midwest,Regular,2023-12-13
C05164,Virginia Jones,kellymichelle@example.com,Northeast,VIP,2022-05-11
C05165,Megan Reyes,kellerkathy@example.org,Midwest,Regular,2024-05-18
C05166,Wayne Brown,tamaracortez@example.com,Southwest,Regular,2022-08-03
C05167,Kayla Allison,allenrickey@example.net,Southeast,Regular,2024-10-01
C05168,Mark Johnson,eric43@example.net,Southwest,New,2022-05-24
C05169,Robert Hardy,amber51@example.net,Southwest,New,2023-10-31
C05170,Samuel Smith,rebeccaperez@example.org,West,Regular,2023-08-02
C05171,Matthew Austin,nathansims@example.org,Northeast,VIP,2024-11-10
C05172,Jesse Rose MD,coreybrown@example.org,Southwest,Regular,2023-11-27
C05173,Gina Lawrence,vanglisa@example.org,Southwest,Regular,2022-07-23
C05174,Meagan Williams,hrivera@example.com,Northeast,At-Risk,2024-06-18
C05175,Mrs. Jessica Sawyer,kimberly64@example.com,Northeast,Regular,2023-07-04
C05176,Joshua Wise,romandaniel@example.net,West,New,2022-08-21
C05177,Justin Green,hjones@example.com,Southeast,Regular,2024-10-06
C05178,Jennifer Palmer,zstevens@example.net,Southeast,Regular,2023-01-29
C05179,Jim Li,kevinramirez@example.org,Southeast,Regular,2022-04-06
C05180,Christine Welch,jordanchristopher@example.net,Northeast,Regular,2024-09-11
C05181,Cynthia Pace,elizabeth16@example.net,Midwest,At-Risk,2023-10-30
C05182,Andrea Wade,richardcox@example.net,West,VIP,2023-07-29
C05183,Stephen Foley,jamesnavarro@example.org,Northeast,Regular,2023-07-13
C05184,Brooke Rogers,scottmelissa@example.com,Midwest,Regular,2024-03-30
C05185,Michael Hatfield,willievasquez@example.org,Southwest,Regular,2024-04-29
C05186,Michelle Ramirez,zmeza@example.com,Southeast,Regular,2022-12-25
C05187,Deborah Miller,jamie33@example.org,Northeast,Regular,2023-03-01
C05188,Jordan Diaz,tshaw@example.net,West,Regular,2023-05-06
C05189,John Thompson,jeffreydillon@example.com,Midwest,Regular,2022-03-02
C05190,Hannah Moreno,michael44@example.com,Southeast,Regular,2024-04-23
C05191,Elizabeth Nielsen,mcmillanedgar@example.org,Southwest,Regular,2024-03-16
C05192,Kari Kelly,nlewis@example.com,Northeast,At-Risk,2022-06-21
C05193,Erica Johnson,ttodd@example.com,Southwest,Regular,2022-01-25
C05194,Ruth French,barry89@example.net,Southeast,Regular,2024-09-09
C05195,Robert Russell,lauren21@example.net,Southeast,At-Risk,2024-02-11
C05196,Dale Reilly,ashley06@example.net,Midwest,Regular,2023-06-28
C05197,Vanessa Garner,johnsonryan@example.net,Northeast,At-Risk,2022-03-05
C05198,Kimberly Camacho,donaldsonphyllis@example.com,Midwest,Regular,2022-08-06
C05199,Jared Deleon,lisa48@example.org,Northeast,Regular,2022-09-16
C05200,Tyler Gomez,tmata@example.org,Southwest,Regular,2023-10-31
C05201,Dana Mcgee,edward75@example.org,Southwest,Regular,2024-04-18
C05202,Christian Miller,allison99@example.org,West,At-Risk,2022-07-28
C05203,Gerald Friedman,patrick40@example.org,Southeast,Regular,2023-11-18
C05204,Martin Johnson PhD,williamsmarcus@example.net,Midwest,Regular,2023-12-15
C05205,Cheryl Summers,taralee@example.com,Southwest,New,2023-05-31
C05206,Danielle Meyers,christopher09@example.net,Northeast,New,2024-08-04
C05207,Monica Mendoza,kristinmiller@example.org,Southeast,Regular,2024-08-09
C05208,Mark Oconnor,alicia08@example.org,Midwest,New,2023-03-29
C05209,Linda Thomas,xfernandez@example.com,Northeast,Regular,2022-07-29
C05210,Leah Rogers,javier54@example.net,Midwest,Regular,2024-10-01
C05211,Ian Thompson,harrislisa@example.com,Southeast,Regular,2024-07-23
C05212,Clayton Parsons,wardandrew@example.org,Northeast,Regular,2024-04-10
C05213,Kathleen Taylor,bakergwendolyn@example.net,Southwest,New,2022-12-23
C05214,Lori Gonzales,jamesgonzalez@example.com,West,Regular,2024-09-05
C05215,Nancy Dudley,ftorres@example.org,Southeast,Regular,2024-01-09
C05216,Donald Vaughn,valerie42@example.net,Midwest,Regular,2023-12-11
C05217,Victor Campbell,andersongail@example.org,Northeast,Regular,2023-06-29
C05218,Ryan Perez,qjuarez@example.net,West,Regular,2022-11-27
C05219,Paul Young,greencarol@example.net,Southeast,Regular,2023-09-04
C05220,Christopher Thompson,jonathannewman@example.com,Southwest,New,2024-05-14
C05221,William Rogers,jordan06@example.com,West,New,2022-07-21
C05222,Jamie Walton,lucasscott@example.net,Southeast,Regular,2024-05-09
C05223,Heather Bell,bridgetjones@example.net,Southwest,New,2024-09-13
C05224,Katelyn Robinson,ayoung@example.net,Southeast,Regular,2024-09-27
C05225,Thomas Hernandez,amy52@example.com,Midwest,Regular,2022-02-24
C05226,Jennifer Walker,christianklein@example.net,Southeast,Regular,2023-04-08
C05227,Kelli Oneal,jacobarroyo@example.org,Northeast,Regular,2024-11-03
C05228,Samantha Torres,dennisvincent@example.org,Northeast,Regular,2023-08-19
C05229,Lauren Ward,newmansarah@example.org,Northeast,Regular,2024-07-04
C05230,Nicole Gonzales,dale44@example.net,West,New,2024-05-22
C05231,Patrick Griffith,crystal38@example.com,Midwest,Regular,2023-03-21
C05232,William Taylor,sheilasnyder@example.org,Southeast,Regular,2023-09-12
C05233,Ann Morales,pjohnson@example.org,Southwest,Regular,2022-07-19
C05234,Christopher Gould,gutierrezmorgan@example.com,Northeast,Regular,2023-03-26
C05235,Jonathan Vasquez,cainmichael@example.net,Northeast,New,2024-12-02
C05236,Leonard Gomez,isabellagarcia@example.org,Northeast,Regular,2022-04-28
C05237,William Hudson,brendaeverett@example.net,Midwest,Regular,2023-03-01
C05238,Stephen Mills,leejoanne@example.com,Midwest,New,2023-10-02
C05239,Heidi Horton,dwhite@example.org,Northeast,Regular,2023-09-09
C05240,Fred Villanueva,juliemccoy@example.net,Northeast,Regular,2022-05-17
C05241,Mary Higgins,umontoya@example.org,Northeast,Regular,2024-06-18
C05242,Michael Ross,cward@example.net,Southwest,Regular,2024-03-27
C05243,Suzanne Hall,thurst@example.com,West,Regular,2022-08-11
C05244,Emily Lyons,coreygarcia@example.com,Northeast,Regular,2023-02-08
C05245,Tyler Weeks,peter97@example.net,Northeast,Regular,2022-10-18
C05246,Jennifer Bradford,eallen@example.net,Southwest,New,2024-12-30
C05247,Cameron Lloyd,james96@example.org,Southwest,Regular,2024-09-09
C05248,Melissa Martinez,bscott@example.net,Southwest,VIP,2024-07-24
C05249,Rebecca Willis,donaldweiss@example.org,Southeast,Regular,2024-01-28
C05250,Dylan Vincent,jerryschwartz@example.org,Northeast,At-Risk,2023-06-03
C05251,Joseph Duncan,parkerangela@example.com,Northeast,New,2023-02-12
C05252,Connor Brown,adam45@example.org,Midwest,Regular,2024-12-06
C05253,Elizabeth Miranda,brian88@example.com,Southeast,Regular,2022-11-30
C05254,Amanda Jones,lroberts@example.org,Southwest,New,2022-04-19
C05255,Joshua Reed,dhill@example.org,Midwest,Regular,2024-03-25
C05256,Kimberly Collins,rodriguezgina@example.org,Midwest,At-Risk,2023-07-17
C05257,Gabrielle Benton,yrodriguez@example.net,Southwest,Regular,2023-09-21
C05258,Lauren Robertson,igarrett@example.com,West,Regular,2022-01-08
C05259,Kayla Hernandez,lopezkari@example.net,Southeast,Regular,2022-04-11
C05260,Jose Long,cynthia12@example.com,West,VIP,2023-01-16
C05261,Mr. Matthew Hale,danielle53@example.com,West,At-Risk,2023-11-24
C05262,Jeremiah Owens,livingstonkevin@example.net,Southeast,Regular,2024-11-21
C05263,Justin Johnson III,wtaylor@example.com,West,New,2023-01-10
C05264,Richard Perkins,vmelendez@example.net,Midwest,Regular,2022-09-27
C05265,Jessica Collier,freed@example.net,Southwest,Regular,2022-08-12
C05266,Eugene Hughes II,vanessa66@example.org,Northeast,New,2023-07-19
C05267,Kevin Ray,fisherjames@example.org,Midwest,Regular,2022-08-08
C05268,Ruben Smith,gsmith@example.net,Southeast,Regular,2022-05-24
C05269,Scott Washington,kenneth31@example.com,Southwest,Regular,2022-07-11
C05270,Elizabeth Carrillo,qwalker@example.org,West,Regular,2022-06-10
C05271,Vanessa Rodriguez,kimberlydaniels@example.org,West,Regular,2024-05-15
C05272,Natasha Williams,michaeltammie@example.com,Midwest,Regular,2023-04-05
C05273,Whitney Powers,xbrowning@example.net,Southwest,Regular,2022-08-14
C05274,Gary Montoya,bernardmonica@example.org,Southwest,Regular,2024-03-03
C05275,Eric Castro,njohnson@example.net,Northeast,Regular,2022-05-26
C05276,Kimberly Smith,qreed@example.org,Midwest,New,2024-12-06
C05277,Shannon Herman,tami85@example.org,Midwest,Regular,2022-05-29
C05278,Christopher Baker,dana64@example.com,Southeast,Regular,2022-11-23
C05279,Daniel Johnson,ywallace@example.net,Midwest,Regular,2023-11-05
C05280,Derek Smith,vpeterson@example.com,Southeast,VIP,2023-06-04
C05281,Patrick Herring,jordantracy@example.org,Midwest,Regular,2024-09-30
C05282,Matthew Larson,krausekaren@example.net,Northeast,VIP,2023-07-21
C05283,Nathaniel Love,billy94@example.com,West,Regular,2022-06-07
C05284,Karen Martinez,melissa65@example.org,West,Regular,2024-05-11
C05285,Nancy Williams,michael33@example.org,Southwest,Regular,2023-12-12
C05286,Dustin Lee,moralesemily@example.net,West,Regular,2022-08-18
C05287,Renee Brown,tcurtis@example.net,Southwest,Regular,2022-01-23
C05288,Matthew Jackson,charleswaters@example.org,Southeast,Regular,2023-04-13
C05289,John Johnson,natalie20@example.net,Southwest,Regular,2024-01-07
C05290,Julie Morris,cunninghamfrank@example.net,Midwest,Regular,2023-05-29
C05291,Debra Lane,xreyes@example.com,West,Regular,2022-12-12
C05292,Anna Hunter,ivalenzuela@example.net,Southeast,VIP,2023-11-18
C05293,Dawn Roth,hbean@example.net,Midwest,Regular,2023-05-14
C05294,Christian Humphrey,colleenlucas@example.com,Midwest,Regular,2024-09-12
C05295,Lisa Gardner,clayemily@example.org,Southeast,Regular,2022-10-04
C05296,Mrs. Diane Barnett MD,rodgersjesse@example.net,Northeast,Regular,2024-09-21
C05297,Kathy Strickland,hhancock@example.net,West,Regular,2024-05-29
C05298,Lynn Dorsey,bryan01@example.org,Southeast,Regular,2024-07-24
C05299,Erin Grimes,rebecca56@example.org,West,Regular,2024-09-29
C05300,Stacy Medina,rowens@example.com,West,At-Risk,2022-01-23
C05301,Tanya Hill,reeseerin@example.net,Midwest,Regular,2022-07-18
C05302,Stephen Maxwell,sara25@example.net,Southeast,Regular,2024-06-11
C05303,Joann Foster MD,vhenderson@example.org,West,At-Risk,2024-08-03
C05304,Danielle Hayden,laura17@example.org,Southeast,At-Risk,2023-03-29
C05305,Jamie Washington,bennettchristina@example.net,Northeast,Regular,2024-12-12
C05306,Megan George,jmiller@example.com,Southeast,At-Risk,2022-01-02
C05307,Tamara Jones,vwright@example.com,Southwest,Regular,2024-10-26
C05308,Donna Rice DDS,richardlove@example.net,Midwest,Regular,2022-11-08
C05309,Amy Smith,aherrera@example.com,Midwest,Regular,2024-11-04
C05310,Katelyn Lopez,rowlanddavid@example.net,Northeast,VIP,2022-01-25
C05311,Shirley Graham,brobertson@example.net,Midwest,Regular,2022-12-16
C05312,Megan Cooper,tbrown@example.org,West,Regular,2023-05-20
C05313,Lisa Davis,jacobstraci@example.net,West,Regular,2023-01-08
C05314,Kyle Williams,ericpratt@example.net,Southeast,VIP,2024-12-01
C05315,Andre Smith,xsmith@example.com,Southwest,Regular,2023-07-28
C05316,Derek Ward,jonescraig@example.org,Southeast,Regular,2024-05-03
C05317,James Murphy,gonzalezeric@example.net,Midwest,Regular,2024-04-22
C05318,Joseph Lopez,patricksingleton@example.org,Midwest,Regular,2023-06-17
C05319,Martin Ramirez,gmiller@example.net,Southeast,Regular,2023-10-10
C05320,Katie Thornton,christianwatkins@example.org,Southeast,Regular,2024-02-10
C05321,Sherry Jones,catherinebarton@example.com,Northeast,Regular,2024-11-07
C05322,Brian Fisher,hillbrooke@example.org,Southeast,Regular,2023-11-29
C05323,Lori Wood,frederickvalerie@example.org,Southwest,New,2024-06-24
C05324,Anthony Nelson,andrew50@example.org,West,Regular,2022-06-20
C05325,Emily Davenport,johnanderson@example.org,West,Regular,2024-09-13
C05326,Thomas Wang,gloverheather@example.net,Midwest,Regular,2022-08-15
C05327,Ryan Sanders,rgardner@example.net,Northeast,Regular,2023-04-09
C05328,Krystal Gallagher,hjackson@example.com,West,Regular,2023-07-06
C05329,Michael Bush,keith79@example.org,Midwest,Regular,2023-06-06
C05330,Gary Banks,reynoldsjamie@example.com,Northeast,Regular,2023-01-10
C05331,Ronald Henson,wongblake@example.org,Southeast,Regular,2023-08-29
C05332,Rachel Cole,elizabeth37@example.net,West,Regular,2022-11-18
C05333,Alan Fisher,gibsongina@example.org,Southeast,Regular,2023-10-25
C05334,Amber Watkins,cody19@example.net,Northeast,Regular,2023-04-01
C05335,Tony Lewis,cruzchristina@example.net,Midwest,Regular,2024-06-02
C05336,Erika Bass,claytonsmith@example.com,Southwest,Regular,2023-04-10
C05337,Tasha Jones,njoyce@example.org,Midwest,Regular,2023-05-20
C05338,James Cooke,dhughes@example.com,Southwest,Regular,2023-01-17
C05339,Michael Parrish,harttina@example.com,Southeast,New,2024-01-30
C05340,Aaron Davies,gandersen@example.com,Midwest,Regular,2022-07-03
C05341,Anthony Kennedy,elizabethbrown@example.com,Southwest,Regular,2022-12-26
C05342,Cesar Medina,emilyobrien@example.com,Southeast,Regular,2023-09-30
C05343,Kristina Rios,roger57@example.net,Southwest,Regular,2023-10-15
C05344,Jeffrey Duffy,hphillips@example.org,Southeast,Regular,2024-01-10
C05345,Carrie Hamilton,phillipaguilar@example.com,Southeast,Regular,2023-08-15
C05346,Larry Mason,brian84@example.org,Southwest,At-Risk,2024-04-19
C05347,James Davis,sherrymcfarland@example.net,West,New,2022-08-27
C05348,Susan Williams,zlove@example.com,Southwest,Regular,2023-09-01
C05349,Jenny Williams,nchen@example.com,Southwest,Regular,2022-12-24
C05350,David Higgins,andreawagner@example.com,Southeast,VIP,2023-08-01
C05351,Lori Taylor,edwardsmorgan@example.net,West,Regular,2024-06-05
C05352,Melissa Butler,stacy28@example.org,Southeast,New,2023-11-01
C05353,Lawrence Miller,rmanning@example.net,Southwest,Regular,2024-12-21
C05354,Crystal Williams,danny32@example.com,West,Regular,2023-07-23
C05355,Gerald Paul,oconnorlisa@example.org,Midwest,At-Risk,2023-01-08
C05356,Ronnie White,michaelchavez@example.net,Northeast,Regular,2024-04-10
C05357,Daniel Hebert,lozanojose@example.com,Southeast,Regular,2022-10-15
C05358,Jimmy Ellis,baileylinda@example.net,West,Regular,2023-09-12
C05359,Pamela Norman,jameshenderson@example.com,Midwest,Regular,2024-07-13
C05360,Evan Smith,sharon42@example.org,Southwest,Regular,2023-11-25
C05361,Regina Hammond,xcummings@example.com,Midwest,New,2024-02-03
C05362,Linda Livingston,melaniebarker@example.org,Northeast,VIP,2024-04-12
C05363,Lisa Atkins,kathy64@example.org,Southwest,At-Risk,2024-01-18
C05364,Mr. Timothy Russell,schmidtwilliam@example.net,Southwest,Regular,2024-08-07
C05365,Kenneth Bryant,hcrawford@example.com,Southeast,Regular,2024-05-31
C05366,Thomas Dickson,dawnwalters@example.com,Southeast,Regular,2022-01-19
C05367,Wendy Baker,smithdevon@example.com,Midwest,At-Risk,2024-03-01
C05368,Rachel Cole,janice38@example.org,Southeast,Regular,2022-08-13
C05369,Matthew Jones,bradleykayla@example.com,Southeast,New,2023-03-11
C05370,Robert West,vpaul@example.net,Northeast,Regular,2024-06-02
C05371,Samuel Delacruz,mark73@example.com,Southeast,Regular,2023-04-01
C05372,Rachel Jensen,griffinjacob@example.org,Southeast,Regular,2022-07-13
C05373,Beverly Bell,yyu@example.org,Midwest,Regular,2022-11-19
C05374,Briana Ortiz,rburton@example.net,Southwest,Regular,2023-07-19
C05375,Nicholas Roberts,cindy61@example.org,Northeast,Regular,2022-12-22
C05376,Laura Roberts,stoutrobert@example.net,Southeast,Regular,2024-01-14
C05377,Victor Garcia,marshjerry@example.net,Southeast,Regular,2024-03-20
C05378,Katherine Trevino,mosspamela@example.com,Southwest,Regular,2024-04-29
C05379,Edward Owen,lrobbins@example.net,Southeast,At-Risk,2023-03-19
C05380,Mrs. Rebecca Chaney,dryan@example.org,Southwest,Regular,2023-06-27
C05381,Jeffrey Brown,parkerdeborah@example.com,West,Regular,2022-02-12
C05382,Jay Harrison,amberreed@example.org,Northeast,Regular,2024-04-13
C05383,Maria White,chennicole@example.net,Northeast,Regular,2024-11-07
C05384,James English,stephanieross@example.org,Southwest,Regular,2022-07-13
C05385,Kayla James,mrobinson@example.net,Northeast,Regular,2023-03-24
C05386,Kyle Hinton,mark67@example.com,Southwest,Regular,2023-01-05
C05387,Cynthia Mcdonald,luke16@example.net,Southwest,Regular,2024-05-07
C05388,Christopher Barton,joseph34@example.com,Midwest,Regular,2022-08-27
C05389,Jonathan Caldwell,ballpatricia@example.com,Southwest,Regular,2024-03-31
C05390,Monica Ferguson,ereynolds@example.com,Southeast,At-Risk,2022-07-17
C05391,Francisco Johnson,jameswallace@example.com,Midwest,Regular,2022-07-25
C05392,Dennis Dunn,jonesmike@example.com,Southeast,Regular,2022-05-13
C05393,Mr. David Boyer Jr.,nicole25@example.com,Southwest,VIP,2024-03-21
C05394,Katherine Joseph,cristinarivera@example.net,Northeast,At-Risk,2023-12-12
C05395,Christina Dougherty,catherineclark@example.net,West,Regular,2023-02-01
C05396,Tony Thompson,teresa81@example.org,Southeast,Regular,2023-07-07
C05397,Michael Levy,saraporter@example.com,Midwest,VIP,2024-10-02
C05398,Joseph Johnson,jasonclark@example.com,Northeast,Regular,2022-06-23
C05399,Gary Hall,anne48@example.net,Midwest,Regular,2023-01-21
C05400,Timothy Watson,mcknightregina@example.net,Southeast,New,2024-12-01
C05401,Anna King,shunt@example.com,Southeast,Regular,2024-09-30
C05402,David Griffin,williamsimmons@example.org,West,Regular,2023-10-06
C05403,Elijah Ali,wjones@example.com,Midwest,Regular,2023-12-04
C05404,Carl Johnson,melissavasquez@example.com,Northeast,Regular,2022-03-25
C05405,Megan Rogers,brian44@example.com,West,Regular,2024-09-04
C05406,Rachel Hunter,waredanny@example.net,Midwest,At-Risk,2022-03-31
C05407,Joe Ellis,gregory68@example.net,West,Regular,2023-08-16
C05408,Steve Cannon,stevencarlson@example.com,Southeast,Regular,2023-09-13
C05409,Ryan King,jasonzavala@example.com,Southeast,Regular,2024-04-01
C05410,Mary Crawford,deannagraves@example.net,Northeast,Regular,2023-06-18
C05411,Dominique Simpson,kathy27@example.org,Southeast,Regular,2022-09-14
C05412,Jordan Williams,christopherharrison@example.org,Southwest,VIP,2024-12-14
C05413,Tracy Collins,xhanna@example.net,Midwest,Regular,2022-03-26
C05414,Gregory Henderson,rebecca39@example.net,West,Regular,2022-03-21
C05415,George Pennington,yclark@example.org,West,New,2024-09-20
C05416,Alex Baker,ocraig@example.org,Southwest,Regular,2023-06-22
C05417,Antonio Rose,jessicaporter@example.org,Southwest,Regular,2023-08-19
C05418,Hannah Dixon,patricia52@example.net,Southwest,At-Risk,2022-10-21
C05419,Steven Hernandez,nunezthomas@example.com,Northeast,Regular,2024-06-25
C05420,Shane Leonard,xcervantes@example.com,West,Regular,2024-04-30
C05421,Alicia Farley,sabrina25@example.com,Midwest,Regular,2024-01-15
C05422,Sharon Montoya,kelseycastillo@example.org,West,Regular,2024-10-05
C05423,Sarah Mullins,fhanson@example.org,Southwest,Regular,2024-08-03
C05424,Larry Griffin,fmiller@example.org,Southeast,Regular,2024-12-07
C05425,Wayne Wong,crystal99@example.org,Midwest,VIP,2022-01-08
C05426,Shelley Frank,frodriguez@example.com,Midwest,Regular,2023-05-28
C05427,Amy Poole,allisonburke@example.com,West,Regular,2023-12-09
C05428,Rachel Roman,hoffmanholly@example.com,Northeast,New,2022-01-23
C05429,Crystal Reyes,zblack@example.com,Southeast,Regular,2022-01-18
C05430,Rodney Kirk,reedvicki@example.net,Southwest,At-Risk,2023-07-12
C05431,Patrick Sanchez,bruce38@example.net,West,Regular,2024-11-29
C05432,Rhonda Hodge,jennifermitchell@example.net,West,Regular,2023-11-01
C05433,Brenda Day,walkerjon@example.net,Southeast,New,2023-03-27
C05434,Elizabeth Mcgrath,hernandezdaniel@example.org,West,At-Risk,2023-02-21
C05435,Brittney Walter,rodriguezronald@example.com,Midwest,Regular,2022-11-25
C05436,Amy Gray,sheilasimpson@example.org,Northeast,Regular,2023-11-29
C05437,Lauren Carter,cynthiajackson@example.com,Northeast,Regular,2023-12-12
C05438,Carolyn Hernandez,ashleybutler@example.com,Northeast,VIP,2022-11-03
C05439,Matthew Allen,sjarvis@example.com,Northeast,At-Risk,2023-02-05
C05440,Katie Smith,rebecca13@example.com,Northeast,Regular,2022-10-08
C05441,Kelly Blackburn,amber14@example.net,Midwest,Regular,2022-07-16
C05442,Paul Richards,whitericardo@example.org,Southwest,At-Risk,2023-08-02
C05443,Rebecca Wilkins,paullamb@example.org,Midwest,Regular,2023-08-21
C05444,Heather Nguyen,rmueller@example.net,Northeast,Regular,2022-11-10
C05445,Jorge Bright DDS,yramirez@example.org,Northeast,Regular,2024-03-12
C05446,Kyle Hill,meghan02@example.org,Midwest,Regular,2024-05-26
C05447,Jacob Miles,mroberts@example.net,Southeast,Regular,2024-09-19
C05448,Ashley Munoz,mitchellnatasha@example.org,West,Regular,2024-03-09
C05449,Erica Miller,rebeccabaker@example.net,Midwest,Regular,2024-06-26
C05450,Jon Weiss,leblancjennifer@example.org,Southwest,Regular,2024-11-11
C05451,Mrs. Kathleen Banks,petersonmatthew@example.com,Southeast,Regular,2024-08-26
C05452,Matthew Austin,leemichelle@example.com,Northeast,Regular,2024-09-20
C05453,James Stanley,ogomez@example.net,West,Regular,2024-07-25
C05454,Stacy Long,qsullivan@example.org,Southwest,Regular,2023-01-01
C05455,Gary Peterson,colekaren@example.org,Northeast,VIP,2022-10-12
C05456,Paul Galvan,shannontorres@example.org,Northeast,New,2024-05-13
C05457,Mark Caldwell,tony92@example.org,Southeast,VIP,2022-01-02
C05458,Michael Smith,ebrown@example.net,Northeast,Regular,2024-01-16
C05459,Sarah Hernandez,susan89@example.org,West,At-Risk,2024-09-15
C05460,Sandra Woods,rachelthompson@example.net,Northeast,Regular,2024-11-04
C05461,Lauren Sampson,william86@example.net,Midwest,At-Risk,2023-01-12
C05462,Amy Espinoza,amyhudson@example.com,Northeast,Regular,2023-11-16
C05463,Donna Elliott,haley79@example.com,West,Regular,2024-11-14
C05464,Brenda Lee,oneillkevin@example.net,Northeast,Regular,2024-09-14
C05465,David Robinson,danielfreeman@example.org,Southeast,Regular,2024-05-23
C05466,Ms. Kristine Hunt,courtney44@example.com,Southeast,Regular,2022-03-04
C05467,Christopher Henderson,moorevanessa@example.org,Southeast,Regular,2022-09-10
C05468,Roy Wade,richardsoncody@example.org,West,Regular,2024-04-23
C05469,Mark Knox,pcampbell@example.org,Southeast,Regular,2023-02-23
C05470,Karen Tucker,kelly81@example.net,Midwest,Regular,2024-01-20
C05471,Lisa Hinton,vanessacarter@example.net,Southwest,Regular,2023-08-26
C05472,Benjamin Ramirez,george73@example.net,West,VIP,2022-08-22
C05473,Catherine Cox,paulwolfe@example.net,Southeast,Regular,2023-05-19
C05474,Michael Allen,kschmidt@example.com,West,Regular,2022-04-12
C05475,Crystal Cooper,xsmith@example.org,Southwest,New,2023-11-29
C05476,Brandi Maxwell,bowerskristina@example.com,Midwest,At-Risk,2022-10-17
C05477,Shane Evans,jeffrey65@example.net,Midwest,Regular,2022-12-18
C05478,Amanda Miller,derek05@example.com,West,Regular,2024-02-07
C05479,Amy Garcia,christinamiller@example.com,Northeast,Regular,2022-09-17
C05480,Brian Johnson,qperkins@example.net,West,Regular,2023-05-02
C05481,Michael Vaughan,martinezjoseph@example.com,Southeast,At-Risk,2024-12-18
C05482,Christopher Murphy,craig48@example.com,West,VIP,2022-02-06
C05483,Steven Harvey,william04@example.org,Northeast,New,2023-09-28
C05484,Amanda Jones,perezlinda@example.net,Northeast,Regular,2022-10-19
C05485,Edward Kirk,sarah06@example.net,Midwest,New,2024-02-29
C05486,Jorge Garza,richardparker@example.com,West,New,2022-09-20
C05487,Dr. Jeanette Rogers,riversmckenzie@example.com,West,New,2023-12-13
C05488,Christina White,garnerbrent@example.net,Southwest,New,2024-03-14
C05489,Megan Scott,gmorris@example.net,Midwest,VIP,2023-12-13
C05490,Jennifer Johnson,rjacobson@example.net,West,Regular,2024-08-16
C05491,Mary Harper,martinsteven@example.org,Southeast,Regular,2022-07-26
C05492,Christopher Ross,david70@example.net,Southwest,Regular,2023-01-01
C05493,Mr. Matthew Gutierrez,lejohn@example.org,Southwest,Regular,2022-10-17
C05494,Taylor Williams,robinsmith@example.com,Southwest,New,2024-10-26
C05495,Alyssa Day,greenhayley@example.com,Northeast,Regular,2022-09-20
C05496,Casey Fox,andrewbridges@example.net,West,At-Risk,2023-07-19
C05497,Victoria James,eric31@example.com,Northeast,Regular,2023-02-18
C05498,Kenneth Rodriguez,marychapman@example.org,Southwest,Regular,2024-04-28
C05499,Robert Taylor,andrew30@example.org,Southwest,Regular,2024-12-21
C05500,Kurt Frazier,aliciaharmon@example.net,Midwest,Regular,2024-04-13
C05501,Virginia Vasquez,griffinwendy@example.org,Southeast,Regular,2024-08-10
C05502,Francisco Carter,christopher28@example.net,Southeast,Regular,2024-06-27
C05503,Alan Schneider,brenda90@example.net,Northeast,Regular,2023-11-09
C05504,Sarah Moore,chelsea21@example.net,Midwest,Regular,2023-12-14
C05505,Logan Brewer,alexis50@example.com,Southeast,Regular,2023-07-04
C05506,Amanda Reyes,juliebrown@example.org,Southeast,Regular,2024-02-25
C05507,Ryan Solis,bakerlaura@example.net,Southwest,Regular,2022-01-18
C05508,Troy Payne,wardpamela@example.org,Midwest,Regular,2023-07-16
C05509,Evan Taylor,ireilly@example.com,Southeast,Regular,2024-08-27
C05510,Aaron Perez,kjohnson@example.org,Southwest,Regular,2023-10-07
C05511,Taylor Clark,danielle94@example.com,Southeast,New,2022-07-02
C05512,Andrew Cook MD,robert72@example.com,Southeast,Regular,2023-07-31
C05513,Travis Bradshaw,tsilva@example.net,Southwest,Regular,2024-09-17
C05514,Brian Richards,jenniferthornton@example.org,Northeast,Regular,2022-09-01
C05515,Colleen Campbell,paul54@example.net,Northeast,VIP,2024-04-04
C05516,Donald Rivera,williamsontimothy@example.net,West,Regular,2022-10-04
C05517,Sarah Bryant,williamsnatasha@example.org,Midwest,Regular,2023-04-23
C05518,Ruben Nash,lindsay33@example.com,Southeast,At-Risk,2024-03-25
C05519,Maria Ali,schmittchristopher@example.com,Midwest,New,2023-02-24
C05520,Andrea Kennedy,beth23@example.org,West,Regular,2022-08-07
C05521,Karen Hudson,bbush@example.com,West,Regular,2022-12-06
C05522,Shawn Martinez,tom79@example.net,Northeast,Regular,2022-01-30
C05523,Tracy Smith,brookssandra@example.net,Midwest,Regular,2023-04-13
C05524,Kyle Diaz,evansfred@example.org,Southeast,At-Risk,2024-11-20
C05525,Brett Wells,jessicabartlett@example.com,West,Regular,2023-01-24
C05526,Christine Bailey,carolyn76@example.org,Midwest,At-Risk,2022-03-30
C05527,Destiny Jackson,craigpatricia@example.org,Southwest,New,2022-04-26
C05528,Victoria Murray,xrodriguez@example.org,Northeast,Regular,2022-03-19
C05529,Briana Larson,gouldtammie@example.org,Southeast,Regular,2023-09-25
C05530,Edward Valenzuela,groberts@example.net,West,Regular,2022-05-27
C05531,Patrick Moore,kingmark@example.net,Northeast,New,2024-01-05
C05532,David Rodriguez,daniellelowery@example.org,West,New,2023-06-02
C05533,Amanda Kelly,dustin39@example.com,Northeast,At-Risk,2023-03-05
C05534,Jesse Barrera,laurenmccann@example.org,Southeast,VIP,2024-06-05
C05535,Diane Herrera,katie52@example.com,Southeast,Regular,2024-11-11
C05536,Carolyn Cooper,ihorne@example.org,Southwest,Regular,2023-11-02
C05537,Joseph Jones,fisherchristopher@example.net,Southwest,Regular,2022-09-05
C05538,Dr. Joseph James,willisstephen@example.net,West,Regular,2022-11-26
C05539,Scott Howard,kenneth09@example.com,West,Regular,2022-04-24
C05540,Natasha Lin,elizabethhickman@example.org,West,Regular,2024-09-21
C05541,Elizabeth Obrien,thomasjohn@example.com,Southwest,Regular,2024-11-01
C05542,Darrell White,rickey60@example.com,Southeast,Regular,2024-08-21
C05543,Daniel Lang,elizabethruiz@example.com,Southeast,Regular,2023-04-16
C05544,Derek Nguyen,umclean@example.com,Southeast,Regular,2023-07-21
C05545,Michael Smith,charles82@example.com,Southeast,Regular,2022-07-17
C05546,John Nguyen,mcleankristin@example.com,West,Regular,2022-12-08
C05547,Wayne Wilson,michael38@example.org,Midwest,Regular,2024-01-10
C05548,Rachel Smith,wigginseric@example.com,Southwest,New,2023-11-05
C05549,John Tate,xlee@example.net,Northeast,Regular,2023-09-25
C05550,Diane Barr,vanderson@example.org,Southwest,New,2023-04-11
C05551,Crystal Nguyen,velasquezashley@example.com,Midwest,Regular,2022-03-03
C05552,Manuel Douglas,nathantorres@example.org,Southeast,VIP,2023-11-02
C05553,Penny Brown,spierce@example.org,West,Regular,2024-04-26
C05554,Keith Gibson,kramirez@example.com,Southwest,Regular,2023-03-24
C05555,Lisa Williams,elizabeth07@example.org,Southeast,Regular,2023-05-07
C05556,James Schroeder,bradperez@example.net,Southwest,Regular,2024-12-09
C05557,Tony Beck,xtaylor@example.com,Southeast,At-Risk,2024-07-19
C05558,George Leon,smithcolleen@example.com,Southeast,At-Risk,2023-05-20
C05559,Michelle Mann,caldwellpaul@example.com,Northeast,Regular,2024-06-17
C05560,Molly Wolfe,rshelton@example.com,West,Regular,2023-06-28
C05561,Alexander Clay,eugenejensen@example.net,Southeast,New,2022-07-15
C05562,Amber Ochoa,andreaholder@example.org,Midwest,Regular,2023-06-23
C05563,Jennifer Andersen DDS,sullivantracey@example.org,West,Regular,2022-10-05
C05564,Aaron Herrera,englishmichael@example.net,Northeast,New,2023-03-26
C05565,Juan Miller,moorewilliam@example.com,Midwest,Regular,2022-07-15
C05566,Kaylee Lopez,thomas48@example.net,Northeast,Regular,2022-01-31
C05567,Nancy Miller,curtisjacqueline@example.com,Northeast,Regular,2024-01-09
C05568,Gary Morrison,kimberly23@example.org,Southwest,At-Risk,2024-04-30
C05569,Kristina Johnson,melaniesmith@example.org,Northeast,New,2023-07-30
C05570,Christopher Griffith,ubailey@example.org,Northeast,At-Risk,2022-10-11
C05571,Sarah Lam,meganmcguire@example.com,Southwest,Regular,2023-10-03
C05572,Emily Jackson,castillomatthew@example.net,West,Regular,2022-10-01
C05573,Amy Thomas,xvaldez@example.net,Midwest,Regular,2023-02-02
C05574,Dustin Williams,traci63@example.org,Northeast,At-Risk,2022-02-12
C05575,Heidi Smith,cooperjohn@example.org,Midwest,New,2023-06-25
C05576,David Fitzpatrick,carrollpenny@example.com,Northeast,New,2022-03-28
C05577,Emily Warren,kennethsuarez@example.com,West,Regular,2024-05-16
C05578,Seth Carlson,cynthiaroberts@example.net,Midwest,VIP,2024-09-23
C05579,Warren Jordan,drakeerin@example.com,Midwest,Regular,2024-05-16
C05580,Allen Poole,michael60@example.net,Southwest,Regular,2022-11-15
C05581,Anthony Barrett,gary77@example.net,Southeast,Regular,2023-01-22
C05582,Jeffrey Walton,kathrynbates@example.com,West,VIP,2024-04-28
C05583,Jose Mitchell,dawnbrooks@example.org,Southeast,VIP,2023-02-07
C05584,Tyler Shelton,tonymckinney@example.org,Northeast,Regular,2024-08-10
C05585,Melissa Hicks,icochran@example.org,West,Regular,2023-07-20
C05586,Ricky Mccarthy,joneschristopher@example.net,Northeast,Regular,2023-05-31
C05587,Stephanie Medina MD,christopherbush@example.com,Midwest,New,2022-03-23
C05588,Nicholas Jones,justinblackburn@example.org,Southwest,At-Risk,2023-09-05
C05589,Andrew Gomez,ana27@example.org,Southeast,Regular,2023-05-07
C05590,Mary Reyes,erogers@example.com,Midwest,Regular,2024-12-18
C05591,Kylie Gomez,ssmith@example.org,West,Regular,2024-05-02
C05592,Mindy Garcia,qwarner@example.com,Southwest,At-Risk,2023-04-26
C05593,Ellen Sexton,andrewskyle@example.org,Northeast,Regular,2022-10-14
C05594,Brittany Ellis,jeffreyoconnor@example.org,Southeast,Regular,2024-03-14
C05595,Michael Morales,walkerdana@example.net,Midwest,Regular,2024-09-28
C05596,Pamela Phillips,kschneider@example.org,Southwest,VIP,2022-04-12
C05597,Phillip Cole II,maryrobinson@example.net,West,Regular,2024-03-15
C05598,Melody Jackson,bmitchell@example.com,Northeast,New,2022-10-16
C05599,Spencer Bates,micheal43@example.net,West,Regular,2023-01-03
C05600,Brandy Costa,jimenezmelissa@example.org,Southwest,Regular,2024-08-19
C05601,Derrick Larson,rebecca22@example.org,West,Regular,2023-02-23
C05602,Michelle Lawson,robinpierce@example.org,Southwest,Regular,2023-04-06
C05603,Elizabeth Martinez,rowebrandon@example.org,Southeast,At-Risk,2024-08-29
C05604,Adrian Valdez,timothybrown@example.net,Southwest,Regular,2023-01-04
C05605,Charles Herman,frankboyd@example.com,West,Regular,2022-03-28
C05606,Felicia Walker,zacharystephens@example.com,Southeast,Regular,2022-09-29
C05607,Rachel Sanchez,jessica86@example.com,Southwest,Regular,2022-11-29
C05608,Aaron Obrien,frederick16@example.org,West,New,2024-06-08
C05609,Kelly Garza,hernandezjudy@example.org,Southeast,New,2023-02-17
C05610,Nancy Lambert,xhooper@example.org,Midwest,At-Risk,2024-01-18
C05611,Jacob Gonzalez,brianwoodard@example.org,Southeast,Regular,2024-04-11
C05612,Tim Torres,sandrabrown@example.net,West,At-Risk,2023-02-01
C05613,Keith Daniels,cameronjohnathan@example.com,West,Regular,2022-07-28
C05614,Chad Robles,jacobsjoseph@example.org,Midwest,Regular,2024-06-26
C05615,Robert Green,denisefry@example.org,Southeast,Regular,2024-08-24
C05616,Jessica Rangel,cgraves@example.com,Northeast,Regular,2024-09-17
C05617,Elizabeth Cortez,brownjoshua@example.org,Northeast,Regular,2024-05-06
C05618,Teresa Mason,david81@example.net,Midwest,Regular,2023-03-31
C05619,Judy Lynch,ivega@example.com,West,Regular,2022-05-22
C05620,Donald Clayton,rodriguezamy@example.net,West,New,2023-07-26
C05621,Amanda Lam,scottramos@example.net,West,Regular,2022-01-19
C05622,Tracie Davis,heather72@example.com,Southeast,Regular,2022-03-16
C05623,Alexandra Sampson,kellyamanda@example.net,Northeast,Regular,2024-04-18
C05624,Rebekah Floyd,robertasanchez@example.org,Northeast,Regular,2022-11-23
C05625,Michael Chandler,pamela12@example.net,Southeast,Regular,2022-02-13
C05626,Nicholas Wright,pagelauren@example.net,Northeast,Regular,2023-01-15
C05627,John Thompson,jennifer57@example.com,West,Regular,2024-05-31
C05628,Anthony Smith,jamesnelson@example.org,West,Regular,2023-01-18
C05629,Kristin Morrow,qkim@example.com,Midwest,Regular,2023-06-12
C05630,Henry Rodriguez,mariahjohnson@example.net,Northeast,Regular,2023-11-28
C05631,Tracy Ramirez,juanmaxwell@example.net,Southwest,VIP,2022-08-26
C05632,Brian Briggs,catherine91@example.org,Midwest,Regular,2024-10-07
C05633,Shannon Jones,acooper@example.com,Southeast,Regular,2023-06-22
C05634,Tracey Vazquez,jeffrey82@example.com,Southeast,Regular,2022-03-07
C05635,Todd Jackson,wroy@example.com,Midwest,Regular,2023-05-25
C05636,Lori Mann,hardynathan@example.net,West,VIP,2022-05-01
C05637,Angela Flores,johnsonwilliam@example.org,Northeast,Regular,2024-09-14
C05638,James Fowler,cthompson@example.net,Midwest,Regular,2023-07-26
C05639,Tanya Howard,ericaberg@example.net,Southwest,Regular,2024-09-11
C05640,Sarah Noble,emilymartin@example.com,Southeast,New,2022-05-24
C05641,Nichole Adkins,jefferyjohnson@example.org,Northeast,Regular,2022-01-12
C05642,Jack Francis,randy83@example.org,Southeast,Regular,2022-09-21
C05643,Michael Merritt,hollybell@example.org,Northeast,Regular,2024-09-05
C05644,Nathan Smith,darlenebryant@example.net,Northeast,VIP,2023-10-12
C05645,Jacob Carter,dominguezdarrell@example.net,West,Regular,2024-07-28
C05646,Jacqueline Kemp,thompsonchristina@example.org,West,Regular,2022-01-01
C05647,Holly Chang,dyerryan@example.com,Southeast,Regular,2024-09-26
C05648,Edwin Morgan,kconley@example.com,Southwest,Regular,2022-05-02
C05649,Kristina Weaver,brandon20@example.net,Southwest,Regular,2024-05-18
C05650,Wendy Leach,foleydonna@example.com,West,New,2024-03-30
C05651,Regina Norris,katherine44@example.net,Northeast,New,2023-08-07
C05652,Katherine Brown,kimberly54@example.org,Southwest,New,2024-02-23
C05653,Beth Clay,brett19@example.net,Southwest,Regular,2024-08-15
C05654,Cynthia Smith,patrick95@example.net,West,Regular,2022-11-25
C05655,Cynthia Suarez,montgomeryjohn@example.com,West,Regular,2024-02-26
C05656,Catherine Silva,natasha11@example.net,West,Regular,2023-04-08
C05657,Angelica Smith,haileyallen@example.net,Midwest,At-Risk,2024-09-20
C05658,Steve Burnett,rebecca08@example.org,Northeast,Regular,2022-11-19
C05659,Jerry Hill,uflores@example.com,Southwest,Regular,2024-01-12
C05660,Julie Miller,prestoneric@example.com,West,Regular,2024-03-25
C05661,Erika Williams,rhodestina@example.net,Midwest,VIP,2023-10-28
C05662,Amanda Martin,jon98@example.net,Northeast,Regular,2022-01-11
C05663,Laurie Lane,lwilliams@example.net,Northeast,Regular,2022-08-02
C05664,Matthew Snyder,arthur45@example.org,Northeast,Regular,2023-05-13
C05665,Mikayla Elliott MD,robertsjasmine@example.com,Midwest,Regular,2024-05-19
C05666,Kristin Combs,zhall@example.com,Southwest,Regular,2023-09-30
C05667,Bridget Middleton,willisadam@example.net,Midwest,Regular,2022-06-08
C05668,Judy Schultz,martinezmary@example.com,Southeast,Regular,2024-01-14
C05669,Jason Hart,elliottsamuel@example.com,Midwest,Regular,2023-11-11
C05670,Karen Smith,youngjason@example.com,Southeast,Regular,2024-05-30
C05671,Nicole Lowery,heidimathis@example.com,Southeast,Regular,2022-11-09
C05672,Evan Miller,mirandasimmons@example.org,West,Regular,2024-11-09
C05673,Dorothy Smith,syoung@example.com,West,VIP,2023-06-15
C05674,Linda Miller,dcurtis@example.net,Northeast,Regular,2022-02-17
C05675,Brittany Gonzalez,sara33@example.com,Southeast,VIP,2023-10-01
C05676,Kimberly Frey,carrie47@example.net,Northeast,VIP,2022-02-24
C05677,Lauren Spencer,adamskristie@example.com,West,Regular,2023-01-17
C05678,Alyssa Turner,youngbrittany@example.com,Midwest,Regular,2023-05-15
C05679,Rachel Huerta,vbrock@example.net,Southwest,New,2023-07-26
C05680,Daniel Brown,garrettelizabeth@example.com,Midwest,Regular,2022-07-27
C05681,Paula Smith,brandy37@example.org,Southeast,Regular,2022-03-19
C05682,Andre Chase,curtissanders@example.net,Midwest,Regular,2022-12-27
C05683,David Barnes,edwardwhite@example.com,Midwest,Regular,2023-01-15
C05684,Peter Davis,benjamin12@example.org,Southwest,At-Risk,2022-06-15
C05685,Michael Price,cynthialee@example.com,Midwest,Regular,2023-05-29
C05686,Michael Black,davidlee@example.com,Southwest,Regular,2024-12-13
C05687,Benjamin Wilson,lukevincent@example.net,Northeast,Regular,2024-07-10
C05688,Michael Burke,margaret24@example.com,Southeast,New,2022-02-11
C05689,Julia Gates,rthomas@example.net,Southwest,Regular,2024-02-28
C05690,Tara Stewart,belljason@example.com,Southwest,Regular,2022-04-28
C05691,Billy Estes,brandonsmith@example.net,Southwest,Regular,2023-09-14
C05692,Amy Johnson,penajoshua@example.net,Southeast,Regular,2022-10-29
C05693,Shawn Acosta,catherine69@example.com,Southwest,Regular,2022-04-04
C05694,Chelsea Garza,ronald07@example.com,Southwest,Regular,2023-04-22
C05695,Denise West,egarcia@example.net,Northeast,Regular,2023-10-31
C05696,Katherine Ellis,david06@example.org,Southeast,Regular,2022-06-16
C05697,Lindsay Morgan,cynthia85@example.com,West,Regular,2022-11-14
C05698,Tanya Lewis MD,cruzpaul@example.net,Southwest,Regular,2022-04-20
C05699,Brad Johnson DDS,msnyder@example.net,Midwest,Regular,2022-12-27
C05700,Charles Griffin,kathleen76@example.net,Midwest,New,2023-04-15
C05701,Christie Lindsey,brandonharris@example.net,Southwest,Regular,2022-04-26
C05702,Courtney Johnson,renee95@example.org,Southwest,Regular,2024-01-12
C05703,Renee Johnson,jacob54@example.org,Northeast,VIP,2022-12-08
C05704,Raymond Stephenson,jeffrey13@example.org,West,Regular,2024-01-05
C05705,Jason Goodwin,jonathansanders@example.com,West,Regular,2023-05-22
C05706,Jill Clark,mcintoshrichard@example.org,Midwest,Regular,2024-04-02
C05707,William Villarreal,eric20@example.com,Northeast,Regular,2022-07-29
C05708,Alejandra Hughes,ginarivera@example.com,Southwest,Regular,2023-12-25
C05709,Dennis Cobb,sonyachristensen@example.org,Northeast,VIP,2024-08-05
C05710,Sarah Gregory,alexander02@example.net,Southeast,Regular,2022-10-30
C05711,Brittany Bauer,jsmith@example.net,Southwest,New,2022-02-25
C05712,Jennifer Mays,richardcruz@example.net,Southeast,At-Risk,2024-11-23
C05713,Amy Lambert,jeffreyrivera@example.org,Southeast,Regular,2023-01-27
C05714,Kimberly Robinson,adamskatie@example.org,Midwest,Regular,2022-05-22
C05715,Shelia Schmidt,smithamber@example.com,Northeast,Regular,2024-08-28
C05716,Juan Woods MD,ucolon@example.com,Northeast,Regular,2022-07-20
C05717,Heather Welch,dustindurham@example.com,Midwest,New,2023-04-14
C05718,Alexis Zavala,qsmith@example.com,Midwest,At-Risk,2024-08-20
C05719,Patricia Callahan,dbryan@example.com,Southwest,Regular,2024-09-02
C05720,Jenna Baker,reyesdustin@example.org,Southeast,Regular,2023-04-10
C05721,Joseph Wu,stephanieortiz@example.org,West,Regular,2023-02-01
C05722,Scott Parks,cpena@example.net,Midwest,At-Risk,2024-05-18
C05723,Karl Grimes,molinawendy@example.org,Southwest,Regular,2023-02-05
C05724,William Morrison,edwardrodriguez@example.org,West,Regular,2024-04-02
C05725,Maria Sawyer,jasonlong@example.org,West,VIP,2022-11-11
C05726,David Franco,robinsonmelinda@example.com,Southwest,Regular,2024-05-14
C05727,Kaitlin Wright,melissa50@example.org,West,Regular,2023-01-06
C05728,Shawna Smith,dickersonalisha@example.net,Southeast,Regular,2023-02-02
C05729,Dylan Allison,maryrivera@example.net,Northeast,Regular,2023-09-07
C05730,Elaine Deleon,angela69@example.org,Northeast,Regular,2024-11-25
C05731,Latoya Casey,traviskelly@example.com,Northeast,Regular,2024-11-13
C05732,Alyssa Nelson,matthew76@example.org,West,Regular,2022-01-03
C05733,Noah Carroll,whitewilliam@example.net,Midwest,Regular,2022-06-09
C05734,James Paul,oharrington@example.com,Midwest,Regular,2024-09-10
C05735,Claudia Smith,tvillegas@example.net,West,Regular,2024-03-31
C05736,Debra White,simmonsjessica@example.com,Southwest,At-Risk,2023-06-13
C05737,Kenneth Stokes,davidchambers@example.net,West,Regular,2024-04-05
C05738,Zachary Schroeder,rebecca42@example.org,West,VIP,2022-12-12
C05739,Ashley Michael,jameshansen@example.org,Midwest,New,2023-03-17
C05740,Christopher Khan,katherine54@example.org,Midwest,Regular,2024-02-29
C05741,Ms. Elizabeth Maynard MD,oburns@example.net,Southeast,Regular,2024-10-05
C05742,Melanie Joseph,campbelldiane@example.net,Northeast,At-Risk,2024-12-17
C05743,Jeremy Stewart,hawkinsstephen@example.net,West,VIP,2023-02-18
C05744,Pamela Ellis,ztran@example.com,Southwest,Regular,2022-08-15
C05745,Amanda Hoffman,harrismelissa@example.org,West,Regular,2022-01-12
C05746,Ariel Stout,beasleyandrew@example.net,Northeast,At-Risk,2023-09-30
C05747,Jonathon Morse,robertgilbert@example.com,Northeast,Regular,2022-11-16
C05748,Jennifer Bradley,rfox@example.net,Midwest,Regular,2024-12-21
C05749,Todd White,jamesjeremiah@example.com,West,Regular,2022-12-10
C05750,Gabriela Ward,ramirezashley@example.org,Northeast,Regular,2024-05-07
C05751,Thomas Maldonado,nspencer@example.com,Southwest,Regular,2024-02-04
C05752,Cesar Henderson,tcabrera@example.com,Northeast,New,2024-11-06
C05753,Pamela Best,jgarcia@example.com,West,Regular,2024-03-09
C05754,Randy Harvey,meredithstanley@example.com,Southeast,New,2023-10-12
C05755,William Carr,cunninghamkayla@example.org,Northeast,Regular,2023-11-10
C05756,Joseph Zhang,tammyrojas@example.org,Southwest,Regular,2022-03-05
C05757,James Salazar,pittsanthony@example.org,West,Regular,2024-08-20
C05758,Michelle Palmer,hjensen@example.org,Southeast,VIP,2024-10-18
C05759,Jessica King,barrerasuzanne@example.com,West,New,2023-05-15
C05760,Scott Short,robert95@example.com,Southeast,At-Risk,2024-08-26
C05761,Alan Horton,henryaustin@example.net,West,Regular,2023-06-29
C05762,John Chan,joneskatherine@example.net,Southeast,Regular,2023-05-16
C05763,Karen Mitchell,gloriacruz@example.org,Northeast,Regular,2023-01-12
C05764,Laura Jenkins,cheyenne37@example.com,Northeast,Regular,2024-02-28
C05765,Stephen Hays,douglasbrandon@example.net,Southeast,VIP,2024-11-20
C05766,Christopher Hart,brian92@example.org,Southeast,Regular,2022-10-22
C05767,Amy Baker,vaughanchad@example.net,Northeast,Regular,2022-07-10
C05768,Christopher Rich,josephwatkins@example.net,Midwest,New,2022-06-17
C05769,Melissa Barr,dylan50@example.org,Northeast,Regular,2023-02-12
C05770,Reginald Logan,boonebrandon@example.com,Midwest,Regular,2023-08-22
C05771,John Stone,daniel50@example.com,Southeast,New,2022-02-22
C05772,Ashley Miller,kellie32@example.org,West,Regular,2023-09-02
C05773,Colton Turner,christinelynn@example.net,Midwest,At-Risk,2022-11-23
C05774,Laura Williams,martinpage@example.net,Northeast,VIP,2024-10-24
C05775,Dennis Foster,fgarcia@example.net,Southeast,New,2022-03-10
C05776,Jean Stone,domingueztina@example.net,West,Regular,2024-11-16
C05777,Eric Chang,yespinoza@example.com,West,Regular,2022-10-25
C05778,Chelsea Spencer,ronald56@example.net,Northeast,Regular,2024-06-28
C05779,Dawn Gonzalez,charlescarson@example.net,West,At-Risk,2022-11-06
C05780,Heather Fox,annepennington@example.com,Midwest,Regular,2023-08-30
C05781,Kurt Smith,mackcarlos@example.net,Southwest,Regular,2022-05-10
C05782,Alan Sanders,vwells@example.net,Midwest,New,2024-11-06
C05783,Cristian Manning,anthony51@example.net,Northeast,New,2024-09-28
C05784,Jennifer Rhodes,paula31@example.com,Southeast,Regular,2022-12-20
C05785,Janet Gordon,angela49@example.com,Northeast,Regular,2023-07-17
C05786,Lisa Powers,kristin92@example.org,Midwest,New,2023-11-16
C05787,Caitlyn Floyd,kellerjoseph@example.com,Southwest,At-Risk,2023-07-04
C05788,Jose Nelson,mfrank@example.com,West,Regular,2022-05-04
C05789,Christopher Williams,oshepard@example.org,Southwest,Regular,2023-01-16
C05790,Kristen Miller,terri14@example.net,Southwest,Regular,2022-06-21
C05791,Kim Mckinney,thomas84@example.net,West,Regular,2024-01-05
C05792,Ian Silva,ahawkins@example.net,Southeast,Regular,2024-06-28
C05793,Beth Hernandez,danielmatthews@example.com,Northeast,Regular,2023-01-21
C05794,Susan Vance,ysmith@example.com,Northeast,At-Risk,2022-07-19
C05795,Taylor Cortez,qbailey@example.net,Northeast,Regular,2024-06-25
C05796,Patrick Washington,combsmichelle@example.org,Midwest,Regular,2022-02-26
C05797,Arthur Green DDS,hallmichelle@example.net,Midwest,Regular,2024-05-01
C05798,Brooke Morales,lcooper@example.com,West,Regular,2023-09-20
C05799,Amy Hernandez,xbolton@example.net,Southeast,Regular,2022-12-08
C05800,Jennifer Mccall,tracicurry@example.com,Northeast,New,2022-01-10
C05801,Fred Hughes,irwinpaul@example.org,West,At-Risk,2022-07-06
C05802,Allison Lee,vgarcia@example.net,Northeast,Regular,2024-01-26
C05803,Matthew Hicks,cjohnson@example.com,West,New,2022-12-21
C05804,Robert Duncan,crawforddawn@example.net,Southeast,Regular,2024-12-14
C05805,John Dillon,michelle04@example.org,West,Regular,2022-08-20
C05806,Steven Smith,angela79@example.net,Midwest,Regular,2023-08-29
C05807,James Roberson,austinmichael@example.net,Midwest,Regular,2022-09-25
C05808,Emily Duarte,evanswanda@example.com,Southwest,New,2023-10-01
C05809,Kevin Nolan,elizabeth28@example.net,Southwest,Regular,2023-09-14
C05810,Theresa Rodriguez,sonya60@example.org,Midwest,New,2022-03-01
C05811,William Lopez,lorrainesmith@example.net,West,New,2024-09-16
C05812,Sandra Baker,mwalsh@example.net,West,New,2022-05-24
C05813,Karen Coleman MD,jodyhull@example.com,Northeast,Regular,2023-11-13
C05814,Darryl Harrison,uallen@example.com,Southwest,At-Risk,2024-05-16
C05815,Dawn Silva,shelbyberger@example.net,Midwest,Regular,2022-09-20
C05816,Jessica Mccarthy,velezmichael@example.org,Midwest,Regular,2023-04-08
C05817,Rebecca Parker,grantalexandra@example.net,Southwest,Regular,2022-08-19
C05818,Donna Horne,william76@example.com,Midwest,New,2023-08-27
C05819,Jonathan Johnson MD,carriemiles@example.net,Southeast,Regular,2024-04-05
C05820,Paul Jones,mitchell94@example.org,Midwest,Regular,2023-03-22
C05821,Michelle Smith,phelpsdanielle@example.net,Northeast,Regular,2023-04-06
C05822,Linda Gordon,christiangonzalez@example.net,Northeast,VIP,2023-08-09
C05823,Mr. David Flores,wmiller@example.org,Southeast,Regular,2024-03-20
C05824,Christopher Brown,joneschristopher@example.org,Midwest,New,2022-06-25
C05825,Rachael Evans,casey14@example.com,Northeast,Regular,2022-06-15
C05826,Patricia Wilson,ehernandez@example.org,Southeast,Regular,2024-08-05
C05827,Steven Frank,rachel06@example.net,Southwest,Regular,2022-02-28
C05828,Dustin Hoffman,molinadavid@example.com,Northeast,Regular,2023-10-02
C05829,Kimberly Stevenson,peckgabriel@example.org,Southwest,Regular,2024-06-10
C05830,Amanda Simpson,elee@example.org,Southwest,At-Risk,2024-08-09
C05831,Sierra Sanchez,adam51@example.com,Midwest,Regular,2023-01-29
C05832,Joshua Byrd,thompsondawn@example.com,Northeast,Regular,2022-08-19
C05833,James Estrada,michael59@example.org,Midwest,Regular,2023-02-03
C05834,Wanda Lopez,nbarrett@example.com,Southeast,Regular,2022-03-17
C05835,Miranda Jackson,wroberts@example.net,Northeast,Regular,2023-06-20
C05836,Barbara Tate,lewismiguel@example.com,Midwest,Regular,2022-11-21
C05837,Charles Maldonado,brenda46@example.com,Southeast,Regular,2024-04-29
C05838,Melissa Oconnell,daltonalison@example.com,West,Regular,2023-12-08
C05839,Mary Knapp,seangomez@example.net,West,Regular,2024-06-28
C05840,Melissa Cameron,lewisstacy@example.net,Northeast,Regular,2024-02-27
C05841,Linda Martinez,howardjoshua@example.org,Southwest,Regular,2024-12-01
C05842,Mercedes Graves,qward@example.org,Southwest,VIP,2022-12-29
C05843,Meghan Anderson,youngcarla@example.com,Midwest,Regular,2023-06-29
C05844,Austin Long,mrodriguez@example.org,Southeast,New,2023-03-21
C05845,Richard Davis,keithjulie@example.org,Southwest,Regular,2024-10-28
C05846,Michelle Garcia,donaldpeck@example.net,Southeast,VIP,2022-05-17
C05847,Kristine Nguyen,kingcynthia@example.com,Northeast,Regular,2023-08-10
C05848,Brandy Lucas,ibaker@example.com,Southwest,Regular,2023-08-29
C05849,Christina Bell,brendahuynh@example.com,Midwest,Regular,2022-02-24
C05850,Brian Mitchell,morganjeremy@example.net,Southeast,Regular,2023-07-28
C05851,Mrs. Courtney Gibson,rrobbins@example.com,Midwest,New,2024-02-15
C05852,Jason Clay,james61@example.com,West,VIP,2023-03-08
C05853,Philip Robinson,xmurphy@example.org,Northeast,Regular,2022-08-22
C05854,Stephanie Harris,tammyguerrero@example.net,West,New,2022-04-04
C05855,Michael Williams,sharon16@example.net,Southwest,Regular,2022-10-11
C05856,Mr. Ryan Buchanan,rebeccaherrera@example.org,Southwest,Regular,2022-12-06
C05857,Candace Wade,butlerchristopher@example.com,Northeast,Regular,2024-04-13
C05858,Robert Lowery,tinabishop@example.org,Southwest,Regular,2023-04-03
C05859,John George,flewis@example.org,Northeast,Regular,2022-10-16
C05860,William Smith,william49@example.org,Northeast,Regular,2023-02-03
C05861,Dominic Alexander,carrollstephanie@example.com,West,Regular,2023-10-03
C05862,Paul Bowers,stephanieking@example.com,West,Regular,2024-06-05
C05863,Crystal Drake,angiewalker@example.net,Midwest,New,2024-09-29
C05864,Diamond Thomas,tavery@example.org,Midwest,Regular,2023-03-13
C05865,Laura Ross,roblesbrett@example.net,Southeast,New,2022-06-14
C05866,Robert Stephens,brittany23@example.net,West,Regular,2023-02-16
C05867,Rebecca Moran,elizabeth30@example.com,Southwest,VIP,2024-01-04
C05868,Sean Compton,kennedyjonathon@example.net,West,New,2022-01-11
C05869,James Anderson DDS,ray25@example.com,Southeast,Regular,2022-04-18
C05870,Ellen Brown,timothyrhodes@example.net,West,Regular,2023-07-07
C05871,Stuart Paul,wardronald@example.org,Northeast,Regular,2023-02-03
C05872,Jerry Pham,bryanwilkinson@example.com,Northeast,Regular,2023-06-17
C05873,Ronnie Carr,vpowers@example.net,West,Regular,2023-09-01
C05874,Jessica Petersen,trevor79@example.com,Midwest,Regular,2022-09-05
C05875,Melissa Fuller,leesharon@example.com,Northeast,New,2023-07-30
C05876,Scott Valencia,ymcdonald@example.net,Northeast,Regular,2024-08-19
C05877,Andrew Wilson,michellejones@example.com,Southwest,New,2024-01-06
C05878,Lori Gomez,merrittalexander@example.org,Midwest,Regular,2022-09-04
C05879,Susan Alvarado,smithmichaela@example.com,West,Regular,2022-01-24
C05880,Thomas Jordan,syoung@example.org,Midwest,Regular,2022-06-10
C05881,Howard Davis,juancarson@example.com,West,Regular,2022-07-12
C05882,Holly Boyer,jamesmichelle@example.net,Midwest,Regular,2024-05-06
C05883,Randy Lynch,martinpowell@example.com,Northeast,Regular,2024-10-12
C05884,Daniel Murphy,zsparks@example.org,Southeast,Regular,2022-09-11
C05885,Kyle Boyd,laura81@example.com,Midwest,Regular,2023-12-25
C05886,Brandon Lee,dmiranda@example.net,Southwest,At-Risk,2022-07-12
C05887,Patrick Hodges,timothy95@example.net,West,New,2023-06-16
C05888,Hannah Gray,carlos59@example.com,Southwest,At-Risk,2022-03-18
C05889,Becky Ramos,cookerik@example.net,Southeast,Regular,2023-06-23
C05890,Charles Smith,vlewis@example.org,Midwest,Regular,2022-03-20
C05891,Erika Duran,margaret41@example.net,West,At-Risk,2022-09-07
C05892,Cynthia Olson,pphillips@example.com,Midwest,At-Risk,2023-08-02
C05893,Jenna Carter,hbird@example.org,West,Regular,2024-03-20
C05894,Tara Thompson,dawn08@example.com,West,Regular,2023-03-05
C05895,Adrienne Brown,ashleedougherty@example.net,West,At-Risk,2024-12-29
C05896,Christopher Middleton,mendozalisa@example.net,Northeast,VIP,2024-05-11
C05897,Adam Graham,austin86@example.org,West,Regular,2023-08-01
C05898,Douglas Campbell,kyle75@example.com,Southeast,Regular,2024-03-15
C05899,Christina Wong,kevin02@example.org,Southwest,New,2024-05-25
C05900,Harry Burns,omiller@example.net,West,New,2024-05-08
C05901,Scott Ware,josephacosta@example.net,West,Regular,2024-08-17
C05902,Sarah Jones,arodriguez@example.net,Midwest,Regular,2022-07-23
C05903,Allison Small,latasha46@example.net,Northeast,New,2024-11-06
C05904,Rebecca Lamb,heather25@example.org,Midwest,Regular,2023-09-10
C05905,Rachel Murray,stephen22@example.org,West,Regular,2024-01-17
C05906,Joseph Koch,jamiepennington@example.net,Southeast,Regular,2023-10-02
C05907,Ronnie Torres,annette67@example.com,Southwest,Regular,2022-03-20
C05908,Dwayne Eaton,joshua14@example.net,Northeast,Regular,2024-04-12
C05909,Melissa Walker,anna47@example.com,Southwest,Regular,2022-04-22
C05910,Emily Tyler,rachel98@example.org,Southeast,Regular,2024-06-07
C05911,Michael Brooks,rshaw@example.org,Southwest,New,2022-11-23
C05912,David Murphy,rriley@example.net,Midwest,Regular,2022-05-23
C05913,Julie Black,annaliu@example.org,Southwest,Regular,2022-07-06
C05914,Catherine Ramos,cervanteschristopher@example.com,West,Regular,2024-09-07
C05915,Daniel Johnson,nmcbride@example.com,West,New,2023-11-24
C05916,Sean Arias,stephanielewis@example.net,Southeast,Regular,2022-02-17
C05917,Joseph Clark,james00@example.org,West,VIP,2023-06-15
C05918,Craig Stephens,kaitlinrichards@example.org,Southeast,Regular,2022-03-11
C05919,Gregory Harris,kyle64@example.net,West,At-Risk,2024-07-02
C05920,Richard Johnson,kconrad@example.net,Southeast,Regular,2023-07-14
C05921,Kimberly Winters,kimberlysweeney@example.com,West,Regular,2024-12-07
C05922,Alexander Ramirez,nbarnes@example.com,Southwest,Regular,2022-11-14
C05923,Jeremy Herman,laura93@example.net,Southeast,Regular,2024-09-02
C05924,Kelly Miller,paynenatalie@example.net,West,Regular,2022-07-11
C05925,Carolyn Cole,beverlyjackson@example.net,Midwest,Regular,2022-12-25
C05926,Angela Murphy,mjackson@example.com,West,Regular,2023-12-03
C05927,Jennifer Warner,vbarrera@example.com,Northeast,Regular,2024-07-11
C05928,Michael Williams,bradley38@example.org,Northeast,Regular,2022-10-04
C05929,Dwayne Petty,rosematthew@example.org,Southeast,Regular,2023-04-15
C05930,Melanie Patel,williamsjames@example.net,Southeast,Regular,2022-04-01
C05931,Olivia Smith,mosskrystal@example.com,West,New,2024-03-31
C05932,Clayton Kemp,sperkins@example.org,Southeast,At-Risk,2024-02-25
C05933,Anthony Davis,sarah83@example.com,Midwest,At-Risk,2024-04-05
C05934,Andrew Hill,luiswallace@example.net,Midwest,Regular,2022-04-14
C05935,Kimberly Hernandez,barronbrian@example.com,Northeast,Regular,2022-02-15
C05936,William Chavez,pcox@example.com,Southwest,Regular,2024-01-04
C05937,Lisa Brooks,shannon82@example.com,West,Regular,2022-08-20
C05938,Crystal Garcia,lauragarcia@example.com,Southeast,Regular,2022-02-21
C05939,Julie Reed,dustin33@example.com,Southwest,Regular,2024-09-23
C05940,Shawn Johnson,kaylee47@example.com,Southeast,Regular,2023-01-03
C05941,Lucas Juarez,yforbes@example.net,Northeast,New,2023-11-20
C05942,Holly Jackson,josephyork@example.net,Southeast,Regular,2022-05-07
C05943,Christopher Hanson MD,awyatt@example.net,Midwest,Regular,2022-02-16
C05944,Samantha Roberts,ksanders@example.net,Southeast,Regular,2022-04-07
C05945,Nicholas Johnson,cookkimberly@example.org,Northeast,Regular,2023-05-02
C05946,Rebekah Thomas,michaellopez@example.org,Northeast,Regular,2022-03-27
C05947,Steven Morrison,akerr@example.com,Southwest,Regular,2022-06-19
C05948,Jonathan Scott,tcampbell@example.net,Midwest,Regular,2022-01-06
C05949,Samuel Hamilton,msmith@example.org,West,New,2023-05-09
C05950,Elizabeth Pruitt,karla22@example.com,West,Regular,2024-06-17
C05951,Timothy West,adavila@example.org,Northeast,VIP,2022-01-05
C05952,David Price,joshuakramer@example.com,Southwest,Regular,2023-09-16
C05953,Elizabeth Martinez,ashleysims@example.net,Northeast,Regular,2023-11-30
C05954,Matthew Roberts,franklinkimberly@example.net,Southeast,Regular,2024-03-24
C05955,Brenda Murray,vegatimothy@example.org,Northeast,New,2023-03-29
C05956,Sarah Gibson,sherryrivera@example.com,West,Regular,2023-06-23
C05957,Julie Martin,sbrown@example.net,Southeast,Regular,2022-08-04
C05958,Maria Morales,catherineanderson@example.org,Midwest,Regular,2023-08-15
C05959,Jeremy Alexander,foxnicholas@example.org,Southwest,New,2022-07-10
C05960,Kenneth Larson,toni94@example.org,West,VIP,2024-03-13
C05961,Kimberly Mitchell,eugenemartinez@example.com,West,Regular,2022-10-17
C05962,Anna Watson,wwall@example.com,West,Regular,2022-06-21
C05963,Stephen Dominguez,lruiz@example.com,Southeast,VIP,2023-09-26
C05964,Christopher Porter,denise35@example.org,Northeast,At-Risk,2022-01-10
C05965,Nancy Escobar,cassidytaylor@example.net,Southwest,New,2023-12-03
C05966,Dawn Johnson,alexandriamendez@example.net,Southeast,Regular,2023-11-28
C05967,Keith Price,ygraham@example.org,Southeast,Regular,2024-02-22
C05968,Christopher Delacruz,robert06@example.net,Midwest,Regular,2023-01-04
C05969,Katie Martin,jessica44@example.org,Southeast,New,2023-08-12
C05970,Jason Wilson,nbowen@example.net,Southeast,Regular,2022-08-07
C05971,Brian Moore,amymarks@example.com,Northeast,Regular,2023-08-15
C05972,Nicholas Gonzalez,moorehayley@example.org,Southeast,Regular,2023-11-21
C05973,Amy Friedman,susanhowell@example.net,Northeast,Regular,2022-02-20
C05974,Joseph Harmon,bskinner@example.com,West,New,2024-02-08
C05975,Susan Boyer,cheryl82@example.org,Midwest,New,2022-04-29
C05976,Michelle Roberson,oreeves@example.net,Southwest,Regular,2022-10-19
C05977,Robert Fox,katrina74@example.net,Northeast,Regular,2022-08-29
C05978,Melissa Parker,aaronhorne@example.net,West,Regular,2023-01-14
C05979,Brittany Mathis,gregory45@example.org,Southwest,Regular,2024-09-18
C05980,Ryan Coleman,tcoleman@example.com,Midwest,New,2023-05-31
C05981,Paul Clements,matthew58@example.org,Northeast,Regular,2024-09-23
C05982,Joseph Adams,nicoleberry@example.net,Midwest,Regular,2022-03-27
C05983,Renee Walker,irobinson@example.net,Northeast,Regular,2022-06-02
C05984,Michael Harris,stacyrichardson@example.org,Midwest,New,2022-02-09
C05985,Richard Tran,jacobmoore@example.net,Southeast,New,2024-12-17
C05986,Rachel Hunter,duartejonathon@example.com,Southwest,Regular,2022-12-01
C05987,Megan Baker,petersonamy@example.net,West,New,2023-08-20
C05988,Mark Robinson,wbarry@example.com,Northeast,Regular,2024-09-26
C05989,Jamie Cox,vbautista@example.com,Southeast,Regular,2022-11-28
C05990,John Harding,christopher96@example.com,Southeast,Regular,2024-02-23
C05991,Natalie Roberts,devonlee@example.com,Northeast,New,2023-07-04
C05992,Daniel Bowers,fford@example.org,Southeast,Regular,2023-01-09
C05993,Michael White,jenniferreese@example.com,Midwest,Regular,2023-01-24
C05994,George Murphy,kimberlyarroyo@example.com,Northeast,Regular,2022-01-03
C05995,Michael Montgomery,buchanantracy@example.com,Southwest,Regular,2022-09-21
C05996,Emma Davenport,morgan71@example.net,Southwest,Regular,2023-02-05
C05997,Lisa Adams,jwilliams@example.net,West,Regular,2023-05-06
C05998,Thomas Gomez,greencarrie@example.com,Northeast,Regular,2022-02-12
C05999,Antonio Miller,ryoung@example.net,Southeast,Regular,2022-09-13
C06000,Kelly Lam,gabriellemichael@example.com,Northeast,Regular,2024-05-05
C06001,Victoria Fields,jermainemassey@example.com,Southwest,Regular,2022-09-30
C06002,Christina Miller,ronaldlee@example.com,West,New,2023-06-15
C06003,Carol Cross,christopherreyes@example.org,Southwest,Regular,2023-07-01
C06004,Ruth Shepherd,vgates@example.net,Southwest,Regular,2023-01-23
C06005,David Woods,rsmith@example.com,Southeast,Regular,2022-12-17
C06006,Amanda Johnson,villanuevasteven@example.com,Midwest,Regular,2023-09-03
C06007,John Saunders Jr.,ysmith@example.net,Midwest,Regular,2022-05-25
C06008,Jason Walker,fcollins@example.org,Southeast,Regular,2024-10-14
C06009,Matthew Edwards,jacob03@example.net,Northeast,VIP,2022-10-06
C06010,Gregory Johnston,millerpaula@example.com,Southwest,New,2022-06-14
C06011,Steven Davis,marshallandrew@example.com,Southwest,New,2022-11-30
C06012,Kevin Goodman,xanderson@example.com,Southwest,Regular,2023-03-11
C06013,Kevin Sharp,ashley94@example.com,Midwest,Regular,2024-03-04
C06014,Sean Wagner,pbowers@example.org,Southeast,Regular,2023-12-23
C06015,Carrie Bradley DDS,mario47@example.net,West,New,2023-05-19
C06016,Courtney Collier,iwilliams@example.org,Northeast,Regular,2024-08-17
C06017,Yolanda Smith,bpalmer@example.com,Southwest,New,2023-03-04
C06018,John Mora,christytorres@example.com,Midwest,At-Risk,2023-11-14
C06019,Heather Jackson,uwheeler@example.com,Southeast,Regular,2024-04-08
C06020,Anthony Morales,danieldoyle@example.net,Midwest,Regular,2023-06-01
C06021,Paul Johnson,kgardner@example.com,Midwest,Regular,2022-06-21
C06022,Patrick Smith,nicole31@example.org,Southwest,Regular,2023-12-02
C06023,Kenneth Gonzalez,grimesleslie@example.net,Northeast,Regular,2022-08-08
C06024,Kevin Mccoy,jamescooper@example.org,Southwest,Regular,2022-03-12
C06025,Christopher Morrison,fsmith@example.com,Midwest,Regular,2024-07-19
C06026,Charles Payne,khiggins@example.com,Southwest,Regular,2022-01-16
C06027,Sarah Davis,karla78@example.com,West,Regular,2022-02-27
C06028,Stephanie Rivera,mike09@example.org,West,Regular,2024-01-18
C06029,Brandon Ellis,johnsonjasmine@example.org,West,Regular,2023-12-27
C06030,Danielle Johnson,melissarojas@example.net,Northeast,Regular,2022-08-21
C06031,Maureen Hall,gilmorelori@example.net,Northeast,VIP,2024-07-14
C06032,Joseph Vaughn,careycarlos@example.org,Midwest,Regular,2023-09-23
C06033,Amy Johnson,pachecosamantha@example.com,Southwest,At-Risk,2022-06-19
C06034,Mark Carey,ischneider@example.com,Southwest,Regular,2022-08-16
C06035,Gerald Mitchell,donnabarrett@example.org,Southwest,Regular,2024-07-06
C06036,Tonya Davis,samuel06@example.com,Northeast,Regular,2023-12-13
C06037,Joseph Wallace,zamoraerin@example.com,Southwest,New,2023-11-10
C06038,Pamela Houston,audreytaylor@example.com,Southeast,Regular,2022-07-05
C06039,Mary Clark,lparker@example.org,Southeast,Regular,2024-10-13
C06040,Jenna Tyler,williamlang@example.com,Southwest,Regular,2024-11-21
C06041,Hannah Dyer,brucegomez@example.org,West,Regular,2022-01-09
C06042,Erin Elliott MD,sadkins@example.net,Southeast,Regular,2022-03-13
C06043,Denise Williams,wbrown@example.org,Southeast,Regular,2022-08-19
C06044,Noah Rojas,madison72@example.com,Southwest,Regular,2022-10-03
C06045,Lisa Adams,dhoward@example.com,Southwest,Regular,2022-05-02
C06046,Jenna Wallace,lauranorman@example.com,Midwest,Regular,2024-03-26
C06047,John Robinson,elizabethfleming@example.net,West,New,2023-10-12
C06048,Michael Young,tamaracastillo@example.com,Southeast,Regular,2023-01-03
C06049,Seth Winters,paul72@example.com,West,Regular,2024-04-20
C06050,Susan Kelly,pdoyle@example.org,Northeast,Regular,2023-12-19
C06051,Jason Pierce,washingtonlisa@example.com,Northeast,Regular,2023-11-27
C06052,Christine Parsons,david15@example.org,Southeast,New,2023-05-31
C06053,Micheal Rojas,dpratt@example.org,Southeast,Regular,2023-10-04
C06054,Amy Myers,briannacarlson@example.com,Northeast,At-Risk,2023-04-27
C06055,James Wallace,nday@example.org,Southeast,At-Risk,2022-01-29
C06056,Charles Ellis,beckerkristen@example.com,Southwest,Regular,2023-10-20
C06057,Lisa Brady,barbarathompson@example.com,Southwest,Regular,2022-10-15
C06058,Robert Nash,kimhansen@example.org,West,Regular,2022-03-07
C06059,Mario Perkins,espinozadanielle@example.com,Southeast,Regular,2022-06-17
C06060,Jennifer Dyer,iwhite@example.org,West,Regular,2023-11-18
C06061,Candace Lawrence,garciajohn@example.org,West,Regular,2024-08-20
C06062,Donna Campos,melanierollins@example.org,West,New,2022-01-22
C06063,Kathleen Cooper,susanryan@example.org,West,Regular,2022-01-16
C06064,Jason Donovan,david24@example.com,Southwest,Regular,2022-07-24
C06065,Pamela Lee,gblair@example.com,Southwest,Regular,2022-01-04
C06066,Suzanne Davidson,christopher90@example.net,Southeast,New,2023-01-04
C06067,Joshua Herrera,nuneztyler@example.com,West,Regular,2023-11-15
C06068,Kelsey Walters,heather36@example.net,Northeast,Regular,2022-06-08
C06069,Amber Pope,oharmon@example.net,Southeast,Regular,2023-07-02
C06070,Daniel Snyder,woodsjonathan@example.org,Northeast,New,2023-08-16
C06071,Jean Hughes,melissajones@example.com,Northeast,Regular,2023-05-01
C06072,Carlos Wood,frederickchristian@example.org,West,Regular,2023-12-07
C06073,Donald Garza,johnsonanthony@example.net,West,Regular,2024-12-03
C06074,Christopher Payne,brownpaula@example.com,West,Regular,2024-01-09
C06075,Eric Thomas,john08@example.org,Southwest,New,2022-07-25
C06076,James Dickerson,cmendez@example.org,Midwest,Regular,2023-10-26
C06077,Sarah Barry,pjackson@example.org,Southwest,Regular,2024-03-08
C06078,Colleen Clark,chad85@example.com,Northeast,New,2024-01-03
C06079,Brandy Andersen,whitedonna@example.net,Southeast,Regular,2023-07-21
C06080,John White,jdavis@example.com,West,Regular,2024-03-27
C06081,Alexander Shepherd,zcameron@example.net,West,Regular,2023-08-16
C06082,Michael Butler,petersjoseph@example.com,Southeast,Regular,2023-04-01
C06083,Christopher Swanson,scottjulia@example.net,Southeast,VIP,2024-09-18
C06084,Jason Dawson,janice45@example.org,Southwest,Regular,2024-09-29
C06085,Victor Mitchell,todd68@example.net,Southeast,New,2024-09-07
C06086,Patricia Kelly,tylermiranda@example.com,Southeast,New,2022-07-22
C06087,Willie Davis,nfoster@example.org,Midwest,New,2024-06-09
C06088,Kara Fox,smithmary@example.org,Southwest,VIP,2022-06-23
C06089,Marcus Taylor,wallacedonald@example.org,Midwest,Regular,2023-11-15
C06090,Kathy Flores,lgreen@example.org,Midwest,Regular,2023-05-02
C06091,Julian Brady,georgesmith@example.org,Southwest,Regular,2023-11-08
C06092,Matthew Ryan,osmith@example.net,Southwest,Regular,2024-04-15
C06093,Denise Hamilton,arellanoamber@example.com,Southeast,Regular,2023-11-06
C06094,Elizabeth Wilson,qmoody@example.com,Southwest,Regular,2022-02-27
C06095,James Bell,jacksonmichelle@example.net,Northeast,Regular,2022-08-16
C06096,Tina Chen,jessica06@example.com,Southeast,At-Risk,2023-06-24
C06097,Jacob Harris,jasongrimes@example.com,Southeast,Regular,2023-01-09
C06098,Renee Clark,katelynmartin@example.net,Southeast,Regular,2023-12-27
C06099,Patricia Swanson,iclark@example.net,Southeast,Regular,2024-07-27
C06100,Laura Wade,fbarajas@example.com,Midwest,Regular,2022-03-10
C06101,Mary Romero,morganrichardson@example.net,West,Regular,2024-12-16
C06102,Gregory Sandoval,steven80@example.net,West,Regular,2023-11-21
C06103,Stuart Rose,stanleyjeremy@example.net,Midwest,At-Risk,2024-08-11
C06104,Isaac Pineda,perezmarissa@example.net,Northeast,Regular,2022-12-06
C06105,Donald Hernandez,gregorylang@example.net,Southeast,Regular,2023-06-30
C06106,Daniel Fernandez,jguerrero@example.org,Southeast,New,2023-11-15
C06107,Charles Evans,jonathanross@example.com,Southeast,Regular,2024-06-21
C06108,George Bauer,griffinsean@example.net,Southwest,Regular,2024-06-11
C06109,Lauren Robinson,sylviarogers@example.net,Midwest,New,2023-07-01
C06110,Trevor Davis,jeffreyjackson@example.com,Southeast,At-Risk,2022-06-26
C06111,Sherry Huang MD,samanthaosborne@example.net,West,Regular,2024-06-09
C06112,Joshua Harris,lauraherrera@example.com,Northeast,At-Risk,2022-02-23
C06113,Stephanie Khan,michele74@example.net,Midwest,Regular,2024-01-10
C06114,Christine Terry,brian48@example.com,West,Regular,2023-10-17
C06115,Renee Daugherty,mclaughlinbrandon@example.org,Southeast,At-Risk,2023-07-27
C06116,Timothy Mitchell,kirkcassie@example.com,West,Regular,2022-05-09
C06117,Laura Jackson,gregorydavis@example.org,Southeast,Regular,2022-09-15
C06118,Steven Chandler,calderonkimberly@example.com,Northeast,Regular,2023-03-09
C06119,Robin Thompson,knoxjason@example.net,West,Regular,2023-01-11
C06120,Laura Gonzales,marylara@example.org,West,Regular,2022-02-11
C06121,Jordan Alexander II,jennifer68@example.net,Southeast,New,2023-06-09
C06122,Mr. James Morris DVM,oconnorpaul@example.net,Southwest,New,2022-11-30
C06123,Marisa Owens,amandawaters@example.org,Midwest,Regular,2023-12-09
C06124,Mr. Shawn Miranda,glendamartinez@example.org,Northeast,Regular,2024-09-07
C06125,Nicholas Gomez,usmith@example.org,Northeast,New,2024-11-23
C06126,Donald Barker,davidmorse@example.net,Midwest,Regular,2022-12-08
C06127,Debbie Perez,brenda54@example.com,Midwest,New,2023-02-04
C06128,Crystal Snyder,hannah24@example.com,Midwest,Regular,2022-06-13
C06129,David Mcdonald,hernandezdawn@example.org,West,Regular,2023-05-02
C06130,Sara Delgado,ingramdeborah@example.net,Midwest,Regular,2024-01-24
C06131,Jasmine Jordan,robersonrobert@example.com,Midwest,At-Risk,2023-07-08
C06132,Rachel Phillips,martinezkyle@example.org,Midwest,New,2023-02-05
C06133,Erica Bullock,hollywalsh@example.com,Midwest,At-Risk,2023-11-04
C06134,Karen Mckee,tyronebernard@example.com,Midwest,Regular,2024-08-07
C06135,Philip Johnson,cynthiasmith@example.com,Southwest,New,2022-12-16
C06136,Tony Jones,alyssagoodman@example.org,Northeast,Regular,2023-02-23
C06137,Jennifer Arnold,thomas52@example.com,Southeast,New,2023-12-06
C06138,Andrea Green,perezdebra@example.org,West,Regular,2023-01-12
C06139,Carolyn Sharp,hwright@example.net,Southeast,VIP,2023-02-11
C06140,Trevor Wilson,rpierce@example.com,Southeast,Regular,2024-10-13
C06141,Shelley Barber,ggibson@example.com,West,At-Risk,2023-01-30
C06142,Nathaniel Phillips,emily90@example.com,West,Regular,2022-09-20
C06143,Sarah Castro,linda58@example.com,Southwest,Regular,2022-07-07
C06144,Kimberly Benson,patrickjohnson@example.net,Northeast,Regular,2023-06-13
C06145,Rachel Barnett,kennethfoster@example.com,Northeast,New,2023-01-02
C06146,Melissa Johnson,qquinn@example.net,Midwest,Regular,2022-12-20
C06147,Jesse Terry,banderson@example.org,Northeast,VIP,2023-10-03
C06148,Amy Aguilar,gtate@example.com,Southwest,Regular,2024-04-13
C06149,John Zamora,margaretdavis@example.net,West,New,2024-03-11
C06150,Catherine Campos,edward46@example.org,West,Regular,2023-07-27
C06151,Zachary Alvarez,morseamanda@example.org,West,At-Risk,2022-06-26
C06152,Emily Oconnor,jreyes@example.net,Midwest,At-Risk,2024-06-29
C06153,Andrea Cox,fwells@example.net,Southeast,Regular,2024-01-10
C06154,Alan Brown,lmorris@example.org,Southwest,Regular,2022-09-04
C06155,Olivia Calderon,michael88@example.org,Southeast,Regular,2024-10-16
C06156,William Rowe,benjamin52@example.com,Northeast,VIP,2022-01-05
C06157,David Spence,lhartman@example.net,Northeast,New,2022-07-17
C06158,Jasmine Armstrong,mbruce@example.org,Northeast,VIP,2023-07-30
C06159,Monica Reyes,raymond95@example.net,Southwest,Regular,2023-07-31
C06160,Charles Monroe,odavidson@example.net,Southwest,New,2024-09-02
C06161,Janice Smith,teresa52@example.com,Southeast,Regular,2022-11-05
C06162,Raymond Palmer,petersonmichelle@example.org,West,Regular,2022-04-19
C06163,Diane Hughes,hernandezjill@example.net,Southwest,Regular,2023-02-05
C06164,Kathy Gallegos DVM,opatel@example.com,Northeast,New,2023-07-11
C06165,Allen Lawrence,donaldgray@example.com,Northeast,Regular,2022-08-12
C06166,Mary Hays,lisa62@example.org,Southwest,New,2024-04-10
C06167,Craig Medina,samantha10@example.org,Southwest,Regular,2024-05-03
C06168,Patricia Klein,elizabethcontreras@example.net,Southeast,VIP,2022-04-27
C06169,Kimberly Savage,christineyates@example.net,Southwest,Regular,2023-10-24
C06170,Kyle Thompson,umartinez@example.com,Southeast,Regular,2022-07-30
C06171,Tyler Bradley,fbates@example.com,Southwest,At-Risk,2023-03-13
C06172,Michael Anderson,nicholsteresa@example.net,Midwest,At-Risk,2022-05-06
C06173,Nicole Cherry,lchambers@example.com,Southeast,Regular,2023-02-16
C06174,Carl Douglas,kim26@example.com,West,VIP,2023-08-30
C06175,Cynthia White,keithcaitlin@example.com,Midwest,Regular,2023-08-01
C06176,Kristi Mcdonald,michael58@example.com,Southwest,New,2024-05-23
C06177,William Ryan,richard36@example.net,West,Regular,2022-07-20
C06178,Brian Lane,ericriley@example.org,Northeast,Regular,2024-01-31
C06179,Sharon Lopez,robert00@example.org,West,Regular,2022-04-08
C06180,Kenneth Baxter,john02@example.org,Midwest,Regular,2023-03-17
C06181,Anthony Hernandez,edward83@example.com,West,New,2023-09-16
C06182,Christopher Carlson,jyoung@example.org,Northeast,At-Risk,2024-07-22
C06183,Todd Flores,amorris@example.org,Northeast,Regular,2023-09-22
C06184,Brian Mendez,mpatterson@example.net,Midwest,Regular,2023-01-05
C06185,Richard Carter,mdorsey@example.com,West,Regular,2024-10-05
C06186,Ryan Hill,bartlettdavid@example.net,Southwest,Regular,2023-05-16
C06187,Jonathan Keith,christopher60@example.com,West,Regular,2022-11-19
C06188,David Jones,vickisampson@example.com,West,VIP,2023-06-21
C06189,Ethan Le,sarabrown@example.net,Northeast,At-Risk,2023-09-09
C06190,Janet Allen,jenniferrodriguez@example.org,Midwest,Regular,2024-04-08
C06191,Robert Mitchell,sweeneykaitlyn@example.net,Midwest,Regular,2024-05-19
C06192,Andre Blankenship,anitavaughn@example.org,West,Regular,2022-04-14
C06193,Doris Washington,kimlindsey@example.com,Northeast,Regular,2022-11-03
C06194,Tiffany Mercer,sean13@example.org,Midwest,Regular,2023-05-30
C06195,Douglas Simpson,garciajames@example.org,West,At-Risk,2022-08-26
C06196,Lisa Martinez,hallzachary@example.com,West,Regular,2022-10-02
C06197,Frank Wilson,madelinelong@example.org,Southwest,New,2022-05-13
C06198,Tammy Sharp,aguilarronnie@example.com,Northeast,Regular,2024-06-28
C06199,Ashley Acosta,hcampbell@example.net,Southwest,Regular,2024-04-21
C06200,Casey Fisher,jessicalewis@example.net,West,At-Risk,2024-11-05
C06201,Amanda Roy,taylor08@example.net,West,Regular,2022-05-31
C06202,Ashley Bowman,smiller@example.org,West,VIP,2022-08-05
C06203,Patricia Phillips,youngjohn@example.net,Midwest,Regular,2024-04-19
C06204,Jasmine Scott,mariabecker@example.com,Northeast,Regular,2023-01-19
C06205,Tracy Evans,santiagodebra@example.org,Southeast,Regular,2022-12-21
C06206,Trevor Proctor,dturner@example.com,Northeast,New,2024-09-12
C06207,Daniel Hamilton,reneecantrell@example.com,Midwest,Regular,2024-06-01
C06208,Laura Leonard,cabrerabryan@example.com,West,Regular,2024-12-17
C06209,Matthew Avila,lisahull@example.com,Southeast,New,2024-10-29
C06210,Kristen Tran,dwilliams@example.net,Southeast,New,2022-09-04
C06211,Shane Rodriguez,rileybetty@example.com,West,Regular,2022-08-28
C06212,Aimee Bean,iwilson@example.org,Southwest,Regular,2022-09-29
C06213,Brendan Palmer,normanhelen@example.net,Northeast,Regular,2024-05-06
C06214,Mark Alexander,rclayton@example.net,West,VIP,2023-08-02
C06215,Crystal Valdez,andrewsmith@example.com,Northeast,VIP,2022-01-22
C06216,Joseph Torres,lukecarter@example.com,West,Regular,2023-08-03
C06217,Hannah Boyer,pamela68@example.com,Southeast,Regular,2022-09-06
C06218,Janice Forbes,ymoore@example.com,Southwest,At-Risk,2024-01-08
C06219,Susan Davis,limelissa@example.org,Southwest,VIP,2023-09-03
C06220,Kyle Hartman,jacobcook@example.net,West,Regular,2022-01-06
C06221,Sandra Barnes,daniellereyes@example.net,West,VIP,2024-02-26
C06222,Michael Poole,jessicarodriguez@example.net,Southeast,Regular,2022-05-10
C06223,Autumn Jensen,bryan94@example.com,Northeast,Regular,2024-05-03
C06224,Robin Reese,mjimenez@example.com,Southeast,New,2022-12-02
C06225,Alice Williams,allendarlene@example.org,West,Regular,2024-08-19
C06226,Matthew Martinez,marissa40@example.net,Southeast,Regular,2022-01-07
C06227,Sara Miller,delgadoantonio@example.com,Southwest,Regular,2022-11-06
C06228,Robert Gomez,pcox@example.net,Southwest,Regular,2022-04-19
C06229,Erika Ramirez,zwells@example.com,Midwest,Regular,2024-05-26
C06230,James Howard,jonathon61@example.net,West,New,2023-12-31
C06231,Sara Brown,michael45@example.com,Southeast,Regular,2023-03-08
C06232,Stephanie Herrera,jonessamuel@example.org,Midwest,Regular,2023-09-03
C06233,Taylor Campbell,ghawkins@example.com,Southeast,Regular,2022-03-05
C06234,Tiffany Quinn,ryandowns@example.com,Northeast,Regular,2022-03-08
C06235,Anna Keller,donna82@example.org,West,Regular,2022-10-25
C06236,Jasmine Rodriguez,dmiller@example.net,West,Regular,2022-06-07
C06237,Paula Sanford,heatherpalmer@example.org,Northeast,Regular,2023-04-16
C06238,Patricia Johnson,montoyamichael@example.net,West,Regular,2023-04-02
C06239,Jose Ferguson,nsmith@example.com,Southwest,Regular,2023-05-12
C06240,Tommy Howard,iwilliams@example.org,Southeast,Regular,2023-08-22
C06241,Shelia Turner,brandonjohnson@example.com,Southwest,New,2022-12-03
C06242,Lawrence Schneider,peterbrown@example.net,Northeast,New,2023-01-02
C06243,Ryan Reyes,rachel43@example.org,Southwest,At-Risk,2023-08-19
C06244,Whitney Davis,mevans@example.net,Midwest,Regular,2023-12-29
C06245,David Vega,elizabeth17@example.com,Southwest,VIP,2023-11-03
C06246,Anna Graves,ngonzalez@example.net,Southwest,Regular,2023-11-18
C06247,Sean Johnson,betty46@example.org,Southeast,Regular,2023-10-05
C06248,Joshua Larsen,josephbarton@example.com,Southwest,New,2024-12-01
C06249,Amy Parker,carlos44@example.org,Southwest,Regular,2024-05-07
C06250,Victoria Berry,yhernandez@example.net,Northeast,Regular,2024-07-20
C06251,Kimberly Stewart,robin17@example.com,Southeast,Regular,2022-06-14
C06252,Matthew Miller,francisco53@example.com,Midwest,Regular,2022-03-17
C06253,Thomas Jordan,stoutkatrina@example.com,Southeast,Regular,2022-08-27
C06254,Travis Jones,jenniferthompson@example.net,West,Regular,2022-07-31
C06255,David Parker,davidroth@example.net,Southeast,Regular,2022-11-25
C06256,Philip Martin,bradleyemily@example.org,Midwest,VIP,2022-03-19
C06257,Mrs. Tara Gray,erinmorton@example.org,Southeast,Regular,2024-10-29
C06258,Mr. Jeffery Padilla DDS,johnsondavid@example.net,Northeast,Regular,2022-06-23
C06259,Dana Martinez,rrodriguez@example.net,Midwest,Regular,2022-10-02
C06260,William Romero,derrick85@example.net,Midwest,Regular,2024-07-05
C06261,John Green,travis37@example.com,Midwest,Regular,2023-07-04
C06262,Emma Howell,dpratt@example.com,Midwest,VIP,2023-08-26
C06263,Robin Contreras,duncanjames@example.com,Southwest,Regular,2022-11-26
C06264,James Merritt,sarahcarter@example.net,Midwest,Regular,2024-02-09
C06265,Lynn Stone,jacqueline00@example.com,Southwest,New,2022-07-21
C06266,John Andrews,josemartin@example.net,Midwest,At-Risk,2022-02-18
C06267,John Blankenship,arroyomichelle@example.com,Midwest,Regular,2022-08-22
C06268,Caitlyn Rivera,danielmaddox@example.com,Northeast,At-Risk,2022-08-22
C06269,Ryan Shepherd,corylozano@example.com,Northeast,New,2022-11-21
C06270,Nathan Huang,jennifer22@example.net,Southwest,VIP,2022-01-23
C06271,Julie Bailey,qcruz@example.org,Midwest,New,2024-02-12
C06272,Tyrone Doyle DVM,victoriajones@example.org,Southwest,VIP,2022-02-13
C06273,Arthur King,lnorris@example.com,Northeast,Regular,2022-09-19
C06274,Ashley Jacobs,ryangutierrez@example.com,Midwest,Regular,2023-08-08
C06275,Robin Woods,wfernandez@example.net,West,New,2024-08-23
C06276,Thomas Adams,owarner@example.net,Midwest,Regular,2022-01-13
C06277,Tracy Livingston,collinsamanda@example.net,Southwest,At-Risk,2023-09-05
C06278,Michael Hernandez,bradleycatherine@example.net,Southwest,Regular,2022-06-16
C06279,Lisa Reese,robinsonanthony@example.net,West,Regular,2023-03-01
C06280,Hannah Gray,matthew75@example.org,Midwest,Regular,2022-12-07
C06281,Patrick Clark,osmith@example.com,Midwest,Regular,2023-08-08
C06282,David Stevens,leahjacobs@example.net,Midwest,New,2023-03-17
C06283,Brandy Edwards,jonesandrea@example.net,Southeast,Regular,2022-05-19
C06284,Connie Wilson,amber80@example.org,Midwest,Regular,2024-01-01
C06285,Patrick Howell,bwise@example.org,Southwest,New,2024-12-07
C06286,Matthew Bean,lindseyyoung@example.org,Southeast,Regular,2024-01-19
C06287,Nancy Compton,daniel98@example.com,West,Regular,2024-03-08
C06288,Laura Glover,chapmanlinda@example.org,West,Regular,2023-04-30
C06289,Sheila Jennings,james97@example.org,Southwest,Regular,2023-11-17
C06290,Jeffrey Small,browntodd@example.net,Southwest,Regular,2024-05-13
C06291,Erika Ray,wattskimberly@example.net,Southwest,VIP,2022-05-18
C06292,Francisco Mckinney,samanthalittle@example.com,Northeast,New,2024-03-13
C06293,Jason Phillips,megan92@example.org,Northeast,Regular,2023-10-02
C06294,Mrs. Norma Maddox,kwilliams@example.org,Southeast,Regular,2023-12-07
C06295,Ryan Curry,dmorgan@example.org,West,Regular,2022-11-18
C06296,Jenny Smith,dylan35@example.com,Southeast,Regular,2022-05-02
C06297,James Johnson,mcguiredaniel@example.com,West,Regular,2022-06-19
C06298,Joseph Fowler,sarahoffman@example.com,Northeast,Regular,2022-05-26
C06299,Mrs. Whitney Gibson MD,royparsons@example.com,Southwest,New,2022-02-20
C06300,Deborah Patterson,luke17@example.net,Southwest,Regular,2024-05-26
C06301,Leslie Mitchell,hsullivan@example.net,Southeast,Regular,2023-11-09
C06302,Emily Harris,bharris@example.org,Northeast,New,2022-10-25
C06303,Curtis Myers,brianmejia@example.org,Northeast,Regular,2023-12-28
C06304,Taylor Parker,smithjoshua@example.com,Southwest,Regular,2024-04-16
C06305,Erin Oconnor,jeremy66@example.org,Southeast,New,2023-10-04
C06306,James Nichols,melissa51@example.org,Southwest,Regular,2023-05-15
C06307,Courtney Martin,joann13@example.com,Northeast,At-Risk,2023-09-13
C06308,Amber Clark,tracierandall@example.com,Southeast,Regular,2022-02-04
C06309,Jacqueline Jackson,hweiss@example.com,Midwest,Regular,2023-04-21
C06310,James Maynard,vargasalicia@example.org,Midwest,Regular,2024-11-30
C06311,Lauren Sparks,jerry59@example.org,Southwest,At-Risk,2024-06-07
C06312,Barbara Hall,dana91@example.org,Northeast,Regular,2022-09-02
C06313,Shannon Mitchell,lisa63@example.org,Southeast,Regular,2024-01-17
C06314,Gregory Hicks,xblevins@example.net,Southeast,Regular,2023-12-16
C06315,Megan Hutchinson,campbellsarah@example.org,Midwest,Regular,2024-04-04
C06316,John Rogers DDS,palmereric@example.net,Southeast,New,2022-03-15
C06317,Erin Bass,jennifer25@example.org,West,Regular,2024-09-23
C06318,Kayla Sanchez,bcarroll@example.com,West,New,2023-10-14
C06319,Jacob Nguyen,vaughanlisa@example.com,Midwest,At-Risk,2024-08-28
C06320,Edward Tran,karina79@example.com,Midwest,Regular,2024-09-18
C06321,Kristen Hickman,richardpetersen@example.org,Northeast,Regular,2022-10-27
C06322,Susan Manning,daniel14@example.org,Southwest,Regular,2023-11-23
C06323,Christina Arnold,smithbrian@example.org,Northeast,At-Risk,2023-08-13
C06324,Michael Griffin,ryanmclean@example.org,Midwest,Regular,2024-02-21
C06325,Amanda Brown,pamela34@example.net,West,Regular,2024-02-09
C06326,Patrick Butler,dave41@example.org,Midwest,At-Risk,2022-03-22
C06327,Courtney Lawson,brandtkyle@example.net,Southeast,New,2024-03-09
C06328,Sandra Haynes,paul89@example.com,Southeast,VIP,2023-01-08
C06329,Paul Miller,barbarajohnson@example.net,Midwest,Regular,2023-05-14
C06330,William Thompson,edwardharrison@example.org,Midwest,Regular,2022-10-16
C06331,Abigail Smith,alexandra11@example.com,Northeast,Regular,2023-02-21
C06332,Nicole Taylor,stephen78@example.net,Northeast,Regular,2024-03-31
C06333,Tina Hancock,iharper@example.org,Southeast,Regular,2023-03-14
C06334,Karen Galloway,fkeller@example.org,Southeast,New,2024-04-06
C06335,Michelle Romero,xcooper@example.com,Southeast,Regular,2024-01-14
C06336,Cameron Mejia,williamsanita@example.net,West,Regular,2024-01-03
C06337,Valerie White,joshuarodriguez@example.org,Midwest,Regular,2023-11-15
C06338,Erica Butler,david23@example.org,West,New,2024-11-15
C06339,Kathy Smith,jalvarez@example.net,Southeast,Regular,2023-03-01
C06340,Joseph Cruz,amy76@example.org,Northeast,Regular,2022-04-27
C06341,Manuel Delgado,loretta03@example.net,Midwest,Regular,2022-06-08
C06342,Brandon Reed,andrewjohnson@example.net,Northeast,Regular,2022-09-12
C06343,Francisco Gonzalez,courtneyrivera@example.com,West,Regular,2023-09-04
C06344,Rebecca Mills,robert62@example.net,Southeast,VIP,2024-06-19
C06345,Mr. Bradley Stark,mcdonaldkathy@example.net,West,Regular,2024-07-18
C06346,Jennifer Thompson,webbmelissa@example.net,Southwest,Regular,2024-06-20
C06347,Suzanne Black,eric47@example.net,West,Regular,2023-06-13
C06348,Cindy Mann,nicolesimmons@example.com,Southeast,Regular,2024-12-23
C06349,Andrew Howard,elizabethsmith@example.org,West,Regular,2023-12-07
C06350,Mandy Duarte,qcampbell@example.org,Northeast,At-Risk,2024-05-06
C06351,Travis Ramirez,gmarshall@example.org,Southeast,New,2023-04-19
C06352,Phyllis Rodriguez,susantucker@example.org,Midwest,New,2023-03-21
C06353,Donald Goodwin,vdavenport@example.org,Southwest,Regular,2023-11-14
C06354,Tracy Wilson,rreyes@example.net,Northeast,Regular,2022-05-01
C06355,Amanda Boyd,kimsamuel@example.com,West,Regular,2024-03-16
C06356,Autumn Conway,rickybailey@example.net,Southeast,Regular,2024-10-26
C06357,Diana Riley,bbaker@example.org,Northeast,Regular,2024-07-18
C06358,Edward Jacobs,keithbyrd@example.com,Southwest,Regular,2022-04-09
C06359,Christopher Evans,erogers@example.org,Northeast,Regular,2024-02-21
C06360,Gregory Carney,walkerjulia@example.com,Southeast,Regular,2022-07-07
C06361,Alan Pruitt,jimmy22@example.org,Midwest,Regular,2022-03-18
C06362,Todd Carr,kpetersen@example.net,Southeast,Regular,2022-04-12
C06363,Jerry Reyes,ytran@example.net,Midwest,Regular,2022-06-22
C06364,Jason Sampson,jeanne49@example.net,Southeast,Regular,2022-09-30
C06365,Joseph Payne,clarktheresa@example.net,Northeast,Regular,2024-10-29
C06366,Amanda Holt,april30@example.org,Midwest,VIP,2024-05-13
C06367,Cassandra Edwards,williamsthomas@example.com,Southwest,Regular,2023-10-11
C06368,Crystal Anderson,daniel61@example.net,West,Regular,2022-01-19
C06369,Kaitlin Smith,ayerslauren@example.org,Southwest,Regular,2023-01-17
C06370,Timothy Williams,tcarter@example.com,Northeast,Regular,2022-02-28
C06371,Trevor Smith,zweber@example.org,Southeast,Regular,2023-05-06
C06372,Christine Patel,whernandez@example.com,Southwest,Regular,2022-02-19
C06373,Lisa Durham,valdezdarren@example.org,Midwest,Regular,2024-10-07
C06374,Ashlee Combs,mullinsbryan@example.net,Midwest,Regular,2024-04-18
C06375,Andrew Ruiz,charlesjacobs@example.com,Midwest,New,2023-06-30
C06376,Calvin Carroll,emurphy@example.net,Northeast,New,2023-09-14
C06377,Nicole Scott MD,wmiddleton@example.org,Southwest,New,2024-05-30
C06378,Charles Hawkins,carlos61@example.org,Southeast,Regular,2023-12-30
C06379,Patricia Johnson,johnsondiane@example.org,Northeast,Regular,2024-06-17
C06380,Brianna Hamilton,kevin11@example.net,West,Regular,2022-08-31
C06381,Katherine Zimmerman,robert39@example.org,West,Regular,2022-09-26
C06382,Stephanie Robinson,rduncan@example.com,Southeast,Regular,2023-08-24
C06383,Timothy Hall,soniasullivan@example.org,Northeast,Regular,2022-09-13
C06384,Jason Rosales,stacy64@example.org,West,Regular,2024-01-16
C06385,Samantha Perry MD,kathleenfields@example.com,Northeast,Regular,2024-12-12
C06386,Shannon Tyler,graykaylee@example.net,Northeast,Regular,2024-10-20
C06387,Christina Guzman,zbarnes@example.com,Southwest,Regular,2023-08-15
C06388,Melanie Mitchell,wilsonkiara@example.net,Midwest,Regular,2024-07-21
C06389,Felicia Beard,matthewheath@example.net,Midwest,Regular,2022-12-30
C06390,Cody Mccarthy,haasdaniel@example.org,Northeast,Regular,2024-12-07
C06391,Michael Mcintosh,evanscolin@example.com,Southwest,Regular,2022-10-24
C06392,Jill Moore,smithjeffery@example.net,Southwest,At-Risk,2024-08-30
C06393,Hunter Avery,kimberlylopez@example.org,West,Regular,2024-05-21
C06394,Virginia Short,coconnell@example.com,West,Regular,2023-09-16
C06395,Kristi Anderson,mariosantiago@example.com,West,Regular,2024-10-29
C06396,Edward Brown,stefanie33@example.org,Southwest,Regular,2024-02-19
C06397,Savannah Lindsey,deanna71@example.com,West,Regular,2024-08-31
C06398,Jerry Sullivan,richard98@example.com,West,Regular,2023-11-09
C06399,Kimberly Holt,gregory71@example.com,Southwest,At-Risk,2022-09-30
C06400,Robert Gonzalez,james30@example.net,Southeast,At-Risk,2023-07-05
C06401,Jesse Graves,brittany53@example.com,Northeast,Regular,2024-08-08
C06402,James Johnson,gouldheather@example.com,Midwest,Regular,2024-07-27
C06403,Eddie Conrad,mary33@example.org,West,At-Risk,2022-05-11
C06404,Amber Sanders,renee51@example.com,Midwest,Regular,2024-01-08
C06405,Jessica Cooke,hamiltontyrone@example.net,Southwest,Regular,2023-03-29
C06406,Dana Tran,robinsonbrittany@example.net,Midwest,Regular,2024-03-07
C06407,Michael Walsh,parkerjamie@example.net,West,New,2024-10-16
C06408,Sue Knight,smithisaiah@example.net,Southeast,New,2022-01-08
C06409,Theresa Cooper,fosterjames@example.org,Northeast,Regular,2023-05-31
C06410,Amy Friedman,isaiah12@example.net,Midwest,Regular,2022-08-07
C06411,Jerry Bradshaw,irobinson@example.com,Midwest,VIP,2024-02-08
C06412,Alyssa Campbell,melissatrevino@example.net,Southeast,New,2023-05-02
C06413,Alfred Stewart,richardgonzalez@example.com,Midwest,Regular,2022-10-31
C06414,Jessica Clark,brianblake@example.com,West,Regular,2022-12-16
C06415,Kristine Collins,xbean@example.org,West,New,2022-11-15
C06416,Jane Herring,kcook@example.org,Southwest,New,2023-03-24
C06417,Pamela Jones,gjohnson@example.com,West,Regular,2023-03-14
C06418,Robert Lopez,michael61@example.net,Southeast,Regular,2023-07-22
C06419,Mark Garrett,torreslisa@example.net,Southeast,New,2022-08-15
C06420,Stefanie Bauer,matthew95@example.com,Midwest,New,2022-07-02
C06421,Patricia King,meyercynthia@example.org,Northeast,Regular,2022-11-07
C06422,Kristin Thomas,lauren28@example.net,Southeast,Regular,2023-02-03
C06423,Rodney Jones,lee99@example.net,Southwest,Regular,2023-07-19
C06424,Jason Clark,ronaldyork@example.net,Midwest,New,2024-07-11
C06425,Alex Logan,ashleyrobin@example.com,West,Regular,2023-12-29
C06426,Gloria Bowman,khebert@example.net,West,Regular,2023-11-30
C06427,Elaine Patterson,mirandakevin@example.org,Southeast,Regular,2023-11-26
C06428,Patricia Cole,mmorgan@example.net,Southeast,Regular,2023-01-07
C06429,Jose Rhodes,anthonykatrina@example.org,West,Regular,2022-04-05
C06430,Tammie Griffin,cooperdavid@example.org,Southeast,Regular,2024-08-21
C06431,Veronica Reyes,marshmonica@example.org,Southwest,At-Risk,2024-08-19
C06432,Thomas Jones,oodonnell@example.net,Southeast,At-Risk,2023-09-26
C06433,Teresa Taylor,melissaward@example.net,Northeast,New,2023-07-27
C06434,Brian Mcmahon,natalie08@example.org,Northeast,Regular,2023-07-09
C06435,Stefanie Griffin,latoyamiller@example.com,Southeast,Regular,2024-02-27
C06436,Shirley Nguyen,hernandezchristopher@example.com,West,Regular,2024-08-17
C06437,April Evans,rmatthews@example.org,Southwest,Regular,2023-09-03
C06438,Kathryn Kelly,davidcruz@example.com,Midwest,Regular,2023-11-05
C06439,Alexandria Murphy,nunezmatthew@example.com,West,Regular,2023-01-11
C06440,Jennifer Dyer,barnesjacob@example.com,Southeast,VIP,2024-02-04
C06441,Keith Perez,nchapman@example.net,West,Regular,2024-09-02
C06442,Michael Bowers,bsutton@example.net,Southwest,New,2022-02-19
C06443,Alexander Ferguson,christopher18@example.org,Northeast,Regular,2023-08-28
C06444,Michael Carter,taylorjean@example.com,West,New,2023-07-12
C06445,Taylor Gordon,pburke@example.com,Midwest,Regular,2024-05-27
C06446,Rachel Morris,zacharybutler@example.com,Southwest,At-Risk,2024-01-08
C06447,Bonnie Martinez,masseycorey@example.net,West,Regular,2022-09-27
C06448,Mr. Rodney Frederick DDS,jessicamueller@example.net,Midwest,Regular,2022-09-08
C06449,Eileen Harris,hicksbetty@example.org,Southeast,New,2024-05-11
C06450,David Crawford,vpatterson@example.net,Southwest,Regular,2024-01-09
C06451,Paul Jones,qcaldwell@example.com,West,Regular,2022-05-31
C06452,Paul Anderson,vanderson@example.com,Southwest,New,2023-12-15
C06453,Kyle Long,hardinamanda@example.com,Southwest,At-Risk,2022-02-18
C06454,Andrea Smith,sbishop@example.com,Northeast,New,2024-01-15
C06455,Pam Nolan,vcarroll@example.org,West,Regular,2022-12-04
C06456,Crystal Henry,kevingay@example.net,Southeast,Regular,2023-06-29
C06457,Daniel Leonard,cpena@example.com,Southwest,Regular,2024-01-09
C06458,Angel Williams,ryanramsey@example.org,Northeast,At-Risk,2022-01-01
C06459,Brian Silva,hmason@example.org,Southeast,Regular,2023-01-05
C06460,Susan Shaw,diane32@example.org,West,New,2024-08-25
C06461,David Smith,tlester@example.org,Southwest,At-Risk,2022-04-27
C06462,John Davis,fwilliams@example.com,Midwest,Regular,2022-05-03
C06463,Joel Arnold,robertvelasquez@example.com,Midwest,At-Risk,2022-05-22
C06464,Jim Clark,hmurphy@example.net,Southeast,Regular,2022-07-18
C06465,David Harper,lfranklin@example.net,Northeast,Regular,2024-08-25
C06466,Maria Ramirez,john62@example.org,Southeast,Regular,2022-02-18
C06467,Kyle Clark,phillipsmelissa@example.org,Northeast,Regular,2023-03-25
C06468,Robert Stewart,fmiller@example.com,West,New,2023-02-24
C06469,Lisa Ibarra,cmontoya@example.com,Southeast,Regular,2022-07-06
C06470,Elizabeth Mccoy,coreygonzalez@example.com,Southwest,Regular,2024-05-09
C06471,Christian Garcia,daviserica@example.net,Southeast,Regular,2024-06-13
C06472,Natalie Myers,myerskenneth@example.net,West,Regular,2024-04-12
C06473,Linda Brown,michaelhunt@example.com,Southeast,Regular,2022-09-29
C06474,David Wright,colemanthomas@example.org,Midwest,Regular,2024-09-30
C06475,Lindsey Caldwell,johnsmith@example.org,Southwest,New,2024-10-07
C06476,Amy Decker,tjones@example.com,Northeast,Regular,2024-01-04
C06477,Jesse Bradford,anthony92@example.com,Southwest,New,2022-01-09
C06478,April Richards,greensharon@example.com,Northeast,At-Risk,2022-06-18
C06479,Christopher Hale,vlee@example.net,Midwest,New,2023-02-23
C06480,Tiffany Ferrell,zterry@example.com,Southeast,Regular,2022-12-11
C06481,Todd Mosley,mackenziepatel@example.net,Southeast,Regular,2022-10-10
C06482,Audrey Washington,wongkeith@example.org,West,Regular,2022-02-12
C06483,Timothy Casey,pricedavid@example.com,Northeast,Regular,2024-09-12
C06484,Sheri Vazquez,reedjoseph@example.com,Southwest,Regular,2022-08-06
C06485,Mr. Kevin Osborne,jeremysutton@example.org,Southeast,New,2024-03-12
C06486,Veronica Anderson,rileyerik@example.com,Southwest,Regular,2022-07-03
C06487,Nicholas Mills,mkeith@example.net,Northeast,At-Risk,2022-10-13
C06488,Jose Russell,christinadavis@example.org,Southwest,New,2024-09-15
C06489,Lauren Meyer,amber88@example.com,West,New,2022-03-03
C06490,Michael Hodge,vsolomon@example.net,Southwest,New,2022-02-19
C06491,Dawn Watts,virginia62@example.org,Southeast,New,2024-07-18
C06492,Paula Henderson,joanna51@example.org,Southwest,VIP,2024-03-14
C06493,Matthew Thomas,bhopkins@example.org,Midwest,Regular,2022-08-10
C06494,Adam Ingram,erin15@example.com,Northeast,Regular,2023-10-05
C06495,Courtney Bowman,nlarson@example.net,Southwest,VIP,2022-05-09
C06496,Barbara Smith,leekristin@example.net,Southwest,Regular,2022-06-01
C06497,Douglas Ross,eric80@example.org,Northeast,At-Risk,2023-04-25
C06498,Beverly Garner,elizabeth58@example.org,Southeast,Regular,2023-02-16
C06499,Nicholas Morales,chambersmelissa@example.net,Midwest,Regular,2024-12-19
C06500,Wendy Walker,abaker@example.com,Southeast,Regular,2023-07-05
C06501,Manuel Peterson,adamsryan@example.org,Southwest,Regular,2022-07-16
C06502,Joseph Brown,steven06@example.com,Southeast,Regular,2022-03-12
C06503,Christopher Schultz,norrisryan@example.com,West,Regular,2023-10-19
C06504,Samantha Cohen,savannah99@example.net,Midwest,Regular,2024-01-02
C06505,Maria Richard,james64@example.org,Southeast,New,2022-12-15
C06506,David Gibbs,brittanyclements@example.com,Northeast,Regular,2023-08-03
C06507,Jessica Warren,sharon33@example.org,West,Regular,2023-07-29
C06508,Alex Robinson,wfernandez@example.com,Southwest,Regular,2022-09-25
C06509,Russell Henson,brandonortega@example.com,West,New,2022-12-02
C06510,Robert Jarvis,jsteele@example.com,West,Regular,2024-12-04
C06511,Philip Kline,jacobselizabeth@example.net,Southwest,Regular,2022-07-16
C06512,Sandra Chambers,mike91@example.org,West,Regular,2024-03-04
C06513,Steven Woodard DDS,ochoachristine@example.com,Midwest,Regular,2024-12-18
C06514,Debra Gutierrez,ramirezbenjamin@example.org,West,Regular,2024-03-28
C06515,Michelle Bentley,rebeccanichols@example.net,Southeast,Regular,2022-06-06
C06516,Ryan Fischer,mendezyolanda@example.org,Southeast,Regular,2024-09-03
C06517,Jodi Powell,brandon56@example.org,West,At-Risk,2024-02-04
C06518,Chad Lambert PhD,matthewcarroll@example.org,Northeast,Regular,2022-06-18
C06519,Tracy Davis,carpenterdaniel@example.org,West,VIP,2023-06-05
C06520,Nathaniel Lopez,pwoodard@example.net,West,Regular,2022-08-03
C06521,Victor Fox,nphillips@example.org,Midwest,Regular,2022-08-28
C06522,Donna Mcdonald,yhunt@example.net,Northeast,Regular,2024-06-29
C06523,Daniel Goodman,elijah93@example.org,Southeast,Regular,2024-10-08
C06524,Robert Davis,mperry@example.com,Southwest,New,2022-08-05
C06525,Kathryn Martinez,phillipsgeorge@example.com,West,Regular,2022-09-28
C06526,Stacie Jones,redwards@example.net,Southwest,New,2022-10-08
C06527,Wendy Bradshaw,ruth66@example.net,West,Regular,2023-06-13
C06528,Gregory Jackson,katiemyers@example.com,Southeast,At-Risk,2022-09-28
C06529,Joel White,warrenhouston@example.org,Southwest,Regular,2024-11-17
C06530,Ruben Richmond,christopher88@example.org,Midwest,Regular,2022-01-01
C06531,Robyn Dodson,darrell23@example.org,Midwest,Regular,2023-06-27
C06532,Robert Phillips,angelica69@example.com,West,Regular,2023-09-10
C06533,Shelly Haney,idouglas@example.org,Southwest,Regular,2023-03-26
C06534,Brandon Moore,suttonkenneth@example.net,Southwest,New,2022-03-22
C06535,Kaitlyn Jimenez,zacharybrooks@example.org,Southwest,Regular,2024-02-22
C06536,Emily Romero,gordondavid@example.org,Southwest,New,2023-12-11
C06537,Megan Oconnor,brittany95@example.org,Southwest,Regular,2024-01-23
C06538,Scott Hudson,mark73@example.com,Midwest,New,2023-12-05
C06539,Desiree Keith,justingriffin@example.com,Northeast,Regular,2024-12-14
C06540,Matthew Collins,melissa32@example.com,Midwest,At-Risk,2023-10-05
C06541,Rebekah Salinas,hollowayeric@example.net,Northeast,Regular,2022-06-21
C06542,Kelly Wiley,leeanthony@example.net,Southeast,Regular,2024-09-02
C06543,Keith Kramer,armstrongdakota@example.com,Northeast,Regular,2022-01-20
C06544,Scott Brown,maykatherine@example.com,Southwest,Regular,2022-02-12
C06545,Cynthia Rose,gracegriffith@example.org,Southwest,Regular,2022-09-23
C06546,Michelle Gallagher,smithmaureen@example.com,Northeast,Regular,2024-12-19
C06547,Lisa Tran,jasmine35@example.com,Southeast,Regular,2022-06-04
C06548,Stephanie Johnson,dawn24@example.org,Southeast,Regular,2022-10-14
C06549,Donna Macias,xschmitt@example.com,Southwest,Regular,2023-11-11
C06550,Nicholas George Jr.,cobbmatthew@example.com,Midwest,Regular,2023-11-18
C06551,Claudia Kelley,karen03@example.net,Midwest,Regular,2023-10-14
C06552,William Sparks,lauriewelch@example.com,Northeast,Regular,2022-10-03
C06553,Diana Phillips,singletonerica@example.com,Northeast,Regular,2024-07-12
C06554,Megan Butler,david56@example.net,Midwest,VIP,2023-10-01
C06555,Raymond Mitchell,lisa73@example.org,Northeast,Regular,2022-12-14
C06556,Wesley Krause,solisjamie@example.com,Southeast,Regular,2023-12-08
C06557,Michael Hernandez,mariaking@example.org,Midwest,At-Risk,2023-11-24
C06558,Dakota Perez,rbennett@example.org,Southeast,Regular,2024-06-03
C06559,Andrew Pearson,sara93@example.org,West,Regular,2022-12-10
C06560,Robert Lang,jennifer72@example.com,Southeast,Regular,2022-01-14
C06561,Nicole Benson,allencynthia@example.org,Southwest,Regular,2022-10-17
C06562,Tammy Walton,jday@example.com,West,Regular,2022-03-08
C06563,Anthony Freeman,brandoncardenas@example.com,West,Regular,2024-05-04
C06564,Jennifer Chapman,taylor73@example.com,West,New,2022-07-05
C06565,Julie Wilson,patrick66@example.org,West,Regular,2024-08-23
C06566,Henry Jacobs,amyhall@example.net,West,Regular,2022-09-23
C06567,Isabel Jackson,johnnymyers@example.net,Northeast,VIP,2022-03-09
C06568,Jose Lee,georgezachary@example.net,Midwest,Regular,2023-03-12
C06569,David Khan,qlopez@example.org,Midwest,Regular,2022-02-04
C06570,Sue Bailey,gcarter@example.com,Midwest,Regular,2022-08-24
C06571,Dennis Gregory,colleen97@example.org,Southeast,At-Risk,2024-12-17
C06572,Katherine Moore,chadolson@example.com,Northeast,Regular,2022-12-10
C06573,Robert Harris,emily00@example.org,Southwest,At-Risk,2022-02-09
C06574,Patricia Lynn,anita43@example.net,Southwest,Regular,2023-09-19
C06575,David Ramos,larry20@example.net,Southwest,Regular,2023-01-09
C06576,Theresa Nguyen,gle@example.org,Midwest,Regular,2024-07-26
C06577,Karen Macdonald,griffinanthony@example.com,Midwest,Regular,2022-02-28
C06578,Barbara Strong,tamaraduarte@example.net,West,Regular,2023-09-23
C06579,Carlos Lopez,stephanie53@example.net,Southeast,Regular,2023-09-24
C06580,Donald Watkins,michael14@example.net,Northeast,Regular,2024-04-17
C06581,Holly Gonzales,jasonshannon@example.com,West,Regular,2023-01-01
C06582,Jesse Hicks,angela28@example.com,Southwest,At-Risk,2022-06-25
C06583,Christine Parker,jessicamcguire@example.com,Midwest,Regular,2023-08-02
C06584,Keith Hebert,christopherrivera@example.com,Southwest,New,2022-03-07
C06585,Thomas Castro,ann19@example.net,Southeast,Regular,2023-10-08
C06586,Patricia Gonzalez,patrickwade@example.net,Southeast,New,2023-01-01
C06587,Sharon Oliver,suzanne52@example.com,Southeast,At-Risk,2022-03-31
C06588,Olivia Mcgee,glloyd@example.net,Southeast,Regular,2023-07-30
C06589,Jennifer Ruiz,rachelberg@example.com,Southeast,New,2022-12-23
C06590,Nicole Weaver,thompsonwilliam@example.com,Southwest,New,2022-02-25
C06591,Sydney Jordan,cantuheather@example.net,Southeast,Regular,2023-04-08
C06592,Mike Padilla,martha81@example.org,Southeast,Regular,2023-01-30
C06593,Ashley Hernandez,russelldavis@example.com,Northeast,At-Risk,2023-01-15
C06594,Leah Cooper,amorrison@example.org,Midwest,At-Risk,2023-09-25
C06595,Samuel Waller,lisabernard@example.com,Midwest,At-Risk,2022-03-25
C06596,Renee Shaw,fergusonhannah@example.net,Northeast,At-Risk,2023-07-24
C06597,David Fischer,jacob63@example.org,Southwest,New,2023-02-07
C06598,Gwendolyn Arnold,anthony79@example.org,Southeast,Regular,2023-12-26
C06599,Elizabeth Kaiser,fergusonjessica@example.org,West,New,2022-03-02
C06600,Misty Velazquez,jacqueline79@example.com,Northeast,At-Risk,2024-10-17
C06601,Adriana Boyd,mindy61@example.com,Northeast,Regular,2024-01-14
C06602,Sara Black,kevin66@example.org,Southwest,Regular,2024-08-12
C06603,Rachel Chavez,valerie50@example.net,Midwest,Regular,2022-05-28
C06604,Alicia Jones,randy29@example.com,Southwest,Regular,2024-12-10
C06605,Susan Taylor,cooperamy@example.net,Southeast,At-Risk,2023-07-08
C06606,Brianna Francis,leslieramos@example.org,Midwest,Regular,2022-12-13
C06607,Samantha Boyd,david29@example.org,Southeast,Regular,2023-10-19
C06608,Kathy Hartman,vincentandrew@example.com,Northeast,Regular,2023-08-26
C06609,Lauren Edwards,jennifercombs@example.com,Midwest,New,2022-03-11
C06610,Kristina Everett,pauldiaz@example.com,Northeast,Regular,2024-05-30
C06611,Cynthia Torres,reedbenjamin@example.org,West,Regular,2022-05-30
C06612,Charles Gallagher,ylambert@example.org,West,VIP,2024-05-14
C06613,Rachel Scott,david25@example.com,West,VIP,2023-03-23
C06614,Joseph Harmon,ericwolf@example.com,Midwest,New,2022-01-13
C06615,Lee Roberts,casey80@example.net,Northeast,Regular,2023-10-22
C06616,Olivia Carey,khuerta@example.org,West,Regular,2022-05-22
C06617,Michael Martin,xgates@example.com,Southeast,Regular,2023-01-04
C06618,Michael White,carolynlozano@example.org,Southwest,Regular,2023-07-04
C06619,Lisa Drake,yhudson@example.net,Midwest,Regular,2022-12-24
C06620,Matthew Palmer,johnsonbrandi@example.com,Northeast,Regular,2024-03-11
C06621,William Stafford,marie57@example.com,West,Regular,2024-05-30
C06622,Thomas Taylor,rachel65@example.org,West,New,2024-02-07
C06623,Richard Harvey,hannahcox@example.net,West,New,2022-01-15
C06624,Christina Harris,daniel48@example.org,Midwest,Regular,2023-11-30
C06625,Stephanie Flores,rogersryan@example.com,Southeast,Regular,2024-11-13
C06626,Joanna Palmer,colekristin@example.com,Southwest,Regular,2023-05-30
C06627,Mrs. Kayla Yu,christopherwood@example.net,Midwest,New,2022-03-22
C06628,Julie Nguyen,icarroll@example.org,West,Regular,2024-09-28
C06629,Stacy Waters,maryjackson@example.org,Southwest,Regular,2024-09-20
C06630,Theodore Lowery,uvance@example.net,West,New,2024-10-04
C06631,Zachary Ochoa,allenlauren@example.net,Midwest,Regular,2022-01-31
C06632,Jeffrey Hines,whitneyjennifer@example.org,Southeast,Regular,2022-01-08
C06633,Dawn Yang,jamespeterson@example.com,Midwest,New,2024-12-05
C06634,Glenda Glass,linda17@example.com,West,Regular,2023-02-08
C06635,Mrs. Brianna Gutierrez,hesschase@example.org,Southwest,Regular,2022-06-16
C06636,Samantha Harris,pbowen@example.org,Southwest,Regular,2023-08-09
C06637,Rebecca Wells,yingram@example.com,West,Regular,2022-04-22
C06638,Kevin White,harperandrew@example.com,Southwest,New,2022-03-02
C06639,Barbara Bryant,shamilton@example.org,Northeast,Regular,2022-06-30
C06640,Jacob Patel,rebeccahill@example.org,Southeast,Regular,2023-08-17
C06641,Valerie Nguyen,evansanthony@example.org,Northeast,New,2023-11-06
C06642,Cody Moody,kevincooke@example.com,Southwest,Regular,2024-12-02
C06643,David Walters,thernandez@example.org,Southwest,New,2024-11-21
C06644,Heather Sosa,nicholas15@example.net,Southeast,Regular,2022-09-06
C06645,Sheena Harrison,hryan@example.org,Southeast,Regular,2024-02-22
C06646,Mr. Antonio Medina,martinrichard@example.com,West,Regular,2022-09-15
C06647,Courtney Lawrence,garciamary@example.net,Northeast,Regular,2022-08-12
C06648,Heather Kennedy,sabrinasnyder@example.com,West,Regular,2022-02-22
C06649,Joseph Gill,walkerclaudia@example.com,Northeast,Regular,2023-10-20
C06650,Anna Ho,xallen@example.com,Southwest,Regular,2023-01-21
C06651,Paul Martinez,cooksheila@example.net,Southwest,Regular,2024-04-29
C06652,James Leach,samanthamullins@example.com,Southwest,VIP,2022-08-08
C06653,Tina Anderson,raymond16@example.org,Midwest,New,2024-11-05
C06654,Matthew Little,lisa80@example.com,Midwest,New,2023-01-13
C06655,Jeffery Brown,howechristine@example.com,Southwest,Regular,2022-03-27
C06656,Roberto Ballard,james41@example.com,Southwest,Regular,2023-09-29
C06657,William Cherry,shannonfoster@example.org,Southeast,VIP,2023-04-17
C06658,Thomas Sandoval,lindsay94@example.org,Southwest,New,2024-05-04
C06659,Kristin Fletcher,jdavila@example.org,Northeast,Regular,2022-11-23
C06660,Steven Brooks,wongstephanie@example.org,Southwest,Regular,2024-03-25
C06661,Dr. Roberto Stewart,ahall@example.org,West,Regular,2023-04-05
C06662,Mark Simmons,nmccarthy@example.net,Northeast,Regular,2022-03-31
C06663,Richard Johnson,hbrown@example.net,Northeast,Regular,2024-07-27
C06664,Dustin Chambers,tammyhartman@example.com,Southeast,New,2024-07-31
C06665,Anna Harrison,hector86@example.org,Northeast,Regular,2023-11-07
C06666,Lisa Hickman,zparsons@example.com,Midwest,Regular,2022-10-23
C06667,Dylan Harris,jonathanwilliams@example.net,Southeast,Regular,2023-11-18
C06668,Terry Reyes,ydavid@example.org,Southwest,Regular,2024-06-04
C06669,Kathy Moore,kanderson@example.org,Southwest,Regular,2023-10-23
C06670,Charles Gilbert,mgarcia@example.com,Southwest,Regular,2024-03-10
C06671,Monique Davis,ramirezbrandon@example.org,West,Regular,2024-02-07
C06672,Dylan Jones,leebrett@example.com,Southwest,Regular,2024-07-25
C06673,Juan Brown,vsmith@example.org,Midwest,Regular,2022-12-16
C06674,Melissa Travis,staceygarcia@example.net,West,At-Risk,2024-11-08
C06675,Mario Lopez,daniellewatson@example.com,Southwest,Regular,2022-12-01
C06676,Marie Rodriguez,xwang@example.com,Southeast,VIP,2024-08-21
C06677,Erin Green,bnewman@example.org,Southeast,At-Risk,2024-04-30
C06678,Leah Stewart,courtney78@example.org,Northeast,Regular,2023-03-27
C06679,James Nguyen,jacqueline81@example.com,West,Regular,2022-04-30
C06680,Mitchell Rodriguez,julian18@example.com,Southwest,Regular,2024-10-30
C06681,Jennifer Chandler,katelynfisher@example.net,Southeast,Regular,2024-08-11
C06682,Stacey Lane,sheppardrobert@example.net,Northeast,Regular,2022-01-30
C06683,Matthew Bruce,ann88@example.com,Southeast,New,2024-05-09
C06684,Judy Wheeler,emclaughlin@example.net,Southwest,New,2023-08-17
C06685,Tanya Brown,csnow@example.com,Southwest,At-Risk,2022-10-17
C06686,Keith Silva,ubass@example.com,Southeast,New,2023-08-24
C06687,Kimberly Brooks,justinmontes@example.com,Northeast,Regular,2023-03-19
C06688,Andrea Smith,tammy82@example.com,Northeast,Regular,2024-02-05
C06689,Selena Gonzalez,chadrowe@example.com,Midwest,At-Risk,2023-03-14
C06690,Robert Watts,melanie50@example.net,Southeast,Regular,2024-10-17
C06691,Rebecca Rose,zhansen@example.net,Southeast,Regular,2024-05-27
C06692,Chad Sanchez,heather94@example.org,Southwest,At-Risk,2023-03-14
C06693,Samantha Reese,amy16@example.org,Midwest,Regular,2022-07-05
C06694,Nicholas Serrano,aprilallen@example.org,West,VIP,2023-02-19
C06695,Paul Wolfe,xjensen@example.net,Midwest,Regular,2024-07-26
C06696,James Clark,collinbailey@example.com,Southeast,Regular,2024-08-18
C06697,Lauren Brown,schneidersteven@example.net,Northeast,At-Risk,2024-06-19
C06698,Sandra Montoya,melissa92@example.org,Southwest,New,2024-10-26
C06699,Mr. Colin Cantrell,murphymargaret@example.org,Midwest,Regular,2022-09-13
C06700,Andrew Barnes,hutchinsonjessica@example.net,Midwest,New,2022-09-01
C06701,Kevin Pope,danielhernandez@example.com,Southeast,Regular,2024-12-20
C06702,Kelly Gibson,edavis@example.com,Southwest,Regular,2023-08-14
C06703,Joseph Rodgers,kevinlewis@example.net,Midwest,Regular,2022-07-09
C06704,Derek Gray,qrivera@example.net,Midwest,Regular,2023-04-15
C06705,Tiffany Kerr,danielle02@example.org,Midwest,Regular,2024-02-06
C06706,Steven Gonzales,sarah09@example.net,Midwest,New,2022-04-01
C06707,Joel Dawson,justinwest@example.org,Southwest,Regular,2023-07-21
C06708,Sarah Tran,dawnlove@example.com,Southeast,Regular,2024-02-26
C06709,Barbara Garcia,caseymartin@example.org,Southeast,Regular,2022-12-19
C06710,Sonya White,ajones@example.net,Midwest,Regular,2023-08-27
C06711,Robert Brown,christine56@example.net,West,Regular,2023-12-26
C06712,Patrick Mitchell,anita04@example.org,Southeast,Regular,2023-10-13
C06713,Benjamin Wilkinson,isaacking@example.org,Midwest,Regular,2022-11-30
C06714,William Thomas,jbrown@example.net,Northeast,Regular,2022-07-29
C06715,Joshua Smith,terrydestiny@example.com,Northeast,Regular,2024-06-30
C06716,Kathy Garza,cindyyoung@example.com,West,Regular,2022-09-30
C06717,Amber Pruitt,tiffany06@example.net,Northeast,At-Risk,2022-07-16
C06718,Nancy Smith,todd37@example.com,Southwest,Regular,2024-12-25
C06719,Jaclyn Villarreal,ashleyscott@example.net,Midwest,Regular,2024-04-23
C06720,Michael Wright,tmurphy@example.org,Northeast,Regular,2024-10-18
C06721,Julie Moses,mckinneyjennifer@example.org,West,Regular,2024-05-07
C06722,Dr. Kyle Lawrence,bjohnson@example.org,Southeast,Regular,2023-01-22
C06723,John Lawson,ukelley@example.org,Southwest,New,2024-08-06
C06724,Kathy Valdez,millerann@example.net,Southeast,Regular,2024-01-13
C06725,Christopher Mcmillan,michael76@example.org,Northeast,Regular,2024-02-27
C06726,Mrs. Deanna Perez,rball@example.org,Southeast,Regular,2023-09-02
C06727,Stephen Murphy,laurenmiller@example.net,Midwest,Regular,2022-07-13
C06728,Michael Harrison,daniellewarner@example.com,Midwest,Regular,2023-12-30
C06729,Monica Christian,burnsmario@example.org,Southwest,Regular,2024-11-22
C06730,Kaitlyn Flores,amypittman@example.net,Southwest,Regular,2022-01-19
C06731,William Weaver,samanthadiaz@example.net,Midwest,Regular,2024-03-17
C06732,George Whitaker,kcaldwell@example.com,Midwest,Regular,2024-04-19
C06733,Susan Mora,jerry82@example.net,Midwest,Regular,2023-07-24
C06734,Melissa Garza,popenicholas@example.org,Midwest,New,2024-05-27
C06735,Jose Williams,gabriella35@example.com,West,VIP,2024-11-10
C06736,Jason Cisneros,ramosbrandy@example.net,Southwest,Regular,2023-07-21
C06737,Brad Martin,gardnermegan@example.com,Southeast,At-Risk,2024-04-12
C06738,Steven Francis,jean58@example.net,Southeast,Regular,2024-03-12
C06739,Robert Simmons,johnhale@example.net,West,Regular,2023-05-25
C06740,Anna Olsen,pennyfowler@example.net,Northeast,Regular,2024-09-18
C06741,Kevin Villegas,cindyrivera@example.net,Southeast,Regular,2022-02-24
C06742,William Weiss,michelle65@example.org,West,New,2024-01-08
C06743,Gerald Mccoy,ymarshall@example.com,West,Regular,2022-09-10
C06744,Matthew Chavez MD,emily94@example.org,Northeast,Regular,2024-04-18
C06745,Elizabeth Moreno DDS,michael72@example.net,Southeast,Regular,2024-02-24
C06746,Colleen Irwin,david58@example.net,Midwest,Regular,2024-08-26
C06747,Vanessa Hendricks,danielle07@example.org,Midwest,New,2023-05-25
C06748,Stephanie Dixon,douglas69@example.net,Midwest,Regular,2023-08-02
C06749,Lynn Lyons,tnelson@example.net,Northeast,At-Risk,2022-01-21
C06750,Timothy Reed,oolson@example.net,Southeast,At-Risk,2024-05-28
C06751,Jay Gonzalez,sharonbrown@example.net,Midwest,At-Risk,2023-12-29
C06752,Ryan Bailey PhD,sancheznicole@example.net,Southwest,Regular,2022-08-12
C06753,Michael Moore,anthonysmith@example.com,Southeast,Regular,2022-09-21
C06754,Jennifer Richardson,ajackson@example.org,Northeast,Regular,2024-09-22
C06755,Karen Briggs,donald53@example.net,Northeast,Regular,2023-07-13
C06756,Randall Thomas,charles15@example.com,Midwest,Regular,2024-02-18
C06757,Ann Morgan,toddbrittany@example.com,West,Regular,2023-02-01
C06758,Brian Graves,lgoodwin@example.net,Northeast,Regular,2023-11-09
C06759,Robert Cruz,deanna12@example.net,Northeast,Regular,2022-07-11
C06760,Joseph Torres,olyons@example.com,Southeast,Regular,2023-03-09
C06761,Teresa Black,pattondiana@example.net,Southeast,Regular,2022-02-14
C06762,Michael Berger,coryharris@example.net,Northeast,Regular,2022-11-30
C06763,Trevor Gallegos,danielle46@example.org,Northeast,VIP,2023-12-25
C06764,Jeremy Ware,merickson@example.net,Northeast,New,2023-12-08
C06765,Matthew Leonard,dclay@example.org,Northeast,Regular,2024-03-04
C06766,Yvonne Garcia,dsantiago@example.com,Northeast,Regular,2023-01-25
C06767,James Tucker,gregorymoore@example.net,Midwest,Regular,2022-11-01
C06768,Daniel Smith DVM,michele08@example.net,West,VIP,2023-11-23
C06769,Nicholas Walsh,reyessusan@example.net,Southeast,New,2023-05-18
C06770,Rhonda Nelson,apatel@example.org,Southeast,Regular,2022-06-08
C06771,Teresa Best,paulkramer@example.org,Northeast,At-Risk,2023-07-11
C06772,Dustin Herman,ashleywarren@example.com,West,New,2024-01-08
C06773,Kelly Schultz,bowersmichael@example.org,West,Regular,2023-11-07
C06774,Caitlin Lee,williamsstephen@example.org,Southwest,Regular,2022-09-29
C06775,Michael Mason,jameschandler@example.net,Southeast,Regular,2024-06-02
C06776,Adam Taylor,darinturner@example.org,Northeast,Regular,2024-01-21
C06777,Joyce Clayton,evanskimberly@example.org,Southwest,Regular,2022-06-11
C06778,Bruce Davis,michaelhoward@example.net,Southeast,Regular,2023-08-04
C06779,Mr. Scott Reyes,hhoward@example.com,Northeast,Regular,2022-05-06
C06780,Mary Esparza,stephaniedickerson@example.net,West,New,2023-12-14
C06781,Christopher Holland,jackiemiller@example.net,Midwest,Regular,2023-09-05
C06782,Edward Martinez,williamthornton@example.com,Southwest,Regular,2024-08-27
C06783,Joe Austin,bryankristin@example.com,Midwest,At-Risk,2024-06-18
C06784,Taylor Gardner,shelly26@example.org,Northeast,New,2023-10-13
C06785,Henry Smith,stevensaustin@example.org,Northeast,Regular,2023-12-23
C06786,Stephanie Cohen,butleralexander@example.com,Northeast,Regular,2022-03-13
C06787,Jamie Berry,bakerjohn@example.org,Northeast,Regular,2023-05-16
C06788,Brian Adams,anthonycastillo@example.net,Southwest,Regular,2023-05-24
C06789,Vincent Spears,ericsmith@example.org,Southwest,Regular,2022-04-03
C06790,Mitchell Reese,ashleyjones@example.org,Southwest,Regular,2024-11-15
C06791,Catherine Jackson,david20@example.com,Northeast,Regular,2022-06-13
C06792,Cody Mckee,johnmeza@example.com,Southwest,New,2022-11-08
C06793,Michael Morrison,smyers@example.net,Northeast,VIP,2024-07-05
C06794,William Matthews,sarahbell@example.net,Southwest,At-Risk,2022-09-09
C06795,Claire Patton,antoniobeasley@example.org,Midwest,Regular,2022-04-12
C06796,Donald Caldwell,cdavis@example.com,Southeast,At-Risk,2022-06-05
C06797,Stephen Wood,mccarthytroy@example.net,Midwest,New,2024-12-14
C06798,Rachel Jones,gschultz@example.org,Southeast,Regular,2024-08-20
C06799,Nicholas Mason,shellygonzalez@example.com,Southeast,VIP,2023-12-10
C06800,Mrs. Carol Williams,rebecca01@example.net,Southeast,Regular,2022-05-16
C06801,Barbara Rodriguez,zcaldwell@example.org,Northeast,Regular,2023-04-20
C06802,Jennifer Cruz,ihuerta@example.net,Northeast,Regular,2022-03-25
C06803,Matthew Diaz,icampbell@example.org,Northeast,Regular,2024-09-23
C06804,Hannah Montoya,ochoanathan@example.org,Midwest,Regular,2023-02-03
C06805,Jonathan Meyers,christine36@example.net,West,Regular,2024-10-11
C06806,Ray Leon,cassidymcguire@example.net,Northeast,New,2022-04-28
C06807,Stephanie Garcia,kathleen60@example.com,Northeast,Regular,2022-07-24
C06808,Kevin Bennett,blanchardlaurie@example.com,Northeast,Regular,2023-11-19
C06809,Brandon Thompson,belindaarias@example.net,Southwest,Regular,2024-10-09
C06810,Donald Gilbert,bowenjoshua@example.net,Southwest,VIP,2022-06-17
C06811,Lisa Mullins,guerreronatasha@example.org,West,New,2024-05-05
C06812,Judy Rice,davidsingleton@example.net,Southwest,Regular,2022-07-07
C06813,Megan Knight,huntermeadows@example.org,West,Regular,2024-09-25
C06814,Kristen White,tjackson@example.net,West,Regular,2023-03-22
C06815,Nicholas Gutierrez,fbenton@example.net,Northeast,Regular,2023-07-02
C06816,Angela Jones,jennifermassey@example.net,Southwest,Regular,2022-06-10
C06817,Charles Harris,moorejulie@example.com,Northeast,Regular,2022-02-16
C06818,Carla Jackson,marianguyen@example.org,Northeast,VIP,2024-05-07
C06819,Theresa Jacobs,hayesalexander@example.org,Northeast,Regular,2022-11-07
C06820,Michelle Hopkins,williamgiles@example.net,Northeast,New,2024-09-18
C06821,Kenneth Hernandez,showard@example.com,Southwest,VIP,2022-09-07
C06822,Mary Robinson MD,mary71@example.net,Northeast,Regular,2024-08-20
C06823,Cynthia Schroeder,mendezjason@example.com,West,Regular,2023-02-15
C06824,Holly Butler,ogordon@example.net,West,At-Risk,2022-09-18
C06825,Mr. Cameron Rios,hughesandrew@example.com,Northeast,Regular,2024-12-23
C06826,Kathleen Martinez,ajohnson@example.net,Southeast,Regular,2024-06-26
C06827,Gregory Banks,wmorgan@example.net,West,New,2022-06-05
C06828,Amanda Butler,brittney78@example.com,West,Regular,2022-03-31
C06829,Cynthia Sexton,marcpierce@example.net,Southeast,Regular,2022-08-09
C06830,Thomas Ray,timothygardner@example.org,Southeast,Regular,2023-10-18
C06831,Zachary Giles,tyler86@example.org,Southeast,Regular,2024-05-05
C06832,Jill Ramirez,jennifer54@example.org,Southwest,At-Risk,2023-03-03
C06833,Lisa Lozano,donaldsantiago@example.net,Midwest,Regular,2024-05-08
C06834,Susan Flores,tmorales@example.com,Northeast,New,2023-07-25
C06835,Joshua Gutierrez,tuckerrobert@example.com,Northeast,Regular,2023-10-05
C06836,Adriana Barnes,nancy42@example.com,Midwest,Regular,2024-02-02
C06837,Michael Moon,gibsonsamantha@example.org,Midwest,Regular,2024-05-02
C06838,Ricardo Smith,teresaharris@example.com,West,Regular,2024-10-22
C06839,John Jones,chapmankimberly@example.net,West,Regular,2024-06-22
C06840,Joy Lewis,amandavaughan@example.com,Northeast,Regular,2024-08-12
C06841,Anna Huynh,rogerfrederick@example.org,Midwest,New,2023-05-24
C06842,Shannon Foster,johnsonfrances@example.net,Southeast,Regular,2022-11-03
C06843,Candace Torres,cooperdanielle@example.org,Southwest,New,2024-08-11
C06844,Jane Powell,roger27@example.com,Southeast,Regular,2023-09-03
C06845,Elizabeth Rowe,jonathanwright@example.com,Southeast,Regular,2022-04-22
C06846,Sarah Moore,twilliams@example.net,Midwest,Regular,2024-05-10
C06847,Adam Howell,gina29@example.com,Midwest,At-Risk,2022-02-17
C06848,Dr. Linda Campbell,timothyboyd@example.com,Southwest,At-Risk,2022-10-09
C06849,Jeffrey Hudson,kmatthews@example.org,Midwest,Regular,2023-06-14
C06850,Kerri Wells,igregory@example.net,West,Regular,2022-04-25
C06851,Kevin Saunders,brian71@example.com,West,Regular,2024-08-25
C06852,Bryan Brown,iwheeler@example.org,West,Regular,2022-11-20
C06853,Paul Huang,wmiranda@example.net,Southeast,Regular,2022-03-06
C06854,Justin May,dawn60@example.org,Southeast,New,2022-04-21
C06855,Travis Gordon,bgeorge@example.org,Southwest,Regular,2023-10-28
C06856,Mary Stone,jwhitaker@example.org,Southwest,Regular,2024-12-25
C06857,Ryan Simpson,slarson@example.org,Southwest,Regular,2022-02-05
C06858,Melissa Green,shawngarcia@example.com,Southeast,Regular,2022-03-27
C06859,Kelly Thornton,jblack@example.net,Southwest,Regular,2022-06-12
C06860,Scott Willis,brianparker@example.com,West,Regular,2024-06-19
C06861,Sarah Roman,xsmith@example.net,Midwest,Regular,2022-08-27
C06862,Alexander Clarke,kathryn81@example.org,Southeast,Regular,2022-06-08
C06863,Toni Burke,william85@example.com,Southwest,Regular,2022-01-02
C06864,Samuel Martin,debrakelly@example.org,West,Regular,2024-01-14
C06865,Janet Williams,priceamanda@example.net,West,Regular,2022-05-14
C06866,Christopher Brooks,ptaylor@example.net,Midwest,Regular,2023-06-10
C06867,Miss Kristin Watts MD,reginarice@example.com,Southeast,New,2023-04-02
C06868,David Blankenship,hernandezmichael@example.net,Southwest,Regular,2023-12-29
C06869,Robin Allen,dylanhanna@example.com,Southwest,New,2022-01-01
C06870,Joshua Lambert,marieclay@example.net,Northeast,Regular,2022-01-01
C06871,Kevin Davies,brittanythomas@example.org,Midwest,Regular,2022-07-27
C06872,Valerie Carrillo,ronaldzavala@example.com,Northeast,Regular,2023-03-03
C06873,Timothy Strickland,hroberts@example.net,West,VIP,2023-12-27
C06874,Corey Keith,gking@example.org,West,Regular,2024-07-21
C06875,Emily Schmidt,marychandler@example.net,Midwest,New,2024-01-02
C06876,Nicole Jarvis,jessica75@example.org,Northeast,Regular,2022-02-09
C06877,Julie Barker,wongbailey@example.org,West,Regular,2024-02-10
C06878,Kimberly Bonilla,josephperez@example.net,Southeast,Regular,2024-12-23
C06879,Alexis Gonzales,benjamin92@example.net,Southeast,New,2022-04-02
C06880,Melissa Floyd,vgilbert@example.org,Northeast,Regular,2022-08-30
C06881,Leslie Pugh,benjaminjohnson@example.com,West,Regular,2024-06-08
C06882,Cynthia Hurst,michaellowe@example.com,West,Regular,2023-11-13
C06883,Stephanie Pearson,margaretwhite@example.org,Northeast,Regular,2022-04-13
C06884,Cory Davis,jonessuzanne@example.org,Southwest,New,2022-07-23
C06885,Leon Carter,hsweeney@example.org,Midwest,Regular,2023-12-20
C06886,Michael Smith,kendra15@example.org,Southwest,At-Risk,2023-11-14
C06887,Lori Hughes,amy92@example.com,West,Regular,2023-04-12
C06888,Leah Neal,andersonjames@example.org,Northeast,New,2024-03-01
C06889,Brandon Santos,sreynolds@example.com,West,Regular,2023-10-27
C06890,Laura Munoz,brogers@example.com,Northeast,Regular,2024-09-08
C06891,Jacob Jacobson,sdavis@example.org,Southeast,Regular,2023-11-18
C06892,Rachel Reid,todd31@example.com,West,Regular,2023-05-18
C06893,Tara Webb,johnmaxwell@example.com,Southeast,Regular,2024-02-04
C06894,Emily Hanson,trose@example.com,Northeast,VIP,2023-02-25
C06895,Brandi Frey,scott24@example.net,Northeast,Regular,2022-09-06
C06896,Douglas Chavez,hollythomas@example.com,West,Regular,2024-09-27
C06897,Melissa Smith,moorewayne@example.com,Northeast,Regular,2023-09-20
C06898,Jennifer Harris,gregorybrown@example.com,Midwest,Regular,2023-02-14
C06899,Ralph Cox,acardenas@example.net,Southeast,New,2024-07-28
C06900,Jennifer Rice,usmith@example.org,Southwest,Regular,2024-08-07
C06901,Joseph Butler,sanfordlinda@example.org,Northeast,VIP,2024-03-19
C06902,Samantha Smith,tara62@example.com,Southeast,Regular,2024-04-08
C06903,David Goodman,xvaldez@example.net,Northeast,Regular,2024-10-04
C06904,Travis Lewis,summer07@example.org,Northeast,Regular,2023-01-18
C06905,Erica Cuevas,cnguyen@example.net,Southeast,At-Risk,2024-12-16
C06906,Tony Lang,jacksonamanda@example.net,West,Regular,2022-08-28
C06907,Lindsey Peterson,twilliams@example.com,Southeast,Regular,2023-05-20
C06908,Katherine Lamb,christopher76@example.org,Midwest,Regular,2022-10-29
C06909,Daniel Vasquez,daringonzalez@example.org,West,Regular,2022-04-09
C06910,Kelly Mejia,nicole89@example.org,West,Regular,2022-07-10
C06911,Michael Stewart,ilopez@example.net,West,Regular,2024-04-06
C06912,Pamela Wheeler,katherine55@example.com,Midwest,VIP,2023-09-20
C06913,Rebecca Hawkins,kathleen56@example.org,Southeast,Regular,2023-04-14
C06914,Lisa Ward,jillrodriguez@example.org,Northeast,Regular,2023-12-23
C06915,Robert Walter,davistiffany@example.net,Southwest,At-Risk,2024-12-07
C06916,Joseph Serrano,brent06@example.com,Southwest,At-Risk,2024-01-27
C06917,Suzanne Miller,bgilbert@example.org,Southwest,Regular,2023-10-19
C06918,Christopher Davidson,edwardmoreno@example.net,Northeast,Regular,2022-08-04
C06919,Frank Byrd,erika97@example.org,West,Regular,2024-06-23
C06920,Samantha Andrews,greenalexandra@example.org,Southeast,New,2024-10-10
C06921,Brandi Nielsen,sharon11@example.net,Southeast,Regular,2023-09-09
C06922,Dana Miller,boothsherry@example.org,Southwest,Regular,2022-12-31
C06923,Alejandro Martinez,knightcharles@example.org,West,At-Risk,2024-12-15
C06924,Mackenzie Graham,christinapetersen@example.com,West,Regular,2022-07-13
C06925,Catherine Hernandez,katherinepeterson@example.net,Southeast,Regular,2023-11-25
C06926,Michelle Carter,sandracolon@example.org,Southwest,New,2024-08-27
C06927,Andrew Decker,derrickpitts@example.net,Southeast,Regular,2023-01-16
C06928,Gregory Wise,ojohnson@example.com,Southwest,Regular,2024-02-06
C06929,Christopher Lucas,tayloreric@example.org,Northeast,VIP,2023-03-15
C06930,Gerald Miller,gdaniels@example.net,Northeast,New,2023-01-17
C06931,Monica Freeman,kimberly01@example.com,Southwest,Regular,2023-08-21
C06932,Joel Wade,thomassmith@example.com,Southeast,Regular,2023-03-26
C06933,Ryan Payne,kcarpenter@example.org,West,New,2023-09-28
C06934,Kathleen Dawson,howardwalker@example.com,West,New,2022-07-15
C06935,Alexis Turner,tvalencia@example.com,Midwest,Regular,2023-01-03
C06936,Nicholas Smith,lauren08@example.net,Northeast,Regular,2024-03-08
C06937,Kim Mendez,jon65@example.com,Southeast,New,2023-11-03
C06938,Robert Thompson,jonathonlarsen@example.net,Southwest,Regular,2023-04-04
C06939,Stacey Jackson,tinamay@example.com,Southwest,New,2022-06-15
C06940,Jennifer Miller,ellisondennis@example.com,Midwest,Regular,2023-10-02
C06941,Tommy Ryan,williamsjustin@example.net,Southeast,Regular,2024-07-12
C06942,Frances Hess,cbrown@example.org,Midwest,Regular,2024-07-29
C06943,Jacqueline Thomas,durhamstacy@example.net,West,Regular,2023-10-05
C06944,Paige Ochoa,nfox@example.com,Northeast,Regular,2023-11-24
C06945,Katie Harris,amandaglass@example.net,Southwest,Regular,2023-02-23
C06946,Alyssa Elliott,howardmark@example.com,Southeast,Regular,2024-09-12
C06947,David Lawson,chelseawarren@example.org,West,Regular,2024-12-11
C06948,Christopher Alexander,wesleydavis@example.com,Midwest,Regular,2022-07-31
C06949,Tyler Gallagher,patrick25@example.org,Southeast,Regular,2024-12-16
C06950,Alice Garcia,lsummers@example.com,Southeast,Regular,2022-12-29
C06951,Eric Sanders,john49@example.org,West,Regular,2022-10-22
C06952,Brandon King,osmith@example.com,Midwest,Regular,2023-05-15
C06953,James Thomas,dsmith@example.net,Southeast,Regular,2022-03-17
C06954,Ethan Lawrence,smithbilly@example.org,Northeast,Regular,2022-09-25
C06955,Troy English,shannonmyers@example.com,Southeast,New,2023-07-17
C06956,Janice Pope MD,brad94@example.com,West,Regular,2022-01-20
C06957,Kristina Atkins,debrakelly@example.org,Southeast,Regular,2022-07-20
C06958,Matthew Weaver,taylormelissa@example.com,West,At-Risk,2023-08-10
C06959,Juan Kelly,matthewjackson@example.net,West,Regular,2022-08-21
C06960,Blake Wilson,willisamber@example.org,West,Regular,2023-04-15
C06961,Ronnie Morrison,petersentracey@example.org,Midwest,New,2023-11-26
C06962,Michael Alvarado,oberry@example.org,West,Regular,2023-07-16
C06963,Rebecca Morris,amberpeterson@example.net,Southeast,Regular,2023-08-17
C06964,Phillip Green,howardlisa@example.org,Midwest,At-Risk,2023-02-11
C06965,Sierra Lee,kemptracey@example.net,Southwest,Regular,2023-02-28
C06966,Andrew Roman,ramseydouglas@example.org,Southeast,Regular,2024-01-20
C06967,Steve Robinson,mercedes10@example.com,Southwest,Regular,2024-01-11
C06968,Kristin Sandoval,angelicarodriguez@example.org,Southwest,Regular,2024-03-24
C06969,Paige Silva,perezmark@example.net,Midwest,Regular,2024-01-17
C06970,Joe Pearson,charlesblair@example.com,Southwest,Regular,2022-01-16
C06971,Donald Rogers,acostakelly@example.net,Southwest,Regular,2023-05-23
C06972,Jennifer Dickson MD,harristravis@example.org,West,New,2023-11-08
C06973,Alison Tucker,sarahyoung@example.org,Southwest,New,2024-11-14
C06974,Lori Simpson,angel04@example.com,Midwest,New,2024-06-08
C06975,April Dixon,jessicazimmerman@example.net,West,VIP,2023-08-05
C06976,Mitchell Schultz,hallcourtney@example.com,Southeast,New,2023-02-12
C06977,Michael Ortiz,mmiller@example.org,Southwest,Regular,2023-11-19
C06978,Travis Williams,danielharris@example.org,Northeast,Regular,2024-06-14
C06979,Erika Kline,jessicawhite@example.org,Northeast,Regular,2024-12-22
C06980,Meghan Johnston,robertmcfarland@example.net,Midwest,Regular,2022-01-26
C06981,Kathleen Miller,xbyrd@example.com,Southwest,Regular,2022-11-24
C06982,Jose Jacobs,angela31@example.net,Southwest,Regular,2024-10-15
C06983,Donald James,qjimenez@example.com,Southwest,Regular,2023-11-25
C06984,Casey Lee,teresadelgado@example.net,West,New,2023-07-04
C06985,Douglas Stewart,heather88@example.org,Midwest,Regular,2024-08-14
C06986,Stephen Riley,michellethompson@example.com,West,Regular,2023-05-24
C06987,Jessica Cowan,colemandebra@example.net,Southeast,Regular,2024-07-11
C06988,Anthony Kemp,racheldixon@example.com,Southwest,Regular,2024-12-20
C06989,Ronald Chandler,oliverbradley@example.net,Southwest,Regular,2022-08-20
C06990,John Silva,cortezgeorge@example.org,West,Regular,2023-11-28
C06991,Joseph Morris,ybooker@example.com,West,Regular,2024-05-18
C06992,Jennifer Ward,roachgina@example.com,Midwest,Regular,2024-04-12
C06993,Erica Ray,michaelwong@example.org,West,Regular,2024-02-09
C06994,Mrs. Margaret Miller,amyfrost@example.org,Southeast,Regular,2022-10-27
C06995,Anthony Willis,natashahowell@example.net,Northeast,New,2024-07-01
C06996,Brian Butler,mccoyeric@example.org,Midwest,Regular,2024-06-08
C06997,Jennifer Jones,wfreeman@example.net,Southeast,Regular,2023-10-22
C06998,Stacey Thornton,lstanley@example.net,Southwest,Regular,2022-05-25
C06999,Tammy Townsend,taylorramirez@example.net,Midwest,Regular,2023-07-28
C07000,Gerald Lopez,emma44@example.org,West,New,2022-09-11
C07001,Jacob Howell,gregory74@example.net,Southwest,At-Risk,2022-08-11
C07002,Adrienne Sampson,matthewscott@example.net,Northeast,Regular,2024-03-15
C07003,Denise Dyer,myerswilliam@example.org,Midwest,Regular,2022-01-06
C07004,Edward Young,robertsdustin@example.org,Southwest,Regular,2023-06-12
C07005,Douglas Kerr,gavinirwin@example.com,Southwest,Regular,2023-02-03
C07006,Willie Todd,larrywest@example.com,Midwest,Regular,2024-02-07
C07007,Rebecca Martin,rross@example.net,Midwest,New,2023-06-22
C07008,Bryan Houston,donna76@example.org,Northeast,Regular,2023-11-09
C07009,Anthony Mejia,murphyedgar@example.org,West,At-Risk,2024-03-29
C07010,Stephanie Jefferson,humphreykimberly@example.com,Midwest,Regular,2022-10-18
C07011,Samantha Weaver,devans@example.org,Midwest,At-Risk,2022-04-19
C07012,Brandi Morgan,edavis@example.org,Midwest,Regular,2022-02-03
C07013,Amy Harris,wyattjessica@example.com,Midwest,Regular,2023-05-08
C07014,Beth Sanchez,mark87@example.net,Southwest,Regular,2023-03-06
C07015,Heather Wright,williamsvalerie@example.com,Southeast,Regular,2024-11-26
C07016,Scott Martin,karina66@example.org,Northeast,Regular,2024-12-10
C07017,Hannah Morton,amberfrazier@example.net,West,Regular,2022-07-20
C07018,Amanda Frank,fmurphy@example.com,Midwest,Regular,2023-11-09
C07019,Michael Robinson,tmontgomery@example.com,West,Regular,2022-06-16
C07020,Cindy Norton,pachecocindy@example.org,Southeast,Regular,2023-06-14
C07021,Emily Ramirez,wrobinson@example.com,Midwest,Regular,2024-06-24
C07022,Andrew Sanders,angelakane@example.org,Northeast,At-Risk,2023-12-15
C07023,Richard Hill,benjaminjackson@example.net,West,Regular,2023-05-19
C07024,Steven Clark,rfields@example.net,Midwest,VIP,2024-05-26
C07025,Rebecca Beltran,robinsonbrian@example.com,Northeast,Regular,2022-06-22
C07026,Joseph Choi,dsalinas@example.com,Northeast,Regular,2022-11-04
C07027,Charles Livingston,ramoschristopher@example.net,Northeast,Regular,2022-06-16
C07028,Steve Lutz,michaelweber@example.net,Northeast,Regular,2023-05-16
C07029,Stacy Jones,anna08@example.net,Southeast,Regular,2024-04-19
C07030,Brenda Johnson,kristinwhitaker@example.net,Midwest,Regular,2022-03-14
C07031,Craig Burton,jacqueline30@example.com,West,Regular,2023-07-09
C07032,Nicolas Higgins,brandifox@example.net,Northeast,Regular,2023-12-13
C07033,Jessica Barajas,joseph78@example.net,Southwest,Regular,2023-03-11
C07034,Anthony Hunt,taylordylan@example.net,Midwest,Regular,2022-01-27
C07035,Lynn Foley,carloshernandez@example.com,Midwest,Regular,2024-09-06
C07036,Amanda Graham,skidd@example.com,West,Regular,2024-05-06
C07037,Christopher Murillo,stephenthomas@example.net,West,Regular,2022-05-03
C07038,Jennifer Anderson,yfigueroa@example.com,Southeast,Regular,2023-04-11
C07039,Scott Adams,ushaw@example.org,Southwest,Regular,2022-03-12
C07040,Debbie Clayton,keithjacobs@example.org,Southwest,Regular,2024-09-14
C07041,Howard Andrews,reidmark@example.org,Southeast,At-Risk,2023-11-05
C07042,Gary Miller,mark78@example.com,West,New,2022-04-30
C07043,Scott Jimenez,ramosrobert@example.com,Southwest,Regular,2022-09-12
C07044,Kathryn Palmer,kathleenkelly@example.net,Southwest,Regular,2023-09-18
C07045,Heather Johnson,mfaulkner@example.com,Southeast,Regular,2023-10-04
C07046,Ashley Vazquez,hfarley@example.org,Southeast,Regular,2022-05-28
C07047,Vanessa Montgomery,justin90@example.org,Northeast,VIP,2023-03-01
C07048,Glen Bowers,jkelley@example.com,Southwest,Regular,2022-09-08
C07049,Christine Ferguson,greendebra@example.net,Southeast,Regular,2023-11-05
C07050,Stephanie Yu,vkent@example.org,Midwest,At-Risk,2023-10-21
C07051,Mark Fletcher,henry32@example.com,Southeast,Regular,2023-03-16
C07052,Barbara Sanchez,angelawhite@example.com,Southeast,Regular,2024-08-09
C07053,Frank Clark,cody75@example.org,Southwest,Regular,2023-01-19
C07054,Michael Howe,paul16@example.net,Southwest,At-Risk,2023-04-23
C07055,Dylan Hunter,richardperez@example.com,Southwest,New,2022-07-14
C07056,Stefanie Matthews,hannah47@example.com,Southwest,Regular,2024-03-25
C07057,Megan Moreno,mark08@example.net,Northeast,Regular,2024-07-27
C07058,Edward Payne,rileymary@example.org,Southeast,Regular,2022-05-31
C07059,Casey Anderson,victoria70@example.org,Northeast,Regular,2023-08-23
C07060,Michael Peterson IV,kirbyalexander@example.net,Southeast,New,2024-10-03
C07061,Zachary Olsen,chaneycody@example.org,Southwest,Regular,2023-06-05
C07062,Michelle Kramer,michaelmendoza@example.net,Southwest,Regular,2024-11-24
C07063,Olivia Garcia,wclark@example.org,Southwest,Regular,2024-11-03
C07064,Arthur Ward,bensonthomas@example.com,Northeast,At-Risk,2024-10-10
C07065,Timothy Hinton,sean18@example.org,Midwest,Regular,2024-06-15
C07066,Michael Perkins,sthomas@example.net,West,Regular,2022-08-10
C07067,Gregory Powell,mdavenport@example.net,West,At-Risk,2024-07-28
C07068,Dominic Stephenson,tinaholt@example.org,West,New,2022-12-04
C07069,Jack Townsend II,reneewilliams@example.org,Southeast,Regular,2022-08-09
C07070,Danielle Hernandez,nancy02@example.com,Southwest,New,2022-10-03
C07071,Kimberly Martinez,kerridavis@example.com,Southeast,Regular,2022-01-29
C07072,Laura Padilla,madison80@example.net,Midwest,Regular,2022-09-29
C07073,Angela Arias,kimberly48@example.com,Midwest,New,2023-08-26
C07074,Steven Horn,woodrobert@example.org,Northeast,Regular,2022-05-09
C07075,Diane Bell,kevin67@example.net,Southeast,New,2023-02-18
C07076,Allison Gardner,zcurry@example.org,Midwest,Regular,2024-05-09
C07077,Gerald Rodriguez,longanthony@example.com,Midwest,Regular,2022-05-20
C07078,Keith Fletcher,angela13@example.com,Southeast,Regular,2023-03-27
C07079,Robin Scott,kathleengarcia@example.org,Southwest,Regular,2022-06-03
C07080,Kayla Anderson,ryan92@example.net,Northeast,New,2022-06-22
C07081,John Mathis,austinwise@example.net,Southwest,Regular,2022-06-28
C07082,Benjamin Lewis,april69@example.com,Southeast,New,2024-02-20
C07083,Destiny Cain,catherinetaylor@example.net,Southwest,Regular,2022-08-26
C07084,Molly Santos,jessica78@example.net,West,VIP,2022-09-07
C07085,William Evans,csmith@example.com,Northeast,Regular,2023-02-10
C07086,Elizabeth Hopkins,oferguson@example.org,Midwest,Regular,2023-12-25
C07087,Tammy Weiss,aterry@example.net,Southeast,New,2023-06-02
C07088,Jared Juarez,davidcurtis@example.org,West,Regular,2023-02-15
C07089,Kathryn Underwood,nicholsconnor@example.net,Midwest,Regular,2024-08-22
C07090,Robert Steele,zacharylewis@example.org,Southeast,At-Risk,2024-02-17
C07091,John Williams,emelton@example.org,Southeast,Regular,2022-07-17
C07092,Jessica Strong,andersontara@example.com,Southeast,Regular,2024-04-25
C07093,Michele Jacobs,bridgetbryant@example.com,Southwest,At-Risk,2023-09-18
C07094,Rachel Martinez,xhopkins@example.net,Midwest,VIP,2022-09-04
C07095,Ashley Wilson,fstanley@example.com,Southwest,New,2024-10-19
C07096,David Gomez,steven20@example.org,Northeast,New,2023-10-11
C07097,Stephen Moore,danielmartinez@example.com,Southeast,Regular,2024-07-02
C07098,Mr. John Proctor,traviscarpenter@example.net,West,Regular,2023-12-11
C07099,Paula Navarro,christopher77@example.org,Northeast,Regular,2024-01-19
C07100,Matthew Williams,wayne69@example.com,West,New,2023-10-30
C07101,Joseph Johnson,alexanderallen@example.org,Southwest,Regular,2023-05-30
C07102,Erin Daugherty,zhangmonica@example.net,Northeast,Regular,2024-03-19
C07103,Aaron Williams,loganluke@example.com,Southeast,Regular,2022-02-02
C07104,George Greene,hjoyce@example.net,Southeast,Regular,2024-08-28
C07105,Emily Rodriguez,tyler35@example.net,Southwest,Regular,2024-10-24
C07106,Laura Brown,shays@example.com,Southwest,Regular,2022-01-21
C07107,Jessica Goodman,heatherwilliams@example.org,Southwest,Regular,2022-09-30
C07108,Robert Ramirez,plong@example.com,West,Regular,2024-02-09
C07109,Rachel Blankenship,valdezkristine@example.com,West,Regular,2022-01-06
C07110,Jill Coleman,mitchelldiana@example.com,Northeast,Regular,2022-12-06
C07111,Anita Flores,hcalhoun@example.com,Midwest,Regular,2022-03-14
C07112,Sandra Williams,twillis@example.net,Midwest,Regular,2024-09-04
C07113,Mrs. Lauren Thomas PhD,fitzgeraldmaria@example.com,Midwest,Regular,2022-06-03
C07114,Antonio Rodriguez,simmonsamanda@example.org,Southeast,Regular,2022-07-18
C07115,Kristen Wood,corey76@example.com,Southwest,Regular,2022-10-20
C07116,Kyle Delgado MD,jennacochran@example.net,Southwest,Regular,2022-11-12
C07117,Eric Wilson,jking@example.com,Southwest,Regular,2023-05-28
C07118,John Lopez,susan82@example.com,West,VIP,2023-06-14
C07119,Richard Hardy,tiffanymarshall@example.org,Northeast,New,2022-02-14
C07120,Katelyn Shaw,jameshines@example.net,Midwest,Regular,2023-07-30
C07121,Christian Rodriguez,dawn60@example.org,Midwest,Regular,2023-03-19
C07122,Kevin Estrada,gmiller@example.net,West,Regular,2022-09-17
C07123,Justin Skinner,ihunt@example.net,Southwest,Regular,2022-06-21
C07124,Patrick Burke,caseymorse@example.org,Southwest,Regular,2023-11-16
C07125,Joseph Mcfarland,kelly42@example.com,Northeast,Regular,2022-03-05
C07126,Joshua Wood,robert84@example.net,Northeast,Regular,2022-04-29
C07127,Sarah Warner,tinareid@example.net,Midwest,Regular,2022-12-04
C07128,James Heath,reginacook@example.com,Midwest,Regular,2023-06-29
C07129,Miguel King,brandi09@example.net,Northeast,Regular,2023-07-25
C07130,Holly Gutierrez,millerstacey@example.com,Southwest,Regular,2023-03-24
C07131,Miranda Vargas,noah71@example.net,Southeast,New,2023-01-24
C07132,Heather Anderson,wrightjeremy@example.net,Midwest,Regular,2024-07-07
C07133,Danny Mooney,ygeorge@example.com,Midwest,Regular,2024-06-03
C07134,John Giles,marktaylor@example.net,Southwest,Regular,2024-01-03
C07135,Matthew Smith,herreratravis@example.net,Southeast,Regular,2022-05-06
C07136,Kevin Larson,walter56@example.net,West,Regular,2022-01-07
C07137,Alan Garcia,annettemiller@example.org,Southwest,At-Risk,2022-01-12
C07138,Kenneth Griffith,elizabeth16@example.net,Southwest,At-Risk,2023-09-06
C07139,Patricia Knox DDS,heathermiller@example.net,West,Regular,2023-08-29
C07140,Shannon George,megan89@example.com,Midwest,Regular,2024-05-22
C07141,Dr. Breanna Munoz,earl52@example.com,Northeast,Regular,2022-09-25
C07142,Cynthia Glover,carol89@example.net,West,At-Risk,2023-05-17
C07143,Todd Oliver,amanda75@example.com,West,Regular,2024-02-27
C07144,Kenneth Levy,mbell@example.org,Southeast,New,2022-02-16
C07145,Sydney Garcia,warrenmiller@example.net,West,Regular,2022-04-04
C07146,Tammy Summers,rebecca97@example.net,West,Regular,2023-10-02
C07147,Stephen Salazar,shannonkerr@example.com,Southwest,Regular,2022-08-16
C07148,Darrell Henson,rthompson@example.net,West,Regular,2024-07-26
C07149,Mary Weiss,juancrawford@example.net,West,At-Risk,2024-04-29
C07150,Laura Villanueva,jordanmelissa@example.com,Southeast,At-Risk,2022-07-16
C07151,Shawn Wilson,sparksjoseph@example.net,Southwest,Regular,2022-08-11
C07152,Robert Aguirre DDS,hamiltonapril@example.net,Southeast,Regular,2022-12-12
C07153,Courtney Rich,xmiles@example.com,Midwest,Regular,2024-08-15
C07154,Mary Stone,toddmorris@example.com,Midwest,Regular,2024-06-05
C07155,Nathan Dunn,eric31@example.net,Northeast,At-Risk,2022-08-15
C07156,Mitchell Bradley,reidkevin@example.net,Southwest,Regular,2024-11-26
C07157,Felicia Bell PhD,robertsantos@example.org,West,Regular,2023-03-11
C07158,Cindy Murphy,jon98@example.com,Northeast,New,2022-02-20
C07159,Jessica Nelson,gmontgomery@example.net,West,Regular,2022-01-06
C07160,Carla Walker,michellecallahan@example.com,Midwest,Regular,2023-02-25
C07161,John Cole,heatherjohnson@example.com,Midwest,Regular,2024-05-26
C07162,Jessica Pitts,mirandafletcher@example.net,Northeast,Regular,2024-08-08
C07163,Vincent Kennedy DDS,mgrant@example.org,Southwest,At-Risk,2023-10-19
C07164,Kimberly Gray,davidbradshaw@example.org,Southwest,New,2022-08-18
C07165,Patrick Jenkins,vsummers@example.net,Midwest,Regular,2023-06-25
C07166,Benjamin Calhoun,patriciamosley@example.org,West,Regular,2023-08-05
C07167,George Sanchez MD,amywood@example.net,Southwest,Regular,2024-01-27
C07168,Tara Pena,davidbarnett@example.org,Midwest,New,2022-10-13
C07169,Dr. Michael Benson DDS,jlewis@example.org,Midwest,Regular,2023-09-14
C07170,Joseph Avery,dyoung@example.net,Northeast,Regular,2022-07-28
C07171,Kimberly Donaldson,ncruz@example.org,Northeast,Regular,2023-05-13
C07172,Beth Murphy,gholland@example.org,West,Regular,2022-08-05
C07173,Dr. Kyle Mason,amy01@example.com,Southwest,Regular,2023-07-30
C07174,David Hughes,vthomas@example.com,West,Regular,2022-01-04
C07175,Stephanie Heath,suzannebrown@example.net,Southeast,Regular,2024-04-24
C07176,Dr. Jonathan Little Jr.,serranocarla@example.net,West,Regular,2022-12-29
C07177,Thomas Ramirez,marvin10@example.com,Northeast,New,2022-07-04
C07178,Dominique Perez,chennoah@example.org,Northeast,Regular,2022-05-01
C07179,Joseph Gonzales,cklein@example.com,Southeast,Regular,2024-11-08
C07180,Tina Fritz,margaret50@example.net,Northeast,Regular,2024-07-27
C07181,Felicia Martin,lmendoza@example.org,Midwest,Regular,2023-11-26
C07182,Kevin Hays,hharris@example.com,Northeast,Regular,2023-04-21
C07183,Lisa Guerra,rose62@example.com,West,At-Risk,2023-11-20
C07184,Jamie Lang,tylerberger@example.com,West,Regular,2024-02-11
C07185,David Smith,georgegarrett@example.net,West,Regular,2022-04-23
C07186,Madeline Bush,brownalexander@example.com,West,Regular,2024-02-05
C07187,Stephanie Garcia,hurleyrobin@example.com,West,VIP,2024-06-12
C07188,Robin Dunn,kjackson@example.com,Southwest,Regular,2024-05-31
C07189,Joshua James,ryanronald@example.net,Southeast,New,2024-11-23
C07190,David Bates,karensnow@example.com,West,Regular,2023-11-23
C07191,Olivia Ortiz,jasongardner@example.org,Northeast,Regular,2023-04-29
C07192,Kevin Lopez,owenharold@example.com,Northeast,Regular,2024-02-15
C07193,Jason Miles,dawncook@example.com,West,Regular,2023-12-01
C07194,Leah Newman,carlosrussell@example.com,West,Regular,2024-09-09
C07195,Robert Baker,michaelstewart@example.net,Southeast,New,2024-11-15
C07196,Antonio Jackson,cookkevin@example.com,Southeast,Regular,2022-01-28
C07197,Melissa Stout,owilson@example.com,West,Regular,2023-07-01
C07198,Nathaniel Dean,ymartin@example.com,Midwest,Regular,2024-09-26
C07199,Michael Schultz,annalee@example.org,Southwest,New,2022-06-15
C07200,Michelle Brown,johnmaldonado@example.com,Southwest,Regular,2022-11-05
C07201,Debra Lewis,denisecruz@example.com,Southeast,Regular,2022-07-16
C07202,Bethany Roach,jason70@example.org,West,Regular,2022-03-13
C07203,Barbara Cobb,qramos@example.com,Midwest,VIP,2024-03-18
C07204,Joshua Davis,smithvanessa@example.org,Midwest,Regular,2022-07-23
C07205,Michelle Romero,fedwards@example.org,Northeast,Regular,2024-07-29
C07206,Amber Taylor,jeffrey64@example.com,West,Regular,2024-04-24
C07207,Ruben Mcintyre,kellybraun@example.net,West,Regular,2023-08-14
C07208,Garrett Nash,lhughes@example.org,Midwest,Regular,2023-09-21
C07209,Dan Vega,richardbrown@example.org,West,Regular,2023-05-23
C07210,Crystal Johnson,russocatherine@example.net,Southwest,At-Risk,2024-05-25
C07211,Rebecca Curry,elaine15@example.net,Northeast,Regular,2022-08-30
C07212,Shelly Garcia MD,heather16@example.net,Northeast,Regular,2022-06-27
C07213,Jennifer Mann,phillipsbrooke@example.org,West,Regular,2022-07-20
C07214,Allison Greene,sgoodman@example.net,Northeast,New,2023-03-11
C07215,Erica Reyes,katherinepearson@example.com,Southeast,Regular,2023-07-10
C07216,Bryan Berry,barrylopez@example.com,Southwest,Regular,2024-04-19
C07217,Jason Miller,skinnerjames@example.org,Southwest,Regular,2023-10-05
C07218,Brandon Schmidt,pgomez@example.org,Southwest,Regular,2022-06-06
C07219,Nicholas Jones,cbradford@example.org,Northeast,Regular,2024-02-22
C07220,Virginia Ross,albert44@example.net,Southeast,Regular,2022-02-06
C07221,Troy Farmer,yalexander@example.net,Northeast,New,2023-08-04
C07222,Steve Wood,campbellrenee@example.net,West,Regular,2023-10-25
C07223,Dr. Jennifer Barker,imiller@example.com,Southwest,VIP,2022-05-28
C07224,Henry Hart,bishopdavid@example.org,Southwest,Regular,2022-12-07
C07225,Ashley Gonzalez,uhill@example.com,Southeast,Regular,2024-05-09
C07226,Kelly Miller,mary64@example.org,Midwest,At-Risk,2024-03-23
C07227,Thomas Barker,jasonclayton@example.net,Northeast,Regular,2023-02-05
C07228,Keith Keller,christinerodriguez@example.net,Southwest,New,2024-06-19
C07229,Shannon Mason,john23@example.com,West,Regular,2023-04-09
C07230,Scott Lawrence,tammyhartman@example.com,Northeast,Regular,2024-11-24
C07231,Robert Chandler,sara39@example.com,West,Regular,2024-02-06
C07232,Haley Mccarty,stephensjudith@example.com,Southeast,Regular,2022-12-17
C07233,Leslie Townsend,pgreen@example.net,Midwest,At-Risk,2024-04-27
C07234,Anna Reed,randallsmith@example.com,Northeast,Regular,2024-07-18
C07235,Peter Byrd,murrayanita@example.com,West,New,2022-05-16
C07236,Christian Butler,matthew89@example.com,Northeast,Regular,2022-08-22
C07237,Kathleen May,melissa72@example.org,West,New,2023-05-17
C07238,Julia Bartlett,sherry03@example.com,Midwest,New,2023-06-12
C07239,Donna Estes,olivia47@example.org,Midwest,At-Risk,2023-11-30
C07240,Mark Gonzales,mcbridericardo@example.net,Northeast,At-Risk,2024-03-24
C07241,Christina Holt,jose10@example.org,Southeast,New,2023-08-16
C07242,Doris Hamilton,drichards@example.net,Southwest,Regular,2024-05-01
C07243,John Silva,aaronwilson@example.net,Northeast,At-Risk,2024-12-17
C07244,Sherry Crawford,hernandezreginald@example.org,Southeast,New,2024-01-03
C07245,Melanie Jackson,umccullough@example.org,West,Regular,2024-05-24
C07246,Michael Brown,wwilliams@example.net,Southeast,Regular,2023-04-02
C07247,Jacob Johnson,nicholaselliott@example.com,Midwest,At-Risk,2022-08-05
C07248,Dr. Sarah Williams,michaelle@example.net,Southeast,At-Risk,2023-01-28
C07249,Charles Montoya,sburnett@example.com,Northeast,Regular,2022-04-11
C07250,Hunter Peterson,garrettdelgado@example.com,Southwest,New,2024-10-12
C07251,Stephen Banks,kirsten14@example.org,Southwest,VIP,2024-06-29
C07252,Timothy Preston,hicksmary@example.org,Northeast,Regular,2022-02-10
C07253,Paul Wilson,leeanna@example.com,Midwest,At-Risk,2023-01-05
C07254,Hannah Fields,johnsonlisa@example.org,West,At-Risk,2023-06-25
C07255,Joel Pace,ana10@example.org,Southeast,Regular,2023-06-22
C07256,Russell Mccarty,kevindiaz@example.com,West,Regular,2022-05-30
C07257,Joseph Newton,sandovalkeith@example.com,Midwest,VIP,2024-05-07
C07258,Patricia Russo,wcarroll@example.net,Southeast,Regular,2024-12-10
C07259,Gerald Fox,trujilloross@example.org,Northeast,Regular,2024-05-30
C07260,Mr. Benjamin Moreno PhD,karen00@example.net,Southwest,Regular,2023-12-17
C07261,Anthony Grimes,omendoza@example.org,Northeast,Regular,2024-02-23
C07262,Danielle Jones,gary92@example.org,Northeast,New,2023-04-26
C07263,Matthew Thomas,michaelnielsen@example.net,Southwest,Regular,2024-03-19
C07264,Lisa Baker,kduncan@example.org,Northeast,Regular,2022-05-31
C07265,Robert Conrad,lewisjessica@example.net,Midwest,Regular,2024-01-14
C07266,Rebecca Herrera,ycampbell@example.org,Southwest,At-Risk,2022-09-08
C07267,Devon Hill,michael76@example.net,Northeast,Regular,2023-01-22
C07268,Eric Benton,dana91@example.net,Southeast,Regular,2023-03-08
C07269,Benjamin Powers,mary10@example.com,Southwest,At-Risk,2022-08-29
C07270,Robert Robinson,pluna@example.com,Midwest,Regular,2022-02-11
C07271,Antonio Whitehead,john41@example.net,Southeast,Regular,2024-05-02
C07272,Daniel Green,gwoods@example.net,West,Regular,2024-11-18
C07273,Summer Vazquez,colleencastillo@example.org,Midwest,New,2023-03-27
C07274,Jason Roberson,robertjones@example.org,Northeast,Regular,2023-11-16
C07275,Shane Smith,ywebb@example.net,Southeast,Regular,2022-08-01
C07276,Amanda Wyatt,dwilson@example.com,West,Regular,2022-08-30
C07277,Teresa Miller,lbowen@example.org,Northeast,Regular,2024-11-27
C07278,Matthew Peters,brendascott@example.com,Southeast,New,2024-10-27
C07279,Teresa Hernandez,jeffrey59@example.com,Midwest,Regular,2024-08-18
C07280,Kathleen Smith,lharris@example.org,Southwest,Regular,2024-01-05
C07281,Rebecca Suarez,wayne02@example.org,Northeast,New,2022-01-15
C07282,Paul Hernandez,ryan15@example.org,Southeast,Regular,2023-04-20
C07283,Jared Lopez Jr.,audreymoreno@example.net,West,Regular,2024-09-28
C07284,Franklin Wiggins,rbaker@example.org,Southeast,Regular,2023-08-08
C07285,Michael Hartman,wross@example.net,Midwest,New,2022-10-06
C07286,Jacqueline Harris,petergonzales@example.com,West,Regular,2022-09-06
C07287,Matthew Sellers,george84@example.net,Southeast,Regular,2024-03-12
C07288,Richard Monroe,murphyjulie@example.org,West,New,2023-04-23
C07289,Daniel Khan,adam07@example.org,Southwest,VIP,2022-05-10
C07290,Patricia Lowe,michellegibbs@example.org,Midwest,Regular,2023-05-03
C07291,Rodney Meyer,taylorbrenda@example.net,West,Regular,2023-05-31
C07292,Daniel Butler,vrowland@example.org,Northeast,Regular,2024-09-13
C07293,Robert Silva,terrimoore@example.com,West,Regular,2023-12-30
C07294,Travis Cruz,tanyahill@example.com,West,New,2024-02-20
C07295,Adam Jackson,dfigueroa@example.net,Southwest,At-Risk,2023-08-02
C07296,Miss Nicole Vasquez,msmith@example.net,Northeast,Regular,2024-05-21
C07297,Paul Gross,cochranpaul@example.com,Southwest,Regular,2022-12-14
C07298,Yolanda Mckee MD,mark86@example.org,West,Regular,2022-08-18
C07299,Danielle Harris,deborahjones@example.net,West,Regular,2024-09-05
C07300,Jonathon Holmes,johnsondonna@example.org,Northeast,Regular,2022-11-04
C07301,Michael Bautista,patrickkeller@example.org,Southeast,New,2023-12-17
C07302,Joseph Harding,sierra40@example.com,Midwest,New,2023-05-08
C07303,Dr. Derrick Dominguez PhD,tallen@example.net,Southwest,Regular,2024-03-27
C07304,Jay Norton,ogardner@example.org,Northeast,VIP,2022-10-24
C07305,Nicholas Mitchell,andre72@example.net,Southeast,Regular,2022-06-29
C07306,Emily Hicks,kimberlyjones@example.com,Northeast,Regular,2024-12-19
C07307,Stacy Chen,joel22@example.org,Southwest,Regular,2024-11-16
C07308,Steven Douglas,sharpmichael@example.net,West,Regular,2024-11-27
C07309,Allison Clay,pwhite@example.org,Midwest,At-Risk,2023-07-16
C07310,Daniel Chaney,rodriguezfernando@example.org,Southeast,Regular,2023-12-05
C07311,Jacob Barber,james30@example.com,Northeast,Regular,2023-02-21
C07312,Michelle Robinson,bgarrett@example.net,West,Regular,2022-12-25
C07313,Matthew Johnson,johnsonkara@example.com,Southeast,Regular,2024-09-02
C07314,Brandon Ruiz,doughertymark@example.org,West,Regular,2024-02-17
C07315,Michael Cowan,jonathan74@example.com,Southeast,Regular,2022-04-18
C07316,Kirk Price,terri21@example.org,Southeast,Regular,2024-04-25
C07317,Leah Carter,vmiles@example.org,Northeast,At-Risk,2022-12-10
C07318,Kim Mitchell,christopher73@example.org,Southwest,New,2023-07-28
C07319,Rebecca Harper,robertstara@example.com,Midwest,Regular,2023-05-12
C07320,Scott Wright,josephthompson@example.org,Southwest,Regular,2024-02-06
C07321,Ashley Johnson,kwilson@example.com,Midwest,Regular,2022-12-19
C07322,Courtney Powers,julie76@example.com,Southeast,At-Risk,2024-05-25
C07323,Terry Hampton,sydneymitchell@example.com,Northeast,Regular,2022-02-14
C07324,Kelli Avery,debrasmith@example.net,Northeast,At-Risk,2024-08-22
C07325,Adam Blake,gregory48@example.net,Midwest,VIP,2024-11-04
C07326,Richard Hobbs,jessicathornton@example.org,Southwest,Regular,2023-05-23
C07327,Dennis Glenn,jordan74@example.com,Southeast,Regular,2024-07-31
C07328,Paul Erickson,kbeasley@example.net,Midwest,Regular,2024-10-15
C07329,Victoria Martinez,tracey74@example.org,West,Regular,2024-07-07
C07330,Melissa Stanley,hogankristi@example.org,Northeast,Regular,2023-06-27
C07331,Michael Pace,vpearson@example.com,Midwest,Regular,2024-02-22
C07332,Richard Aguirre,angela20@example.com,Southwest,New,2023-05-16
C07333,Adam Hayes MD,anthonyanderson@example.net,Southeast,At-Risk,2024-12-23
C07334,Monique Butler,zsmith@example.org,Southeast,Regular,2024-11-06
C07335,Kathryn Rogers,ramirezashley@example.net,Southwest,Regular,2023-03-18
C07336,Dana Kirby,hernandezphilip@example.com,Midwest,New,2024-07-06
C07337,Michael Perez,dennisbailey@example.com,Southwest,New,2024-10-10
C07338,Jennifer Torres,hollybennett@example.org,Southwest,Regular,2022-10-08
C07339,Michael Cruz,elizabethjohnson@example.org,Southwest,Regular,2022-01-24
C07340,Gary Smith,iduarte@example.net,Southwest,At-Risk,2023-07-02
C07341,Morgan Clark,rhall@example.org,Northeast,Regular,2023-02-08
C07342,Ronald Coleman,icox@example.org,Southeast,At-Risk,2024-12-03
C07343,Marissa Rowe,wjones@example.net,Southwest,New,2022-12-09
C07344,Cathy Holmes,jgreen@example.net,Northeast,At-Risk,2022-11-24
C07345,Ashley Noble,hickmanmelanie@example.com,Midwest,Regular,2023-01-25
C07346,Jacob Dillon,fsanders@example.net,West,New,2023-09-22
C07347,Joshua Johnson,ylewis@example.net,Northeast,New,2024-12-23
C07348,Patricia Williams,jillwhite@example.net,West,At-Risk,2024-11-30
C07349,Kevin Mosley,katrinapennington@example.net,Northeast,Regular,2023-01-16
C07350,Kenneth Graham,kathrynrodriguez@example.net,Southwest,Regular,2024-06-27
C07351,Ashley Fischer,julie58@example.com,Southwest,Regular,2022-06-14
C07352,Matthew Vincent,scooper@example.com,Northeast,Regular,2024-01-27
C07353,Michelle Bonilla,jhoffman@example.org,Midwest,Regular,2024-04-15
C07354,Caleb Hunter,clarkkimberly@example.org,Midwest,Regular,2023-11-25
C07355,Cassandra Glover,brian01@example.com,Southwest,Regular,2022-07-29
C07356,Diana Duke,lisadeleon@example.org,Midwest,Regular,2023-12-27
C07357,Stephanie Moore,martinedward@example.net,Northeast,Regular,2023-11-18
C07358,Mr. Nicholas Russo MD,rickyporter@example.net,Southeast,VIP,2022-04-01
C07359,Amber Parrish,campbellanthony@example.org,Southeast,Regular,2024-01-19
C07360,Ashley Pruitt,hudsonricardo@example.net,Northeast,Regular,2022-09-04
C07361,Joseph Swanson,hollywyatt@example.org,Southeast,New,2023-04-14
C07362,Thomas Kirk,clewis@example.org,West,Regular,2023-03-08
C07363,Richard Wolfe,ianmolina@example.net,Southeast,New,2023-04-11
C07364,Judith Gill,laurenyates@example.org,Southeast,VIP,2022-10-09
C07365,Dave Davidson,larry77@example.net,Midwest,Regular,2023-09-20
C07366,Tina Kaiser,brandonwilliams@example.org,Midwest,Regular,2024-07-14
C07367,Timothy Gibson,alarson@example.org,Southeast,Regular,2024-04-13
C07368,Matthew Garcia,benjaminsmith@example.net,Southwest,Regular,2024-03-02
C07369,Kyle Lee,zhuynh@example.org,Southeast,Regular,2023-09-25
C07370,Amanda Stevenson,jhogan@example.com,Midwest,Regular,2023-06-02
C07371,Stephen Davidson,hmeyer@example.com,Northeast,Regular,2022-06-24
C07372,Catherine Conley,vaughnbryan@example.net,West,At-Risk,2024-01-25
C07373,Karen Cooper,ian46@example.net,Northeast,Regular,2023-03-26
C07374,Lucas Rodgers,rhowell@example.net,Midwest,VIP,2022-09-04
C07375,Gabriel Brooks,rita65@example.org,Northeast,Regular,2024-12-14
C07376,Christopher Howard PhD,christy09@example.org,Southwest,Regular,2023-04-19
C07377,Elizabeth Green,kimberly64@example.net,Southwest,Regular,2022-01-19
C07378,Mrs. Elizabeth Wells,gonzalesjeffrey@example.com,Northeast,Regular,2024-04-28
C07379,Rebecca Hall,tmoss@example.net,West,Regular,2023-08-25
C07380,Jacqueline Estes,costajohnny@example.org,Midwest,Regular,2024-01-17
C07381,Paul Conner,carlmendez@example.com,West,New,2023-10-06
C07382,Tyler Anderson,melissa47@example.com,Southeast,VIP,2023-08-14
C07383,Amanda Medina,robert45@example.org,West,VIP,2023-07-07
C07384,Alexandra Pierce,kathleen91@example.org,Midwest,Regular,2024-03-16
C07385,Charles Murillo,cruiz@example.org,Southeast,Regular,2022-09-22
C07386,Nicholas Jensen,smclean@example.org,Midwest,Regular,2024-09-22
C07387,Marissa Robles,glennfrench@example.net,Midwest,Regular,2023-11-02
C07388,Charlene Little,ulandry@example.org,West,At-Risk,2024-07-06
C07389,Matthew Andersen,stacie28@example.net,West,Regular,2023-06-17
C07390,Kevin Watkins,thomaschelsea@example.com,Northeast,Regular,2022-04-16
C07391,Christopher Richards,fesparza@example.net,Southeast,New,2023-03-26
C07392,Timothy Nelson,btaylor@example.com,Midwest,Regular,2022-10-09
C07393,Adam Fernandez,hallkaren@example.net,West,Regular,2022-06-29
C07394,Kimberly Reynolds,vberger@example.net,Southwest,Regular,2024-08-08
C07395,Derek Walker,xavila@example.com,Southwest,Regular,2024-05-25
C07396,Kim Roberson,brian15@example.com,Southeast,Regular,2022-10-26
C07397,Kimberly Payne,wallacejustin@example.com,West,Regular,2023-05-25
C07398,Susan Robinson,jamiewilcox@example.com,Southwest,Regular,2023-10-26
C07399,Julie Wong,amy79@example.net,Midwest,Regular,2024-06-21
C07400,Veronica Fuller,kevin96@example.com,Southeast,Regular,2024-03-18
C07401,Alex Evans,doylerobert@example.net,Midwest,Regular,2024-10-06
C07402,Lori Hooper,miranda08@example.net,Southeast,Regular,2024-08-29
C07403,Nicole Johnson,shawn44@example.org,Northeast,Regular,2023-03-01
C07404,Jacob Ruiz,woodsmary@example.org,Northeast,Regular,2023-08-22
C07405,Penny Hunter,angelalawson@example.org,Southeast,Regular,2023-04-11
C07406,Pedro Greene,victoriagonzales@example.org,Northeast,Regular,2023-07-24
C07407,Derek Moore,lleon@example.net,Northeast,New,2022-08-07
C07408,Tara Hodge,michaelmills@example.org,West,Regular,2024-06-12
C07409,Michelle James,marygreen@example.com,Southeast,Regular,2023-05-27
C07410,Wanda Moore,rosschristopher@example.net,West,Regular,2024-08-20
C07411,Stephen West,aaronsmith@example.net,West,Regular,2022-05-27
C07412,Jocelyn Reed,paul34@example.com,Southwest,Regular,2023-11-15
C07413,Donna Diaz,jeanwilliams@example.com,Southeast,Regular,2024-12-13
C07414,Troy Anderson,cmurphy@example.net,Southeast,Regular,2024-06-25
C07415,Joseph White,michelehicks@example.org,Northeast,New,2023-10-14
C07416,Wayne Sullivan,briangonzales@example.net,Northeast,Regular,2022-03-03
C07417,David Miller,sean09@example.org,Midwest,Regular,2022-10-07
C07418,David Wilson,gcharles@example.org,Southwest,Regular,2022-03-19
C07419,Henry Lopez,walkermonica@example.com,Southeast,Regular,2024-06-08
C07420,Sarah Hudson,josecampbell@example.net,Midwest,Regular,2022-07-23
C07421,Diane Watts,leemichael@example.org,Midwest,Regular,2022-12-13
C07422,Jamie Young,andersonzachary@example.org,Southwest,Regular,2023-01-06
C07423,Lisa Collier,catkinson@example.com,Southeast,New,2024-10-17
C07424,Janice Jackson,dunnnancy@example.net,Southwest,New,2023-01-16
C07425,Michael Jackson,turnermichael@example.com,Southwest,New,2023-09-20
C07426,Jill Richards,kimmontgomery@example.net,Southwest,At-Risk,2022-06-22
C07427,Mr. Christopher Hill,taylordon@example.org,Southwest,Regular,2022-04-27
C07428,Jeremiah Lewis,bethgarcia@example.net,Northeast,VIP,2024-06-18
C07429,Jason Robinson,shawn56@example.com,Northeast,New,2024-12-03
C07430,Heather Griffin,morrisondawn@example.org,West,Regular,2024-03-10
C07431,Sandra Hernandez,millerdenise@example.net,Midwest,Regular,2024-08-07
C07432,Michele Mitchell,mahoneymatthew@example.net,Southeast,Regular,2024-01-23
C07433,Matthew Myers,lwagner@example.com,West,Regular,2023-09-17
C07434,John Davis,vlong@example.com,Southeast,Regular,2023-02-13
C07435,Gregory Cruz,jamesconley@example.org,Midwest,New,2023-05-25
C07436,Julie Harris,charlesdennis@example.com,Northeast,VIP,2022-02-15
C07437,Jermaine Guzman,tanya24@example.com,Northeast,Regular,2024-07-21
C07438,Jody Thompson,juliawatson@example.net,Southwest,At-Risk,2023-12-13
C07439,Brian Gill,knightkrista@example.org,Midwest,Regular,2023-12-28
C07440,Barbara Griffin,deckershawn@example.net,Midwest,Regular,2023-06-11
C07441,Diana Garcia,bduke@example.com,Southwest,Regular,2024-10-30
C07442,Heidi Lee,aellis@example.org,Southeast,VIP,2023-09-15
C07443,Jennifer Ray,pdavenport@example.org,Southwest,Regular,2024-11-16
C07444,Leon Matthews,vbriggs@example.net,Southeast,New,2024-04-20
C07445,Teresa Brown,arthur91@example.com,Southwest,Regular,2023-11-09
C07446,Caroline Cunningham,michellesmith@example.com,Southeast,Regular,2023-03-05
C07447,Ashley King,tlee@example.net,Northeast,Regular,2023-08-24
C07448,Erika Marshall,nathaniel37@example.org,Southeast,Regular,2022-06-15
C07449,Joanne Smith,crystalharrison@example.net,Northeast,Regular,2023-11-07
C07450,Jerry Frank,rick19@example.com,Southwest,At-Risk,2022-08-05
C07451,Ryan Liu,garnerraymond@example.net,Northeast,Regular,2023-03-30
C07452,Kara Klein,lvaldez@example.net,Southeast,Regular,2024-08-19
C07453,David Rice,adelgado@example.net,Southeast,Regular,2022-08-04
C07454,Kimberly Walter,sbrown@example.com,West,Regular,2024-06-21
C07455,Jared Dunn,schaeferalexandra@example.com,Southwest,Regular,2023-09-26
C07456,Jeremy Miller,christopher71@example.com,Southeast,Regular,2024-09-26
C07457,Christian King,bruce80@example.net,Southwest,Regular,2022-11-21
C07458,Dustin Newman,colleensmith@example.com,Northeast,At-Risk,2022-08-28
C07459,Tonya Perkins,nwilson@example.net,West,Regular,2022-06-11
C07460,Kerry Patton Jr.,kwood@example.org,Southeast,New,2023-09-19
C07461,Nicholas Lamb,frank85@example.org,Northeast,VIP,2023-03-15
C07462,Lisa Gonzalez,bradydustin@example.com,West,Regular,2024-11-25
C07463,William Newman,iadams@example.org,Northeast,Regular,2024-08-25
C07464,David Smith,beverlyjuarez@example.net,Northeast,Regular,2022-11-11
C07465,Timothy Phillips,tinawebb@example.org,Northeast,New,2022-04-22
C07466,Brandi Barrett,ihoffman@example.com,West,Regular,2022-10-07
C07467,Wendy Rivera,jessicaballard@example.com,West,Regular,2024-12-21
C07468,Tammy Salazar,jenniferreed@example.com,West,VIP,2023-09-13
C07469,Brent Williams,kenneth63@example.org,Northeast,Regular,2024-01-02
C07470,Christian Weaver,joneskimberly@example.org,Southwest,Regular,2024-10-18
C07471,Michael Mcdonald,karen35@example.com,Southwest,Regular,2023-06-13
C07472,Robert Hoffman,cgregory@example.org,Southwest,New,2023-03-05
C07473,Amber Gonzalez,pachecogina@example.com,Midwest,Regular,2024-08-10
C07474,Sydney Sanchez,halejamie@example.org,Southwest,Regular,2022-03-22
C07475,Christine Edwards,kristyyoung@example.net,Southeast,Regular,2022-10-10
C07476,Jesse Nguyen,cochoa@example.com,Midwest,New,2024-08-25
C07477,Carl Campbell,charlesskinner@example.com,Southwest,New,2024-10-23
C07478,Ricky Saunders,allenflores@example.org,West,New,2023-02-15
C07479,Erin White,tristan73@example.net,Northeast,Regular,2024-09-17
C07480,Kelli Rose,pcasey@example.net,Northeast,At-Risk,2022-04-07
C07481,Vanessa Jennings,sweeneymarvin@example.net,Southwest,Regular,2022-01-27
C07482,Linda Long,jose18@example.com,Northeast,Regular,2022-08-10
C07483,Alyssa Obrien,jaguilar@example.org,Southeast,Regular,2023-09-21
C07484,Mark Harmon,dale85@example.net,Northeast,Regular,2023-05-28
C07485,Karen Harris,garrisonkenneth@example.org,Southeast,Regular,2022-04-01
C07486,Richard Morris,scottmartinez@example.org,Midwest,Regular,2024-03-20
C07487,Ana Mills,vwoods@example.net,Southwest,New,2022-07-17
C07488,Jonathan Rose,kirstenfischer@example.net,Southeast,New,2023-04-26
C07489,Christina Moore,lholt@example.net,West,New,2023-08-30
C07490,Brandon Dunn,rodriguezkyle@example.org,West,Regular,2023-12-08
C07491,Christopher Weaver,ucoleman@example.org,Midwest,Regular,2023-01-14
C07492,Nancy Meza,umorales@example.com,Southeast,New,2024-05-11
C07493,Marissa Johnston,valenzuelajacob@example.org,Midwest,Regular,2023-10-25
C07494,Gregory Henson,osavage@example.org,West,Regular,2024-05-15
C07495,Christopher Allen,alejandro71@example.com,Midwest,VIP,2024-11-17
C07496,John Ferguson,fergusonkimberly@example.net,Midwest,Regular,2022-12-11
C07497,Tyler Gonzalez,karendavies@example.com,Southwest,Regular,2024-10-05
C07498,Patricia Stark,mcconnelljohn@example.com,Northeast,Regular,2022-07-03
C07499,Joseph Torres,carolyn79@example.com,West,New,2023-03-17
C07500,Sarah Buck,reyesmatthew@example.org,Northeast,Regular,2023-08-27
C07501,Robert Simpson,owensbenjamin@example.com,Midwest,Regular,2023-11-08
C07502,Tim Peck,nhernandez@example.net,West,Regular,2022-07-29
C07503,Courtney Williams,hamiltonsarah@example.org,Southeast,Regular,2024-02-15
C07504,Megan Martinez,williamstewart@example.org,Southwest,Regular,2022-10-17
C07505,Frank Jenkins,travisrodriguez@example.com,West,Regular,2023-08-03
C07506,Craig Kelly,monicaroberts@example.net,Southeast,New,2024-05-24
C07507,Cheryl Martin,robertsmith@example.com,Midwest,Regular,2023-05-15
C07508,Guy Ruiz,ralphcampbell@example.net,Midwest,New,2022-05-03
C07509,Shannon Walsh,april31@example.net,West,Regular,2022-08-07
C07510,Kimberly York,lbuchanan@example.com,Midwest,Regular,2023-03-05
C07511,Danielle Wright,jjohnson@example.com,Midwest,At-Risk,2022-05-25
C07512,Zachary Mora,bmueller@example.net,Southwest,Regular,2024-06-28
C07513,Mariah Cobb,herreraangel@example.org,Northeast,Regular,2024-03-15
C07514,Daniel Diaz,sanchezandrew@example.com,Northeast,VIP,2022-01-31
C07515,Mark Holland,rgross@example.net,Northeast,At-Risk,2023-03-23
C07516,Stephen Richards,pattersonchristopher@example.net,Southeast,New,2023-12-25
C07517,Emily Parker,andre84@example.com,Midwest,Regular,2024-04-22
C07518,Christina Gordon,lopezmartin@example.org,Northeast,Regular,2024-07-12
C07519,Amy Strong,vlutz@example.net,West,Regular,2024-06-16
C07520,Leslie Anderson,sean80@example.org,Southwest,Regular,2023-07-17
C07521,Mr. Justin Massey,rogerskelly@example.org,Midwest,Regular,2023-07-05
C07522,Jay Salinas,tcooper@example.com,West,Regular,2024-05-15
C07523,Samantha Hammond,harpermark@example.com,West,At-Risk,2024-11-22
C07524,Ryan Castillo,htodd@example.net,Southwest,Regular,2022-07-19
C07525,Kelly Davenport,cmorrow@example.net,Northeast,Regular,2023-04-24
C07526,Mrs. Sally Frey MD,amylucas@example.net,Southeast,At-Risk,2023-04-16
C07527,Virginia Moore,samanthadunn@example.org,Northeast,Regular,2024-05-03
C07528,Jimmy Gomez,kathryn43@example.com,West,Regular,2023-02-12
C07529,John Schmidt,ohudson@example.com,Midwest,At-Risk,2023-07-22
C07530,Bruce Todd,karatorres@example.net,Southeast,Regular,2024-02-23
C07531,Rebecca Miller,umann@example.org,West,Regular,2023-06-15
C07532,Amanda Peters,lorikerr@example.net,West,Regular,2024-05-17
C07533,Kelli Edwards,juliasmith@example.com,West,Regular,2024-05-28
C07534,Robin Strickland,jperez@example.net,Southwest,Regular,2022-12-12
C07535,Joy Cole,jennifermartin@example.net,Northeast,Regular,2024-02-06
C07536,Maxwell Ramos,ireynolds@example.com,Southeast,At-Risk,2024-05-05
C07537,Daniel Rogers,jharris@example.net,Southwest,New,2024-01-17
C07538,Rebecca James,tunderwood@example.org,Midwest,New,2023-04-30
C07539,Yolanda Brown,gouldfelicia@example.net,Southeast,VIP,2022-12-06
C07540,Elizabeth Small,fjohnson@example.net,Southeast,Regular,2024-05-07
C07541,Fred Taylor,graycarl@example.net,Midwest,New,2024-09-01
C07542,Lisa Kidd,jashley@example.org,Southeast,Regular,2023-01-22
C07543,Jamie Patton,watsonariel@example.com,Southwest,Regular,2024-01-02
C07544,Paul Taylor,pblanchard@example.net,Northeast,New,2024-03-08
C07545,Denise Yang,estradastephen@example.com,Midwest,Regular,2022-10-14
C07546,Kiara Smith,moorerichard@example.com,Southwest,Regular,2023-03-24
C07547,David Downs,linda17@example.org,Southeast,Regular,2024-10-19
C07548,Christine Lucas,tscott@example.com,Northeast,Regular,2023-05-28
C07549,Tammy Wilson,patrickcrawford@example.net,Southwest,Regular,2023-03-31
C07550,Rachel Golden,kcombs@example.org,Southwest,Regular,2023-05-05
C07551,Christopher Turner,ssmith@example.com,West,Regular,2022-12-25
C07552,Christine Carr,keith91@example.org,West,Regular,2023-08-25
C07553,Bryan Smith,ascott@example.net,Southwest,Regular,2023-11-16
C07554,Brandon Lowe,samuelyoung@example.net,Midwest,New,2024-12-12
C07555,Sandra Hernandez,kmcfarland@example.net,Northeast,Regular,2022-12-10
C07556,Catherine Campbell,elizabeth32@example.net,West,At-Risk,2023-01-05
C07557,Jill Griffin,jonathanharding@example.net,West,Regular,2022-03-02
C07558,Alexandria Brown,kimberlyoconnell@example.org,Midwest,Regular,2024-02-28
C07559,Bradley Murray,goodsamuel@example.org,Midwest,Regular,2022-08-25
C07560,Joseph Griffin,jenniferware@example.net,West,New,2024-05-14
C07561,Ebony Evans,brewerchristine@example.com,Midwest,Regular,2022-03-30
C07562,Bethany Armstrong,vjohnson@example.net,Southeast,At-Risk,2024-07-19
C07563,James Foster,wrightjo@example.net,West,Regular,2024-10-25
C07564,Suzanne Miller,carriewarner@example.net,Southeast,New,2023-01-05
C07565,Jamie Mason,elizabethmacias@example.net,Southeast,Regular,2022-07-18
C07566,John Todd,ysmith@example.org,West,At-Risk,2024-02-14
C07567,Jessica Johnson,daniel40@example.org,Northeast,Regular,2024-03-14
C07568,Wesley Moon,bakertimothy@example.org,Midwest,Regular,2022-04-02
C07569,Wendy Collins,kellymills@example.org,West,New,2023-01-02
C07570,Mitchell Gonzalez,robert68@example.org,West,At-Risk,2024-11-05
C07571,Timothy Brown,rebeccabailey@example.net,Northeast,Regular,2023-03-11
C07572,Clifford Mcgee,ubrandt@example.org,Midwest,Regular,2023-12-03
C07573,Michael Vincent,leah27@example.com,Southwest,Regular,2024-10-01
C07574,Katie Peterson,rhill@example.net,Midwest,Regular,2024-09-02
C07575,Anita Short,jamesshaffer@example.net,Northeast,Regular,2024-04-01
C07576,Amy Klein,lawrencelaura@example.com,Northeast,At-Risk,2024-02-11
C07577,Shannon Smith,evankennedy@example.org,Midwest,VIP,2022-12-09
C07578,John Randall,deannarogers@example.org,Southwest,Regular,2022-11-22
C07579,Mia Davis,milesmicheal@example.org,Midwest,Regular,2023-05-22
C07580,Kathy Parker,jacobmckenzie@example.com,Midwest,Regular,2022-07-29
C07581,Ana Parker,amy79@example.org,Southwest,Regular,2022-06-19
C07582,Mark Schmidt,leslie38@example.org,Southeast,Regular,2024-03-13
C07583,Robert Myers,irice@example.org,West,Regular,2023-03-25
C07584,Robin Wright,mckinneychristopher@example.net,Northeast,Regular,2024-07-07
C07585,Travis Santos,hayeskatie@example.org,Northeast,Regular,2022-08-12
C07586,Erica Williams,choithomas@example.com,West,VIP,2023-05-05
C07587,Mackenzie Anderson,obailey@example.org,Northeast,Regular,2023-07-26
C07588,Amy Hodge,ohernandez@example.com,Southeast,New,2024-08-06
C07589,Amanda Weiss,jshepard@example.net,Southeast,Regular,2024-12-20
C07590,Clarence Ponce PhD,creed@example.org,Southeast,Regular,2023-12-24
C07591,Helen Knapp,jessica43@example.org,West,At-Risk,2023-06-04
C07592,Amy Hernandez,heather48@example.net,Northeast,Regular,2024-12-02
C07593,Jason Morgan,qcollier@example.net,Southwest,At-Risk,2023-06-02
C07594,Jessica Clements,utodd@example.org,West,New,2022-08-23
C07595,Bonnie Thompson,christine09@example.net,Southeast,Regular,2024-05-05
C07596,Michael Walker,lopezandrea@example.org,Southwest,Regular,2022-09-04
C07597,Mr. Adam Boyer,jane63@example.org,Southwest,Regular,2024-09-21
C07598,Mary Lee,tpennington@example.net,Midwest,Regular,2023-03-23
C07599,Shawn Jones,robertsdiane@example.org,West,Regular,2023-12-01
C07600,Sarah Miller,sophiabrewer@example.com,Southeast,Regular,2024-09-06
C07601,Eric Miller,moodygary@example.com,Midwest,Regular,2023-02-19
C07602,Karen Miller,carolfox@example.net,West,Regular,2022-07-24
C07603,Debra Thomas,schwartzcrystal@example.net,Southwest,VIP,2022-05-29
C07604,Jacob Pearson,ublair@example.net,Southwest,Regular,2023-12-08
C07605,James Velasquez,griffintina@example.com,West,Regular,2023-11-27
C07606,Patrick Norris,linda81@example.com,West,Regular,2022-01-20
C07607,Tyler Brown,ccaldwell@example.org,Midwest,New,2023-03-11
C07608,Julie Santos,zacharyvillanueva@example.org,Northeast,Regular,2023-06-26
C07609,Eddie Hutchinson,jensenthomas@example.net,West,Regular,2022-04-30
C07610,Matthew Harris,snyderrobert@example.net,Southeast,Regular,2024-05-10
C07611,Joshua Adams,lmaddox@example.org,West,Regular,2022-07-29
C07612,Brenda Rogers,dsalazar@example.com,Northeast,New,2024-09-23
C07613,Christopher Taylor,debbiebullock@example.com,Southwest,Regular,2023-03-26
C07614,Mr. Darin Nicholson MD,michael51@example.net,Northeast,Regular,2024-12-04
C07615,Gregory Marsh,catherine59@example.net,Northeast,New,2024-06-22
C07616,Susan Kim DDS,vasquezadam@example.org,Southeast,Regular,2023-02-12
C07617,Karen Bush,scottbates@example.org,Southwest,Regular,2022-03-18
C07618,Michael Stokes,andersondaniel@example.org,Midwest,Regular,2022-05-24
C07619,Brenda Fisher,turnerscott@example.net,Midwest,Regular,2024-12-12
C07620,Crystal Baker,zlewis@example.net,Southeast,New,2024-09-15
C07621,Gary Lawson,christopher80@example.com,Southeast,Regular,2023-08-05
C07622,Annette Wright,garrisonjose@example.net,Southeast,Regular,2023-08-17
C07623,Amber Jones,jdillon@example.net,Southwest,Regular,2022-09-04
C07624,James Watson,cmoore@example.org,Southeast,New,2023-08-19
C07625,Michael Allen,christopher17@example.org,Northeast,VIP,2023-03-30
C07626,Stephanie Thomas,wilsonwayne@example.com,Southeast,Regular,2022-01-28
C07627,Zachary Henderson,gregoryolson@example.net,Northeast,Regular,2023-11-24
C07628,Carol Simpson,omaynard@example.com,Southwest,Regular,2024-09-04
C07629,John Santiago,hvalentine@example.net,West,Regular,2023-11-17
C07630,William Martin,michelle75@example.net,West,Regular,2022-10-26
C07631,David Curtis,stephen12@example.org,Midwest,Regular,2022-11-23
C07632,Tracy Hamilton,shuber@example.org,Southeast,Regular,2022-09-10
C07633,Jonathan Fry,yvonnebranch@example.net,Northeast,Regular,2022-01-11
C07634,Matthew Thompson,andersonbarbara@example.org,Midwest,Regular,2022-12-21
C07635,Lauren Robertson,nicolemckinney@example.com,West,Regular,2024-02-29
C07636,Cory Haney,tbruce@example.com,Northeast,Regular,2023-08-03
C07637,Jim Gordon,robyn58@example.net,Midwest,New,2022-04-12
C07638,Oscar Hunter,olivia46@example.org,Southeast,New,2024-10-14
C07639,Amanda Robinson,burnsrobert@example.com,Southeast,Regular,2022-09-22
C07640,Johnny Harris,matthewdouglas@example.com,Southwest,Regular,2022-01-17
C07641,Robert Harrison,rushtheresa@example.net,West,At-Risk,2024-07-26
C07642,Denise Blackburn,scotthebert@example.net,Southwest,New,2024-07-22
C07643,Emily Carey MD,amanda75@example.net,Northeast,Regular,2023-05-14
C07644,Samantha Morse,lferguson@example.com,Southwest,Regular,2023-12-29
C07645,Kimberly Williams,warrenjessica@example.net,Midwest,Regular,2022-11-30
C07646,Michael Lawrence,kathywilson@example.org,Southeast,Regular,2022-03-09
C07647,Robert Fowler,robertrodriguez@example.net,West,Regular,2022-08-12
C07648,Jill Watts,smithjustin@example.net,Southeast,Regular,2024-09-28
C07649,Lonnie Garcia,sriley@example.com,Southwest,Regular,2023-05-16
C07650,Scott Alvarado,vbuckley@example.net,Southwest,Regular,2024-11-29
C07651,Steven Gomez,bsanford@example.org,Southeast,Regular,2022-08-01
C07652,Glenn Stewart,jennifer54@example.net,West,Regular,2023-01-20
C07653,Katie Ferguson,jennifer71@example.org,West,Regular,2024-05-14
C07654,Andrew Smith,ccampbell@example.net,Southeast,Regular,2022-06-11
C07655,Mark Garcia,jose70@example.net,Southeast,Regular,2024-10-15
C07656,Jose Smith,denisesmith@example.net,Northeast,Regular,2022-01-04
C07657,Monica Watkins,rarmstrong@example.com,Southeast,Regular,2023-02-14
C07658,Christopher Rhodes,pamela21@example.org,West,New,2022-12-07
C07659,Jennifer Costa,swhite@example.com,Southeast,Regular,2022-05-02
C07660,Caleb Fisher,darren63@example.com,Southwest,New,2023-12-23
C07661,Mrs. Barbara Galvan,ronald47@example.net,Southwest,Regular,2022-11-13
C07662,Sabrina Henry,robertyoung@example.net,Northeast,Regular,2023-04-11
C07663,Taylor Lopez,natalie29@example.com,Southeast,Regular,2022-12-07
C07664,Lisa Sampson,shannongordon@example.net,Southwest,Regular,2024-04-14
C07665,Allison Kelly,josephmcneil@example.org,Southwest,Regular,2023-09-13
C07666,Richard Pearson,victoriaburgess@example.net,Southwest,Regular,2024-09-08
C07667,Richard Rangel,stephaniestafford@example.org,West,New,2022-01-07
C07668,James Jones,edwardsjoseph@example.com,Midwest,New,2023-05-17
C07669,Kenneth Gonzalez DDS,uolson@example.com,Midwest,Regular,2023-06-05
C07670,Amanda Rosales,matthew80@example.org,Southwest,Regular,2023-04-01
C07671,Melanie Harrison,yuconnie@example.net,West,New,2022-06-12
C07672,Lucas Mills,mooremary@example.com,Southeast,At-Risk,2023-01-11
C07673,Russell Holt,russell97@example.org,Southeast,Regular,2024-06-30
C07674,Erin White,antoniobrown@example.org,Southeast,Regular,2024-09-17
C07675,Wayne Coffey,pauljacob@example.org,Northeast,New,2022-02-11
C07676,Todd Brown,rmoon@example.com,Northeast,Regular,2023-03-18
C07677,James Jackson,kcook@example.net,Northeast,New,2022-08-17
C07678,Jennifer Hayden,torresjason@example.net,Northeast,Regular,2023-07-31
C07679,Linda Serrano,sarahhuerta@example.org,West,At-Risk,2024-03-06
C07680,Catherine Evans,changjavier@example.com,Northeast,New,2024-07-13
C07681,Jonathan Gonzalez,danielsalazar@example.org,West,Regular,2022-12-08
C07682,Colleen Huang,ehubbard@example.org,West,Regular,2022-07-14
C07683,Ann Dennis,scottandrea@example.org,Southeast,New,2022-11-27
C07684,Mariah Powers,athomas@example.net,Midwest,New,2022-01-09
C07685,Katherine Smith,courtneynichols@example.org,West,New,2023-04-30
C07686,Ronald Yang,anthony09@example.com,Southeast,New,2023-01-07
C07687,Sonia Page,phillipsgina@example.org,Southwest,Regular,2024-12-26
C07688,Jenna Davis,eallen@example.com,Midwest,Regular,2022-03-18
C07689,Harold Padilla,rmartinez@example.com,West,New,2022-05-19
C07690,Johnny Austin PhD,larrygilbert@example.net,Midwest,Regular,2024-12-09
C07691,Michael Hancock PhD,matthew71@example.org,Midwest,Regular,2023-04-04
C07692,Aaron Cook,tracy88@example.com,Southeast,Regular,2024-05-07
C07693,Katherine Atkinson,williamscharles@example.com,Southeast,Regular,2023-07-09
C07694,Raymond Lin,aaronsanchez@example.net,Southeast,Regular,2022-08-18
C07695,Jennifer White,pmarsh@example.org,West,Regular,2024-01-04
C07696,Anthony Phillips,avilacurtis@example.org,Southwest,At-Risk,2023-02-22
C07697,Christopher Dominguez,ymassey@example.net,Southwest,Regular,2023-04-11
C07698,Sierra Chan,karenhenderson@example.com,Southeast,Regular,2022-01-10
C07699,Charles Oconnor,nancy17@example.net,Midwest,VIP,2022-01-20
C07700,Cody Stone,westshannon@example.net,West,Regular,2022-08-05
C07701,Timothy Baker DDS,montesmarisa@example.org,Northeast,Regular,2023-06-23
C07702,John Mckinney,kayla18@example.org,Northeast,At-Risk,2024-02-03
C07703,Cathy Henson,catherineberg@example.com,Northeast,Regular,2022-08-27
C07704,Kristen Church,kcarter@example.net,Midwest,New,2022-12-18
C07705,Robert Mendez,jaredherrera@example.com,Midwest,Regular,2022-08-13
C07706,Brooke Berry,phillipsroy@example.net,Midwest,Regular,2023-02-14
C07707,Glenda Romero,gmcdonald@example.org,Midwest,At-Risk,2023-09-01
C07708,Virginia Carson,annette18@example.com,Southeast,Regular,2024-12-04
C07709,Carrie Perez,bradleyjacqueline@example.net,Midwest,Regular,2023-04-08
C07710,Sarah Hardin,michellegill@example.org,Southwest,Regular,2022-10-02
C07711,Kara Stewart,jamesrobinson@example.org,Southwest,Regular,2022-06-24
C07712,Joshua Brewer,tyler33@example.org,Midwest,Regular,2024-10-22
C07713,Thomas Myers,dylan38@example.net,Southwest,Regular,2024-02-29
C07714,Nancy Parker,fvalencia@example.com,Southeast,Regular,2024-04-13
C07715,Donald Hodge,stephanie24@example.net,Midwest,Regular,2022-10-22
C07716,Karen Garcia,bprice@example.com,West,Regular,2022-03-16
C07717,Julie Peterson,darrellortiz@example.net,Midwest,Regular,2022-05-14
C07718,Brandi Jones,kristine78@example.net,West,Regular,2023-01-25
C07719,Heidi Ortega,omckinney@example.com,Midwest,New,2023-01-14
C07720,Donald Hill,thomasmichele@example.com,Southwest,Regular,2022-12-12
C07721,Kim Burton,duncanclarence@example.net,Midwest,Regular,2023-01-21
C07722,Robert Adams,amanda91@example.com,Southwest,Regular,2024-02-21
C07723,George Mercado,aaronwoods@example.org,Southeast,Regular,2022-09-19
C07724,Isaiah Warner MD,fryjill@example.net,West,VIP,2022-10-03
C07725,Ms. Andrea Ramirez,christopher20@example.org,Southwest,New,2022-11-03
C07726,Dillon Higgins,susanthomas@example.org,Southwest,Regular,2024-05-26
C07727,Eric Ramirez,stevenwest@example.net,Midwest,Regular,2024-05-05
C07728,Christian Blanchard,bmcpherson@example.com,West,Regular,2022-03-03
C07729,Sharon Chavez,kelly08@example.com,Southeast,Regular,2023-01-09
C07730,Bethany Beck,dawnlawson@example.net,Midwest,Regular,2024-02-26
C07731,Gabrielle Morgan,hberg@example.net,West,Regular,2024-02-11
C07732,Matthew Chang,myerstravis@example.net,Southwest,Regular,2024-05-31
C07733,Stephen Stewart,kellersean@example.com,West,Regular,2024-08-27
C07734,Natasha Davis,irivera@example.com,Northeast,Regular,2022-09-15
C07735,Michael Roberson,dannyryan@example.com,Southeast,Regular,2022-06-03
C07736,Carrie Anthony,dannyday@example.net,Midwest,Regular,2024-04-12
C07737,Scott Thompson,elizabethnichols@example.org,West,Regular,2024-05-07
C07738,Tracy Walker,hector41@example.net,Northeast,VIP,2024-09-06
C07739,William Smith,andreawalker@example.org,Midwest,Regular,2023-11-05
C07740,Richard Mercado,taraporter@example.com,Southeast,Regular,2024-08-18
C07741,Noah Pierce,smithlisa@example.net,West,Regular,2023-05-14
C07742,Lance Schultz Jr.,ecollins@example.net,Southeast,Regular,2023-04-19
C07743,Anthony Williams,matthew95@example.com,Southwest,Regular,2023-05-26
C07744,Alisha Kidd,kkelly@example.com,Southeast,Regular,2023-02-02
C07745,Elijah Giles,chelsea88@example.org,Southeast,Regular,2022-09-04
C07746,John White,adambrown@example.com,Midwest,New,2024-06-28
C07747,Carolyn Wilson,smithcourtney@example.org,Midwest,Regular,2024-08-14
C07748,Rebecca Harrell,stevenslaura@example.net,Midwest,Regular,2023-06-05
C07749,Kurt May,melissa57@example.org,West,Regular,2024-06-19
C07750,Gina Cooper,jamiewells@example.org,Northeast,Regular,2022-07-06
C07751,Connie Acosta,vanessamoore@example.com,West,Regular,2022-02-15
C07752,Vanessa Daniel,hrowland@example.com,Southwest,At-Risk,2022-01-04
C07753,Robert Scott,kevin73@example.net,Midwest,Regular,2023-01-12
C07754,Todd Payne,tduncan@example.net,Southeast,Regular,2022-12-22
C07755,Elizabeth Ramirez,ana41@example.com,Southwest,VIP,2024-09-12
C07756,Jonathan Reid,qsutton@example.net,Southwest,Regular,2024-12-15
C07757,Andrea Jenkins,ryansmith@example.net,Southeast,Regular,2024-02-01
C07758,Melissa Williams,bradleyrivers@example.net,Northeast,Regular,2024-04-26
C07759,Randall Aguilar,lmontgomery@example.net,Northeast,Regular,2024-07-31
C07760,Donna Smith,efrederick@example.org,Midwest,Regular,2024-12-15
C07761,Emily Young,wochoa@example.net,Northeast,Regular,2022-07-18
C07762,Steven Wallace,mullinsdenise@example.net,Northeast,New,2022-09-10
C07763,Walter Zuniga,aliciachapman@example.com,Midwest,Regular,2022-03-07
C07764,Amy Manning,kbonilla@example.org,Southeast,Regular,2024-02-15
C07765,Brian Salinas,sevans@example.net,Southwest,Regular,2022-07-17
C07766,Thomas Harris,katrina80@example.net,Southeast,At-Risk,2023-12-04
C07767,William Brown,ycross@example.net,Southeast,Regular,2024-01-09
C07768,David Combs,jeremy87@example.com,Northeast,New,2023-05-27
C07769,Courtney Turner,fisherpatricia@example.net,Midwest,Regular,2022-11-12
C07770,Cynthia Solis,rjones@example.net,Northeast,New,2022-04-21
C07771,Margaret Leach,jason21@example.org,Southwest,Regular,2023-06-16
C07772,Dorothy Williams,savagejerry@example.net,Northeast,Regular,2022-11-26
C07773,April Rhodes,melissa95@example.org,Northeast,Regular,2024-07-26
C07774,Erica Long,gabriel23@example.com,Southeast,Regular,2024-12-25
C07775,Sheila Evans,vincent21@example.net,Midwest,Regular,2023-08-21
C07776,Austin Hanna,martinezheather@example.net,Northeast,At-Risk,2022-02-28
C07777,Antonio Greer,darlenetaylor@example.org,West,New,2023-06-29
C07778,Dean Evans,donald55@example.net,Northeast,Regular,2022-05-12
C07779,Chase Beasley,bellstephanie@example.com,Midwest,Regular,2023-11-29
C07780,Joseph Hawkins,suttonantonio@example.net,Southwest,Regular,2023-10-23
C07781,Ronald Morris,fterry@example.org,West,New,2023-08-24
C07782,Mandy Jenkins,hector78@example.com,Southeast,Regular,2024-01-01
C07783,Brad Wright,cristina04@example.com,Southeast,New,2023-01-09
C07784,Nathan Dean,jimenezbrian@example.net,Southeast,Regular,2023-02-03
C07785,Joseph Yoder,brandonjohnson@example.org,Northeast,VIP,2023-06-25
C07786,David Long,derek24@example.net,Southeast,Regular,2022-09-05
C07787,John Yang,aalvarado@example.org,Southwest,Regular,2023-02-07
C07788,April Galvan,xharris@example.com,Southeast,Regular,2023-08-15
C07789,Thomas Howell,yrobinson@example.net,Midwest,New,2024-05-12
C07790,Jose Hayes,victoria14@example.com,Northeast,Regular,2024-02-06
C07791,Fred Mcbride,bradsmith@example.org,Midwest,VIP,2022-07-28
C07792,Wendy Williams PhD,hamiltonpatricia@example.net,Midwest,Regular,2022-07-07
C07793,Aaron Carpenter,cheryl09@example.org,Southwest,New,2024-06-28
C07794,Joel Acosta,hwoods@example.org,West,At-Risk,2022-07-07
C07795,Sara Moon,csummers@example.net,Southeast,Regular,2023-09-17
C07796,Caitlin Glover,hguerra@example.com,West,At-Risk,2023-05-29
C07797,John Palmer,elizabeth25@example.net,Southeast,Regular,2023-09-30
C07798,Lisa Scott,nashchristopher@example.org,Midwest,Regular,2023-01-20
C07799,Maria Gaines,gregorymiller@example.org,Southeast,Regular,2023-03-19
C07800,Joshua Webb,torresdenise@example.net,Southwest,Regular,2024-08-11
C07801,Crystal Zavala,nmontoya@example.net,Midwest,At-Risk,2022-07-16
C07802,Juan Franco,wmoore@example.org,Southwest,At-Risk,2022-11-07
C07803,Daniel Cruz,kellyhall@example.com,Northeast,Regular,2023-07-30
C07804,Samantha Smith,allisonjustin@example.org,Northeast,Regular,2023-04-06
C07805,Jennifer Moore,stevensmith@example.com,Northeast,Regular,2022-10-16
C07806,Andrew Cooper,qcampbell@example.net,Midwest,VIP,2022-07-31
C07807,Christopher Williams,jessicathomas@example.net,Southeast,Regular,2022-02-12
C07808,Joanne Duncan,ebailey@example.com,Southwest,Regular,2024-01-02
C07809,Mark Winters,frank62@example.net,Midwest,Regular,2024-07-30
C07810,Christopher Lopez,zunigastephanie@example.com,West,Regular,2023-08-16
C07811,Aaron Miller,cenglish@example.com,Southeast,Regular,2024-08-15
C07812,Michael Marks,drussell@example.net,Northeast,Regular,2024-04-28
C07813,Matthew Johnson,victorialewis@example.com,West,Regular,2023-10-24
C07814,Amanda Rasmussen,jdunn@example.net,Midwest,Regular,2022-12-03
C07815,Christie Bishop,berryaaron@example.net,Midwest,New,2024-03-23
C07816,Abigail Peterson,knighteric@example.net,Southeast,Regular,2022-07-13
C07817,Gina Mcmillan,gregory86@example.com,Northeast,New,2023-01-11
C07818,Mark Bryan,danielnelson@example.net,West,New,2023-08-12
C07819,Carol Pierce,duncanmichael@example.org,Southeast,VIP,2024-04-12
C07820,Tanya Hayes,adamlopez@example.com,Northeast,VIP,2023-01-07
C07821,Tyler Wheeler,robertelliott@example.org,Southwest,Regular,2024-05-24
C07822,Christopher Brown,nsmith@example.com,Midwest,New,2024-09-09
C07823,Dustin Berry,annlynch@example.net,Midwest,Regular,2022-09-13
C07824,Natalie Williams,julie12@example.org,Southwest,Regular,2024-11-19
C07825,Caleb Woods,rojasjose@example.org,Northeast,At-Risk,2023-09-16
C07826,Karen Baker,duarterebecca@example.net,Northeast,Regular,2023-06-24
C07827,Christina Wright,johnny40@example.org,Southwest,Regular,2023-08-10
C07828,Connor Brown,brian79@example.org,Southwest,Regular,2024-12-06
C07829,Michelle Fernandez,blakenicole@example.net,Southwest,New,2023-09-25
C07830,Sandra Browning,ayoung@example.net,Northeast,Regular,2022-11-22
C07831,Michelle Randolph,shermanjohn@example.net,Southeast,At-Risk,2022-04-07
C07832,Jessica Gentry,fjones@example.com,Southwest,Regular,2024-01-19
C07833,Amber Collins,charlenelee@example.com,Southwest,New,2024-11-13
C07834,Christopher Martinez,sbrown@example.com,Midwest,Regular,2022-01-13
C07835,Mrs. Ann Walsh,yangwilliam@example.net,Northeast,Regular,2022-05-12
C07836,Ann Young,mckinneyroger@example.com,Southwest,Regular,2023-08-06
C07837,Tracy Murillo,diazjoseph@example.com,Southeast,Regular,2022-01-24
C07838,Stacy Barr PhD,qlowe@example.net,Southeast,New,2022-04-13
C07839,Deborah Bryant,qwalton@example.com,West,Regular,2023-10-19
C07840,Richard Johnson,laurapalmer@example.org,Midwest,Regular,2023-11-06
C07841,Jonathan Lopez,jeromefrederick@example.net,Southeast,Regular,2022-10-24
C07842,Courtney Gray,oweeks@example.net,Northeast,New,2024-03-26
C07843,Russell Nash,heatherpace@example.net,Midwest,Regular,2024-10-25
C07844,Rachel Gallagher,travis68@example.com,Southeast,Regular,2023-02-17
C07845,Kimberly Roy,jjohnson@example.com,Southwest,Regular,2024-09-09
C07846,Kristen Johnson,diazwilliam@example.net,Southwest,VIP,2022-02-14
C07847,Natalie Burns,eric97@example.com,Northeast,VIP,2024-05-30
C07848,Joseph Sanchez,ncarter@example.com,Northeast,Regular,2023-12-14
C07849,Michael Bullock,jimmy26@example.com,West,Regular,2022-03-01
C07850,Christopher Russell,uwillis@example.com,Midwest,Regular,2024-08-27
C07851,Riley Reed,charles89@example.com,Northeast,Regular,2024-08-20
C07852,Robin George,jared54@example.net,Southeast,Regular,2022-11-25
C07853,Leonard James,joe70@example.com,Southeast,Regular,2022-09-14
C07854,Lisa Hill,courtney33@example.com,Southeast,New,2024-08-28
C07855,Mark Johnson,janewilliams@example.net,Southwest,Regular,2022-07-15
C07856,Jacob Hall,melindanguyen@example.net,Southeast,New,2024-02-17
C07857,John Brown,josephhall@example.com,Southwest,New,2023-06-09
C07858,Cory Benjamin,zunigajessica@example.org,West,Regular,2022-08-18
C07859,Jennifer Cruz,varnold@example.org,Northeast,VIP,2024-07-28
C07860,Shawn Alexander,stewartelizabeth@example.com,Southwest,Regular,2023-09-08
C07861,John Kim,rebekahyoung@example.com,Southwest,Regular,2022-08-08
C07862,Robert Washington,cheryl56@example.net,Southeast,Regular,2024-07-21
C07863,James Hamilton,stewartchristine@example.com,Midwest,Regular,2024-08-20
C07864,Amy Sawyer,bartonlauren@example.net,West,Regular,2022-03-09
C07865,Anthony Lamb,sdavies@example.com,Southeast,Regular,2023-06-03
C07866,Martin Mercado,ricardo76@example.net,Southwest,Regular,2024-02-06
C07867,Mrs. Cathy Wallace,robertsjacqueline@example.org,Northeast,Regular,2023-07-12
C07868,Heather Weber,slopez@example.org,Northeast,Regular,2024-04-10
C07869,Matthew Berry,tatealexander@example.net,Southeast,Regular,2024-12-23
C07870,Samantha Moore,kevinwelch@example.com,West,New,2023-06-05
C07871,Andres Nelson,fmendez@example.org,West,Regular,2024-06-18
C07872,Diane Nelson,jeffreywheeler@example.net,Southeast,Regular,2022-07-26
C07873,Caitlin Davila,james36@example.org,Northeast,Regular,2022-01-20
C07874,Ryan Smith,gonzalesdiana@example.org,Midwest,Regular,2023-08-21
C07875,Jordan Brewer,joshua86@example.net,Southeast,Regular,2022-05-12
C07876,Patrick Everett,sarah99@example.net,Midwest,New,2024-09-16
C07877,Laura Taylor,evan12@example.org,Southeast,Regular,2022-01-07
C07878,Jamie Mcdonald,zroberts@example.com,West,Regular,2024-03-11
C07879,Thomas Armstrong,brittanyrussell@example.org,Northeast,New,2022-01-20
C07880,Robert Wallace,kim02@example.net,Midwest,Regular,2023-07-23
C07881,Trevor Parsons,joshuasanchez@example.net,Midwest,Regular,2024-03-01
C07882,Leonard Rodriguez,mvasquez@example.org,West,Regular,2023-03-09
C07883,Christian Cruz,amandaferrell@example.org,Southeast,Regular,2024-08-07
C07884,Jesse Campbell,deborahedwards@example.net,Southeast,Regular,2022-01-28
C07885,Tammy Moore,daisylambert@example.com,Midwest,At-Risk,2022-12-25
C07886,Suzanne Lewis,marianelson@example.net,Northeast,New,2022-05-30
C07887,Alex Maldonado,vargasemily@example.net,Southwest,Regular,2023-08-19
C07888,Jessica Hudson,qelliott@example.net,West,VIP,2022-07-24
C07889,Mary Hayden,belljennifer@example.com,Midwest,At-Risk,2023-08-14
C07890,Travis Friedman,emily07@example.org,Southeast,New,2023-03-25
C07891,Kimberly Hill,colemanpatrick@example.net,Southwest,Regular,2022-09-08
C07892,Thomas James,kochjeffrey@example.com,Southwest,Regular,2023-08-16
C07893,Jasmine Wood,haley58@example.org,Northeast,At-Risk,2023-08-26
C07894,Yesenia Rose,charles76@example.com,West,Regular,2023-02-13
C07895,James Alexander,roberthardin@example.org,Northeast,Regular,2024-09-07
C07896,Kristen Reed,williamsronald@example.org,West,Regular,2023-12-14
C07897,Rachel Walker,turnerwilliam@example.org,West,Regular,2024-10-04
C07898,Jeremy Wheeler,gonzaleschristopher@example.com,Northeast,VIP,2023-07-31
C07899,Kathryn Hart,morganbrooke@example.net,Northeast,Regular,2023-06-05
C07900,Anne Williams,ronaldwilliams@example.com,West,New,2022-10-02
C07901,Richard Clarke,adam26@example.net,Midwest,Regular,2023-06-01
C07902,Andre Lawrence,mcdowellkathryn@example.com,West,Regular,2023-05-11
C07903,Katherine Peterson,jasmin56@example.net,Northeast,Regular,2024-08-19
C07904,Ann Thompson,jenkinstammy@example.net,Southwest,Regular,2022-04-09
C07905,Mrs. Jennifer Price,trancory@example.org,Northeast,Regular,2022-11-05
C07906,James Hall,jonathanshannon@example.com,Southeast,Regular,2022-06-27
C07907,Randy Johnson,johnnytrevino@example.com,Southeast,Regular,2023-11-19
C07908,Hannah Martinez,ashley78@example.net,Midwest,At-Risk,2024-06-12
C07909,Barry Lane,lisa38@example.net,Northeast,VIP,2022-03-20
C07910,Brad Richardson,traceyyang@example.org,Southeast,At-Risk,2023-11-04
C07911,Lacey Tucker,michael28@example.net,Northeast,New,2024-12-05
C07912,Shane Wright,georgefuentes@example.net,Midwest,Regular,2023-07-22
C07913,Colton Smith,floydcarlos@example.org,Midwest,Regular,2022-11-01
C07914,Brett Simon,jacobbishop@example.com,Northeast,New,2023-11-20
C07915,Steven Gonzalez,donaldsharp@example.com,Northeast,Regular,2023-06-22
C07916,Gwendolyn Calderon,xcombs@example.org,Midwest,Regular,2024-02-23
C07917,Mrs. Frances Hinton,loretta34@example.org,Midwest,Regular,2024-03-29
C07918,Joshua Sanchez,mahoneyashley@example.com,Northeast,Regular,2023-12-13
C07919,Kimberly Scott,williamswilliam@example.org,Southeast,VIP,2023-07-28
C07920,Christopher Simmons,reesefrederick@example.com,Northeast,Regular,2022-05-19
C07921,Craig Whitney,blackburnmadison@example.net,Midwest,Regular,2022-03-05
C07922,Austin Whitney,orodriguez@example.org,Midwest,Regular,2022-07-06
C07923,Joshua Vargas,krystalburke@example.org,Northeast,At-Risk,2023-09-22
C07924,David Howard,justinperkins@example.com,West,Regular,2023-11-20
C07925,Allison Hughes,morrisonkristen@example.org,Southwest,Regular,2022-05-14
C07926,Lisa Stevens,davidwillis@example.net,West,New,2024-03-27
C07927,Jessica Collins,smithjeremy@example.org,West,Regular,2022-07-27
C07928,Erik Gray,carolynsnyder@example.net,West,VIP,2022-05-26
C07929,Kim Brewer,singhjanet@example.org,Midwest,Regular,2022-09-09
C07930,Terry Ross,hbarrett@example.org,Southeast,At-Risk,2024-03-10
C07931,Harold Atkinson,patriciairwin@example.org,Southeast,New,2022-08-24
C07932,Tiffany Blackburn,cindypowell@example.com,Southeast,Regular,2023-10-25
C07933,Timothy Callahan,lauramartin@example.com,West,New,2023-02-03
C07934,Randy Bell,unguyen@example.net,West,Regular,2022-05-24
C07935,Tony Walsh,pdavis@example.com,West,Regular,2022-10-26
C07936,Juan Turner,nhall@example.org,Southwest,Regular,2024-04-11
C07937,Gabrielle Schaefer,tbrooks@example.net,Midwest,Regular,2022-08-14
C07938,Nicole Boone,anthony48@example.org,Northeast,Regular,2023-05-28
C07939,Jessica Flores,elizabeth39@example.net,Midwest,At-Risk,2023-01-12
C07940,Kyle Bell,ramirezkathleen@example.com,Midwest,Regular,2022-10-29
C07941,Stephanie Davis,mayskaylee@example.net,Northeast,Regular,2022-05-13
C07942,Terri Edwards,doris80@example.net,Northeast,Regular,2024-08-18
C07943,Dana Beard,omclean@example.com,Southwest,Regular,2022-09-21
C07944,Corey Matthews,marycastillo@example.com,Northeast,Regular,2023-04-11
C07945,Amanda Reed,tristanjones@example.net,Midwest,Regular,2023-03-27
C07946,Katelyn Allison,farrellpaula@example.net,Midwest,New,2022-11-22
C07947,Christopher Schmidt,debrabrown@example.org,Northeast,Regular,2022-09-05
C07948,Terry Martinez,izimmerman@example.org,West,Regular,2022-04-22
C07949,Jerry Whitaker,josephpierce@example.org,Northeast,Regular,2023-02-17
C07950,Danielle Moody,tiffanytorres@example.org,Southeast,Regular,2023-03-10
C07951,Rachel Hawkins,brownwilliam@example.net,Midwest,Regular,2023-06-14
C07952,Shelby Cox,rguzman@example.net,Northeast,At-Risk,2024-01-17
C07953,William Matthews,hortonjennifer@example.net,Northeast,Regular,2022-01-22
C07954,Christopher Kelly,sheri83@example.org,Midwest,VIP,2024-10-01
C07955,Jessica Gibson,blanchardkathleen@example.net,Southeast,Regular,2023-02-24
C07956,Jason Wright II,parkerluis@example.org,Midwest,Regular,2022-02-25
C07957,Veronica Brown,tanyagross@example.net,Northeast,VIP,2024-01-09
C07958,Christopher Clark,laurenmiller@example.org,Northeast,New,2024-06-16
C07959,Eduardo Davis,danielmalone@example.net,Southwest,Regular,2023-07-04
C07960,Frank Lucas,andrea11@example.org,Northeast,Regular,2022-06-26
C07961,Erica Lindsey,cooknatalie@example.org,Southeast,Regular,2024-11-14
C07962,Kathy Mccoy,michellefisher@example.org,Southwest,New,2024-07-31
C07963,Trevor Hall,gjones@example.com,Midwest,Regular,2022-07-26
C07964,David Ball,sawyerrebecca@example.net,Southeast,New,2023-06-24
C07965,David Barry,chrislong@example.net,West,New,2024-02-04
C07966,Brianna Johnson,ltaylor@example.org,Northeast,Regular,2024-07-17
C07967,Renee Bishop,sarah88@example.com,Midwest,Regular,2024-04-11
C07968,Samantha Browning,edgarlopez@example.com,Midwest,VIP,2024-12-13
C07969,Brittany Walton,randallheath@example.com,Southeast,VIP,2023-12-13
C07970,Alec Sanders,reginafields@example.com,Southwest,Regular,2022-10-28
C07971,Lisa Graham,onelson@example.net,Southwest,Regular,2024-06-16
C07972,Tammy Carson,john87@example.net,West,New,2023-04-30
C07973,Brandon Cook,robertjarvis@example.net,Northeast,Regular,2022-04-10
C07974,Keith Waters,smartinez@example.com,Southeast,Regular,2023-10-10
C07975,Eric Smith,christine89@example.net,Southwest,Regular,2024-06-30
C07976,Zachary Howard,clarkrobert@example.net,Northeast,New,2023-06-22
C07977,Mark Hogan,lisa53@example.org,Midwest,At-Risk,2022-03-05
C07978,Larry Mcintyre,lisa78@example.com,Northeast,VIP,2023-05-07
C07979,Michelle Townsend,kimberly81@example.org,Southeast,New,2022-01-11
C07980,Stacey Jackson,ahughes@example.net,West,At-Risk,2023-06-18
C07981,Barbara Liu,andrew09@example.net,Midwest,At-Risk,2024-06-20
C07982,Morgan Ayala,qmcmahon@example.org,Northeast,Regular,2023-08-16
C07983,Sheila Clements,baileymandy@example.net,Southeast,Regular,2022-08-16
C07984,Loretta Mckinney,peter27@example.org,Southeast,Regular,2022-08-25
C07985,Brenda Duran,billy58@example.net,Southwest,Regular,2022-08-25
C07986,Caleb Martinez,ethanhodge@example.com,Southeast,Regular,2022-12-12
C07987,David Pope,williambarker@example.net,Midwest,Regular,2024-10-04
C07988,Kaitlin Gay,smitchell@example.net,Northeast,Regular,2023-08-10
C07989,Natasha Simpson,troy97@example.org,Southeast,Regular,2022-04-07
C07990,Bethany Lopez,gmills@example.net,Southwest,VIP,2024-01-22
C07991,Heather Hardy,pnelson@example.com,Midwest,At-Risk,2024-10-30
C07992,James Wright,briannajohnson@example.org,Midwest,Regular,2024-09-17
C07993,Carl Long,kaiserjeremiah@example.org,West,At-Risk,2022-04-15
C07994,Patricia Phillips,wmalone@example.com,Northeast,Regular,2023-08-17
C07995,Cody Perez,jamiewright@example.com,Midwest,New,2022-05-24
C07996,Jason Aguilar,aaron37@example.org,Southwest,New,2023-05-31
C07997,Breanna King,timothy87@example.org,Southwest,Regular,2024-06-30
C07998,Natalie Green,jay67@example.net,Southwest,Regular,2024-06-18
C07999,Paul Washington,omason@example.net,Southeast,New,2023-11-17
C08000,Heather Clark,lindseyortiz@example.com,Southeast,New,2023-12-18
C08001,Julie Turner,moralesemma@example.org,Midwest,Regular,2022-07-20
C08002,Helen Green,mjohnson@example.org,Northeast,Regular,2023-04-18
C08003,Alice Kelly,montgomerylauren@example.org,Midwest,Regular,2023-02-08
C08004,Kristina Holland,kim86@example.net,Southwest,Regular,2023-08-31
C08005,Candace Love DDS,garycruz@example.com,Northeast,At-Risk,2023-03-24
C08006,Maria Grant,robert25@example.org,Northeast,Regular,2023-02-13
C08007,Logan Lowery,whitney37@example.net,Northeast,Regular,2023-05-06
C08008,Ryan Harrison,jessica16@example.com,Midwest,New,2022-03-06
C08009,Christopher Thomas,nbrown@example.org,West,Regular,2023-05-20
C08010,Alan Blackburn,dylangray@example.com,Northeast,Regular,2023-09-20
C08011,Diana Calderon,micheal08@example.net,West,At-Risk,2022-05-06
C08012,Charles Cochran,stephanie67@example.com,Southwest,At-Risk,2022-07-12
C08013,Jamie Fischer,briancarlson@example.net,West,Regular,2022-05-11
C08014,Rachel Boyd,wangjoseph@example.com,Northeast,Regular,2024-12-22
C08015,Lawrence Bright,valentineadrienne@example.net,Northeast,Regular,2023-04-22
C08016,Joseph Pope,connieburgess@example.org,West,Regular,2024-04-16
C08017,Patrick Burns,hansentodd@example.org,Southwest,Regular,2024-09-06
C08018,Veronica Hernandez,davenportanthony@example.com,Northeast,Regular,2024-03-21
C08019,Ralph Richardson,alexandermelissa@example.org,West,Regular,2024-04-25
C08020,Taylor Elliott,rogerskyle@example.com,Southwest,Regular,2022-06-02
C08021,Judy Young,evansmelissa@example.com,Southwest,Regular,2024-11-19
C08022,Samantha Edwards,zstewart@example.org,Northeast,Regular,2022-08-19
C08023,Daniel Bird,susankelly@example.com,Southwest,At-Risk,2024-01-31
C08024,Michelle Smith,thomasjames@example.com,Southeast,Regular,2023-08-13
C08025,Lisa Williams,shanereid@example.net,Northeast,Regular,2024-05-02
C08026,Angela Crawford,vdelgado@example.net,Southwest,Regular,2023-09-04
C08027,Ryan Allen,kempjoseph@example.org,Southeast,Regular,2024-11-26
C08028,Brett Miller,rileyjudy@example.com,Southwest,VIP,2022-06-25
C08029,Jamie Harris,justinalexander@example.org,Southwest,VIP,2024-06-07
C08030,Nicole Lane,alexandercochran@example.com,West,Regular,2023-11-14
C08031,Kelly Wright,morrowlinda@example.net,Southeast,New,2024-11-11
C08032,Kimberly Fuller,howardlucero@example.net,West,Regular,2022-04-20
C08033,Kayla Le,jessewalker@example.org,Northeast,Regular,2023-08-22
C08034,Joseph Saunders MD,nedwards@example.com,Midwest,Regular,2022-06-13
C08035,Paul Carroll,jessica83@example.com,Southeast,Regular,2023-01-23
C08036,Michael Kennedy,markjackson@example.org,West,Regular,2022-05-19
C08037,John Jones,carrillotyler@example.com,Southwest,Regular,2023-11-29
C08038,Maria Mitchell DDS,mary83@example.net,Southeast,Regular,2023-10-23
C08039,Jennifer Osborne,brownwillie@example.com,Southwest,At-Risk,2023-02-22
C08040,Ashley King,eugene53@example.org,Southeast,Regular,2023-12-14
C08041,Willie Jensen,victoria55@example.net,Midwest,At-Risk,2022-10-05
C08042,Heidi Acosta,bandrews@example.org,Northeast,Regular,2022-09-10
C08043,Derek Baker DDS,wendybrown@example.net,Midwest,At-Risk,2024-10-02
C08044,Katherine Wells,dawnwilliams@example.org,West,Regular,2022-09-17
C08045,Jack Meyers,bthomas@example.net,Southeast,Regular,2022-09-15
C08046,Erin Maxwell,xmorrison@example.com,West,Regular,2022-05-29
C08047,Christopher Guzman,rebeccajones@example.com,Southwest,At-Risk,2024-01-21
C08048,Julie Gould,olivia08@example.org,Southeast,Regular,2022-08-28
C08049,Elizabeth Mcbride,elizabeth74@example.net,Southwest,At-Risk,2023-06-20
C08050,Alexander Chavez,tyler71@example.com,Southwest,New,2022-01-19
C08051,Lisa Smith,sharon04@example.com,Southwest,At-Risk,2024-09-14
C08052,Steven Moore,courtneysmith@example.org,Midwest,VIP,2022-10-13
C08053,Ronald Snyder,fhood@example.com,Northeast,Regular,2022-06-18
C08054,Julie Baker,lroy@example.com,Southeast,Regular,2024-04-27
C08055,Shari Scott,michelle88@example.com,West,Regular,2023-01-16
C08056,Austin Zhang,suttonbrooke@example.net,Southeast,Regular,2022-09-27
C08057,Laura Lam,evanskaitlyn@example.org,Southeast,At-Risk,2022-04-15
C08058,Robert Camacho,wrobinson@example.net,West,Regular,2023-03-20
C08059,William Vasquez,jerrycarter@example.com,Northeast,Regular,2024-08-14
C08060,Colin Bonilla,april47@example.net,Southeast,VIP,2023-11-17
C08061,Craig Koch,carlaflores@example.com,Midwest,At-Risk,2023-08-16
C08062,Elizabeth Taylor,patricia88@example.com,Northeast,VIP,2022-12-23
C08063,John Esparza,jpowers@example.net,Northeast,Regular,2023-06-19
C08064,Ronnie Edwards,djames@example.net,Southwest,Regular,2024-06-02
C08065,Nancy Cline,stewartjames@example.com,West,Regular,2022-04-12
C08066,Marcus Stokes,william94@example.org,Southeast,Regular,2022-05-03
C08067,Eric Norman,williamcardenas@example.com,Northeast,Regular,2022-01-27
C08068,Nicole Sosa,stevensanchez@example.org,Northeast,New,2024-08-19
C08069,Dennis Schmidt,susan54@example.com,West,Regular,2024-09-25
C08070,Bradley Bass,xtaylor@example.net,Southeast,At-Risk,2024-06-07
C08071,Jonathan Golden,kathleenadams@example.org,Northeast,Regular,2024-05-03
C08072,Kenneth Smith,kyoung@example.org,Northeast,Regular,2023-06-23
C08073,Debra Reynolds,taustin@example.com,Northeast,New,2024-11-14
C08074,Jessica Lam,ebradshaw@example.com,Midwest,At-Risk,2022-03-03
C08075,Jonathan Williams,erika75@example.net,Northeast,New,2024-04-04
C08076,Emily Vega,wcrosby@example.com,Northeast,Regular,2023-08-22
C08077,Michelle Campbell,greenjoseph@example.net,West,Regular,2022-03-05
C08078,Julian Fitzgerald,vkim@example.net,Southeast,Regular,2024-04-24
C08079,Ryan Jimenez,colemanevelyn@example.com,Midwest,Regular,2024-01-30
C08080,Kristi Bray,dominiquewaters@example.net,Southwest,At-Risk,2023-01-18
C08081,Victor Myers,cherylmontoya@example.org,Southwest,New,2023-07-03
C08082,Paul Fleming,jamesroberts@example.org,Southwest,Regular,2024-10-23
C08083,Sarah Edwards,oscar44@example.org,West,Regular,2022-02-03
C08084,Danny Ware,whanson@example.net,Southwest,Regular,2024-05-14
C08085,Logan Hall,beth54@example.org,West,Regular,2023-11-19
C08086,Gabriel Campbell,rebecca96@example.net,Southwest,Regular,2023-02-02
C08087,Meagan Jackson,lauragutierrez@example.com,Midwest,Regular,2022-03-15
C08088,Stacey Williams,william68@example.net,West,Regular,2024-04-03
C08089,Matthew Williams,sabrinamunoz@example.com,Northeast,Regular,2022-06-18
C08090,Amber Moore,davenportashley@example.net,Northeast,Regular,2023-01-16
C08091,Kellie Bradley,lowejennifer@example.org,Northeast,Regular,2024-03-16
C08092,Adriana Fischer,idiaz@example.com,Southwest,Regular,2023-06-22
C08093,Mark Frey,lisa11@example.org,Northeast,At-Risk,2022-01-08
C08094,Alisha Huffman,john00@example.net,Southeast,Regular,2023-08-25
C08095,Jamie Anderson,timothymaxwell@example.com,Southwest,Regular,2024-05-27
C08096,Amy Villa,jessicafisher@example.com,Midwest,Regular,2022-11-22
C08097,Matthew Kaiser,kmoody@example.com,Midwest,Regular,2023-07-12
C08098,David Cobb,vbates@example.net,Northeast,At-Risk,2024-11-09
C08099,Andrew Barnett,boothrobert@example.org,Northeast,New,2023-09-08
C08100,Mr. Robert Moses,donald26@example.com,Southeast,Regular,2023-03-26
C08101,David Rivera,kevinjones@example.com,West,Regular,2024-06-25
C08102,Kathleen James,gardnerkristen@example.net,Northeast,Regular,2022-08-18
C08103,Dave Marshall,lhester@example.org,Southeast,New,2024-12-12
C08104,Jessica Anderson,jameschad@example.net,Southeast,New,2022-08-23
C08105,Jason Bates,christopher93@example.org,Southeast,Regular,2023-11-20
C08106,Michael Lang,jessica98@example.org,Midwest,New,2022-11-19
C08107,Tony Dalton,maddenchristina@example.net,Northeast,Regular,2024-03-03
C08108,Joyce Martin,kaitlinsmith@example.com,West,New,2022-02-14
C08109,Courtney Johnson,hartdennis@example.com,Southwest,New,2024-09-17
C08110,Brittany Roberts,whitestephanie@example.org,West,Regular,2022-06-10
C08111,Scott Young,sean16@example.org,Northeast,Regular,2024-03-12
C08112,David Roberts,jonesmaria@example.com,Southeast,Regular,2023-10-19
C08113,Allison Davis,cynthiashannon@example.com,Midwest,Regular,2023-08-12
C08114,Hayley Mathis,michael79@example.net,Southwest,New,2024-11-26
C08115,Leslie Hicks,joelnguyen@example.net,Northeast,VIP,2022-04-26
C08116,Sarah Jackson,joshua10@example.net,Southeast,New,2023-01-18
C08117,Catherine Durham,whitebilly@example.org,Southeast,New,2024-09-13
C08118,Dennis Prince,clarkemily@example.net,Midwest,At-Risk,2024-05-05
C08119,David Jordan,elizabeth68@example.com,Southeast,New,2024-09-14
C08120,Tiffany Wade,andersoncourtney@example.net,Midwest,Regular,2022-03-31
C08121,Tracy Mcguire,dickersonbrian@example.org,West,At-Risk,2022-09-03
C08122,Karla Floyd,tracywallace@example.com,Southwest,Regular,2022-08-07
C08123,Jessica Jones,tiffanyterry@example.com,Midwest,Regular,2024-11-04
C08124,Amanda Bauer,lindsay19@example.org,Northeast,Regular,2022-06-19
C08125,Brendan Lopez,david17@example.net,Northeast,New,2022-12-25
C08126,Ian Mcdonald,stephenholland@example.com,Southeast,New,2022-06-09
C08127,Kelsey Lopez,jamestapia@example.org,Southeast,New,2022-09-25
C08128,Donald Stewart,smithandrew@example.net,West,Regular,2024-06-24
C08129,Patricia Andrews MD,barbara49@example.org,Southwest,VIP,2024-08-01
C08130,Robert Harris,carriephillips@example.net,Southeast,Regular,2023-04-06
C08131,Barbara Lowe,john36@example.net,Southwest,New,2023-10-21
C08132,Tina Carpenter,melissa02@example.net,West,Regular,2023-09-21
C08133,Emily Franklin,scottdavid@example.org,Southwest,New,2023-05-17
C08134,Nancy Sullivan MD,jchoi@example.com,Southwest,Regular,2022-07-29
C08135,Charles Newton,robinsondavid@example.com,Northeast,Regular,2022-05-30
C08136,Sharon Hall,mbriggs@example.com,Southwest,Regular,2024-10-04
C08137,Deanna Davis,baldwinbridget@example.com,West,Regular,2022-10-17
C08138,Dorothy Rodriguez,michael50@example.org,Southwest,Regular,2023-05-14
C08139,Michael Shepard,matthew86@example.com,West,Regular,2022-12-08
C08140,Harry Henderson,katherine69@example.net,Southeast,Regular,2023-11-29
C08141,Jennifer Cook,michael17@example.net,West,Regular,2022-03-24
C08142,Amber Thompson,amy65@example.net,Southwest,New,2022-08-26
C08143,Christina Fischer MD,carol01@example.net,Southeast,Regular,2024-05-06
C08144,Alexander Reyes,whiteeric@example.com,Southeast,At-Risk,2022-10-08
C08145,Jennifer Walls,christine05@example.com,Southwest,New,2022-04-20
C08146,Mr. William Chapman,inelson@example.net,Southeast,Regular,2022-06-09
C08147,Ryan Hogan,ericksonallen@example.com,Southwest,Regular,2022-11-12
C08148,Caitlin Griffith,thompsonbrian@example.net,Northeast,Regular,2023-06-05
C08149,Christopher Avery,jacob56@example.com,West,Regular,2023-03-25
C08150,Dylan Cooper,dmiller@example.org,Southwest,VIP,2024-04-06
C08151,Sarah Shaw,greenealexis@example.net,Midwest,Regular,2023-04-02
C08152,Michael Miller,craighernandez@example.net,West,Regular,2024-11-10
C08153,Angela Brooks,ellensmith@example.net,West,New,2022-08-14
C08154,Amanda Suarez,kimmeyer@example.net,Northeast,At-Risk,2022-10-04
C08155,Ryan Joyce,karen38@example.net,West,Regular,2022-09-05
C08156,Laurie Price,barrywhite@example.net,Southeast,Regular,2022-04-19
C08157,Lisa Hernandez,michael65@example.com,Midwest,Regular,2022-09-22
C08158,Alexa Carpenter,ashleyharper@example.com,West,Regular,2023-12-08
C08159,Kenneth Kennedy,thomasthomas@example.com,Southeast,Regular,2024-03-13
C08160,Tony Mcdonald,dfrank@example.org,West,Regular,2022-03-06
C08161,Cheyenne Maldonado,ddaniel@example.com,Southwest,New,2024-05-09
C08162,Lisa Mclaughlin,edward05@example.net,Southeast,New,2022-04-30
C08163,Lawrence Hodges,jgreer@example.net,Southwest,Regular,2024-04-30
C08164,Daniel Moody,wcompton@example.net,Southeast,New,2022-04-28
C08165,Ryan Watson,markramirez@example.net,Northeast,New,2024-07-09
C08166,Bradley Quinn,qking@example.org,Southeast,VIP,2023-09-19
C08167,David Sanchez,stevensshannon@example.com,Southeast,Regular,2022-07-11
C08168,Ricky Small,smithpamela@example.com,Southeast,New,2023-04-04
C08169,Amanda Bond,jessicacooper@example.net,Midwest,VIP,2024-08-03
C08170,Alice Mccoy MD,oward@example.org,West,At-Risk,2023-01-22
C08171,Shawn Parker,costaadam@example.org,Southeast,At-Risk,2024-02-18
C08172,Sean Garcia,linda40@example.net,Midwest,Regular,2024-03-19
C08173,Michael Russell,lori14@example.org,West,Regular,2024-10-03
C08174,Wanda Price,victor46@example.net,Southwest,Regular,2024-12-28
C08175,Mark Blair,benjamin78@example.net,Southwest,Regular,2022-02-01
C08176,Jessica King,vaughnpatrick@example.net,Southeast,At-Risk,2023-12-13
C08177,Breanna King,phelpscraig@example.net,Southeast,Regular,2023-10-20
C08178,Elizabeth Aguilar,joseturner@example.org,Northeast,Regular,2023-09-29
C08179,Matthew Wolfe,angelajimenez@example.org,Southwest,Regular,2024-02-28
C08180,Micheal Quinn,tfrost@example.org,Northeast,Regular,2023-07-28
C08181,William Smith,nwilliamson@example.net,Northeast,Regular,2023-02-16
C08182,Megan Snyder,lindakennedy@example.net,West,Regular,2023-05-24
C08183,Aaron Ryan,meyersaaron@example.com,Midwest,Regular,2024-07-16
C08184,Lacey Johnson,julie35@example.org,Midwest,Regular,2022-01-18
C08185,Timothy Henry,nancybernard@example.com,Southeast,Regular,2024-10-06
C08186,Emily Owens,anna77@example.com,Southwest,At-Risk,2023-07-19
C08187,Danielle White,cynthiamartinez@example.net,Midwest,Regular,2022-08-07
C08188,Jessica Richards,schwartzjames@example.org,Southwest,Regular,2022-02-20
C08189,Mr. Richard Knight,johnsonedwin@example.org,Southeast,Regular,2022-09-16
C08190,Daniel Benitez,robertbell@example.org,Northeast,At-Risk,2022-08-01
C08191,Amy Owens,stephaniehahn@example.org,Southwest,Regular,2022-12-30
C08192,Robert Moore,tracy85@example.org,Northeast,Regular,2022-08-21
C08193,Steven Martin,jesse64@example.org,Southeast,Regular,2023-03-14
C08194,Dr. Carrie Wu DVM,edwardspaul@example.com,Southeast,At-Risk,2023-01-01
C08195,Lauren Cox,joshua01@example.net,Southwest,Regular,2023-07-26
C08196,David Steele,fwhite@example.com,Southeast,Regular,2022-09-22
C08197,Erin Smith,cindy07@example.com,Southwest,Regular,2023-01-06
C08198,Gary Garrett,staylor@example.net,Southeast,Regular,2022-07-01
C08199,Courtney Gonzalez,williamsjohn@example.net,Southeast,New,2023-05-19
C08200,Roy Lee,hollygomez@example.com,Southwest,Regular,2022-11-19
C08201,Tammy Hall,danielyang@example.net,Southeast,Regular,2023-10-24
C08202,John Rice,warrendaniels@example.net,West,New,2024-07-04
C08203,Kenneth Cline,andreacarter@example.net,Southwest,At-Risk,2022-03-13
C08204,Jennifer Rogers,leah75@example.org,Midwest,Regular,2024-07-23
C08205,Carol James,pwallace@example.com,Midwest,Regular,2022-02-27
C08206,Mark Mccormick,mcmillanandrew@example.com,Northeast,New,2023-08-29
C08207,Morgan Bell,kellyhoward@example.com,Midwest,Regular,2023-04-21
C08208,Amy Dudley,rduncan@example.net,Southwest,Regular,2024-02-09
C08209,Jordan Howard,ugriffin@example.org,Northeast,Regular,2023-03-25
C08210,Steven Wright,nsherman@example.org,Southwest,Regular,2022-10-26
C08211,Sheri Todd,jamesscott@example.net,Northeast,VIP,2022-06-09
C08212,Danielle Garcia,michellebrown@example.net,Midwest,Regular,2023-10-08
C08213,Catherine Sharp,gonzalescarlos@example.org,Southwest,At-Risk,2024-05-07
C08214,Elizabeth Molina,tina27@example.com,Midwest,Regular,2022-05-19
C08215,Jennifer Robles,walterwood@example.com,Southwest,Regular,2022-04-23
C08216,John Lang,maryhoffman@example.com,West,New,2023-03-17
C08217,Theresa Brandt,donna92@example.com,Northeast,Regular,2024-07-26
C08218,Sara Alvarez,sarah86@example.org,West,New,2023-09-24
C08219,Jennifer Lopez,moorekrystal@example.org,Northeast,Regular,2024-01-01
C08220,Daniel Palmer,theresa36@example.com,Northeast,Regular,2022-06-30
C08221,Richard Lopez,wgomez@example.net,West,At-Risk,2022-11-06
C08222,Mr. David Maldonado,jessica75@example.com,Midwest,At-Risk,2024-05-06
C08223,Alexa Cruz,dominguezdavid@example.net,Northeast,Regular,2024-08-19
C08224,Douglas Schmitt,shelbyjohnson@example.com,Midwest,Regular,2023-12-03
C08225,Samantha Johnson,margaretpennington@example.net,West,Regular,2024-03-18
C08226,Grace Cole,andrew49@example.net,Southeast,Regular,2022-03-13
C08227,Aaron Gilbert,robertgiles@example.net,Midwest,At-Risk,2023-01-05
C08228,John Boyd,sandra04@example.org,Midwest,Regular,2022-02-18
C08229,Brendan Cochran,zcooper@example.net,West,Regular,2022-10-02
C08230,Derek Taylor,bakertyler@example.com,Midwest,Regular,2023-04-03
C08231,Joshua Armstrong,kathryn36@example.net,Southwest,Regular,2023-02-24
C08232,Veronica Thompson,tgood@example.com,Southeast,Regular,2024-02-02
C08233,Samuel Cooper,tylerrosales@example.com,Northeast,Regular,2024-06-26
C08234,Paul Gregory,janethomas@example.com,Midwest,At-Risk,2023-11-09
C08235,Elaine Oconnor,joannahernandez@example.org,West,Regular,2024-07-10
C08236,Karen Taylor,ricardobates@example.net,Southwest,VIP,2022-05-14
C08237,Robyn Ayala,wsanders@example.org,Southwest,Regular,2022-08-19
C08238,Matthew Hill,gary74@example.org,West,Regular,2022-11-23
C08239,Nicole Conley,yboyd@example.net,Midwest,Regular,2024-08-06
C08240,Angela Shaffer,zfreeman@example.org,Southeast,At-Risk,2023-03-21
C08241,Dr. David Fisher MD,walkermelissa@example.org,Southwest,Regular,2024-04-28
C08242,Natalie Clark,kennethpowell@example.com,West,Regular,2024-11-19
C08243,Timothy Davis,navarrojessica@example.net,Southeast,VIP,2024-01-21
C08244,Kimberly Weaver,makayla32@example.org,West,Regular,2024-05-31
C08245,Shawn Lucas,elizabethstark@example.org,Northeast,VIP,2023-09-01
C08246,Robert Meyer,luisparrish@example.com,Southwest,Regular,2023-10-18
C08247,Emma Payne,sabrina62@example.com,West,Regular,2024-10-12
C08248,Michael Alvarez,christophercole@example.net,Southeast,Regular,2024-09-19
C08249,Michael Wilson,baxternathan@example.net,Southeast,New,2022-12-18
C08250,Erika Rogers,josephchavez@example.com,Northeast,New,2022-04-15
C08251,Paul Dominguez,ljames@example.net,Northeast,Regular,2022-05-05
C08252,Jenny Peterson,joseph07@example.org,Southwest,New,2023-03-28
C08253,Kevin Bush,alicia01@example.org,West,Regular,2022-04-13
C08254,Timothy Cox,hamiltondesiree@example.net,Midwest,At-Risk,2022-01-14
C08255,Michelle Clark,ereese@example.org,Midwest,Regular,2022-07-29
C08256,Melanie Brown,smithpaula@example.org,Midwest,Regular,2022-06-13
C08257,Jessica Li,johnsonraymond@example.net,Northeast,Regular,2023-03-25
C08258,David Wilson,jthomas@example.com,Southwest,New,2024-02-25
C08259,Melissa Lucero,stephanie58@example.org,Southwest,Regular,2024-05-28
C08260,Miss Stephanie Acosta,orozcojulian@example.net,Southwest,Regular,2023-12-24
C08261,Jesse Wise,uscott@example.com,Midwest,Regular,2023-03-07
C08262,Douglas Harris,duncanpatricia@example.net,Midwest,Regular,2024-11-04
C08263,Erin Steele,jameschandler@example.com,Southeast,Regular,2024-04-18
C08264,Colleen Ellison,monica53@example.org,Midwest,New,2023-08-27
C08265,Joseph Hurley,megan90@example.org,Northeast,Regular,2022-06-22
C08266,Laura Mack,nnielsen@example.com,Northeast,New,2022-04-26
C08267,David Fox,rcooper@example.com,Northeast,Regular,2023-12-06
C08268,David Freeman,moransarah@example.com,Southwest,Regular,2023-06-15
C08269,Michael Miller,hernandezricardo@example.net,Southwest,Regular,2022-10-31
C08270,Patricia Munoz,lindsey94@example.org,Midwest,VIP,2022-02-28
C08271,Ryan Richard MD,ibrown@example.com,Southeast,Regular,2024-01-04
C08272,Jessica Barrett,njackson@example.net,Midwest,New,2023-04-13
C08273,Heather Carey,turnerernest@example.org,Northeast,Regular,2023-01-08
C08274,Amanda Baker,brenda73@example.com,Northeast,Regular,2024-03-08
C08275,Craig Lyons,yrobinson@example.com,Northeast,Regular,2022-06-18
C08276,Joshua Fowler,byrdkyle@example.net,Southwest,VIP,2024-04-28
C08277,Christopher Le,laura40@example.org,Southeast,Regular,2023-08-07
C08278,Barbara Montgomery,uwilliams@example.net,Northeast,New,2024-08-18
C08279,Charles Valencia,evelyn37@example.net,Northeast,Regular,2023-06-22
C08280,William West,colealan@example.net,West,Regular,2024-05-12
C08281,Stephen Anderson,novakandrea@example.com,Southeast,New,2022-10-04
C08282,Jacqueline Carpenter,linsherry@example.net,West,New,2024-09-27
C08283,Sherry Marshall,qwatson@example.com,West,At-Risk,2024-04-19
C08284,Charles Bailey,justin49@example.net,Northeast,Regular,2023-11-27
C08285,Mrs. Jennifer Smith,pperez@example.com,West,Regular,2023-06-10
C08286,Sue Stone,randolphrobert@example.net,Midwest,Regular,2022-09-24
C08287,Dr. Jessica Lewis,richardlopez@example.org,West,Regular,2023-10-10
C08288,Jaclyn French,katie75@example.com,Southeast,Regular,2024-08-22
C08289,Kathleen Skinner,bishophunter@example.org,West,Regular,2024-01-18
C08290,Adam Young,melissamiller@example.com,Southwest,Regular,2024-02-03
C08291,Casey Lopez,watsoncharles@example.org,Northeast,Regular,2022-08-14
C08292,Jessica Sanchez,jonesmalik@example.net,Southeast,Regular,2023-03-05
C08293,Lindsay Gardner,svelazquez@example.org,Northeast,Regular,2022-04-12
C08294,Jeffrey Jackson,patelgloria@example.org,Southwest,Regular,2022-12-26
C08295,April Kane,jordanemily@example.net,West,At-Risk,2024-07-04
C08296,Sylvia Fernandez,arthur67@example.net,Southeast,Regular,2022-01-11
C08297,Elizabeth Coleman,cabreramichael@example.com,Southeast,New,2022-10-24
C08298,George Goodman,oliviaabbott@example.com,Northeast,New,2022-06-21
C08299,Donald Wyatt,cdaniels@example.org,West,Regular,2023-11-09
C08300,Jessica Smith MD,katieknight@example.com,Southwest,Regular,2022-08-26
C08301,Miranda Rodriguez,lowechristy@example.org,Southwest,Regular,2024-01-13
C08302,Matthew Wall,christianhudson@example.com,West,Regular,2023-12-12
C08303,Nicole Knox,ssmith@example.org,Southeast,Regular,2024-06-07
C08304,Anthony Schmidt,katherine20@example.org,West,Regular,2023-06-15
C08305,Sarah Lewis,bradleymartin@example.org,Southwest,Regular,2024-11-22
C08306,Justin Sawyer,ericksonrichard@example.com,Southeast,At-Risk,2024-11-17
C08307,Andrew Hansen,john58@example.com,Midwest,At-Risk,2023-08-14
C08308,Bonnie Thomas,madeline56@example.com,West,New,2024-04-17
C08309,Dr. Ellen Tran,torresjames@example.com,Midwest,Regular,2024-07-22
C08310,Jessica Jenkins,kennethklein@example.net,West,Regular,2022-12-29
C08311,Bryan Cooper,bowenandrew@example.net,Northeast,At-Risk,2023-02-13
C08312,Victoria Lewis,danacraig@example.net,West,At-Risk,2024-07-27
C08313,Richard Robinson,ryan86@example.org,Northeast,Regular,2024-03-03
C08314,Daniel Harrell,kimberly87@example.org,Southwest,Regular,2023-07-02
C08315,Angela Mclean,bishopjennifer@example.net,Southwest,Regular,2023-01-06
C08316,Manuel Davis,listeven@example.com,Northeast,Regular,2023-08-31
C08317,Todd Lawrence,deborah48@example.net,Southwest,Regular,2022-07-30
C08318,William Osborne,pmontgomery@example.org,Southwest,New,2024-09-18
C08319,Kathleen Robinson,hernandezerik@example.com,Southwest,Regular,2022-05-21
C08320,Laura Diaz,browncalvin@example.org,West,Regular,2024-11-06
C08321,Rebecca Roberson,ssullivan@example.net,West,Regular,2022-07-17
C08322,William Adams,shawnhampton@example.net,Midwest,Regular,2023-11-04
C08323,Debbie Velasquez,kristi54@example.com,Northeast,Regular,2024-06-03
C08324,John Ramirez,victoriafloyd@example.net,Midwest,Regular,2024-06-12
C08325,Ronald Wheeler,sstrickland@example.org,Midwest,New,2022-02-16
C08326,Jason Manning,maria88@example.com,West,At-Risk,2024-11-09
C08327,James Pierce,bianca49@example.com,Northeast,Regular,2023-06-07
C08328,Tara Smith,oscott@example.com,Southeast,New,2022-06-03
C08329,James Bradshaw,montgomerynicholas@example.net,Southeast,Regular,2024-05-27
C08330,Charles Mercado,csilva@example.net,Southwest,Regular,2024-10-27
C08331,Lisa Holland,nguyenchristopher@example.com,Northeast,Regular,2022-01-09
C08332,Michael Greene,steven06@example.net,Southwest,Regular,2023-03-04
C08333,Cristian Evans,hrussell@example.org,Midwest,Regular,2022-03-27
C08334,Michael Valencia,sherry74@example.org,West,Regular,2022-05-24
C08335,Tyler Welch,zcardenas@example.com,Midwest,New,2022-09-27
C08336,Dorothy Owens,larry84@example.net,Northeast,Regular,2023-02-28
C08337,Derrick Wheeler,jessica99@example.com,Midwest,Regular,2022-02-28
C08338,Cassandra Sanchez,floresjoseph@example.com,Midwest,Regular,2022-01-03
C08339,Daniel Ray,irussell@example.com,Northeast,New,2022-02-04
C08340,Sara Lopez,egaines@example.org,Midwest,Regular,2023-06-29
C08341,Randy Schultz,ronnie93@example.org,Southeast,Regular,2024-07-19
C08342,Andrea Garcia,wendy96@example.org,Southeast,Regular,2024-09-23
C08343,John Murray,julie26@example.net,West,New,2022-11-16
C08344,Karla Owens,meganfrye@example.com,Southwest,At-Risk,2022-05-19
C08345,Nathan Fields,bradley00@example.com,Midwest,Regular,2022-12-26
C08346,Rebecca Carter,mstephens@example.com,Midwest,Regular,2022-08-26
C08347,Geoffrey Black,smithcourtney@example.net,Northeast,At-Risk,2022-08-16
C08348,Nathaniel Schaefer,kenneth57@example.org,Northeast,Regular,2022-02-26
C08349,Walter Bell,ashley43@example.org,Midwest,At-Risk,2022-08-29
C08350,Felicia Mccarty,amber24@example.com,West,Regular,2024-11-12
C08351,Kimberly Willis,jose36@example.net,Northeast,Regular,2022-11-24
C08352,Travis Turner,jennifer03@example.com,Northeast,Regular,2022-06-10
C08353,Leslie Lee,james41@example.com,Northeast,Regular,2023-08-31
C08354,Kristopher Hughes,yedwards@example.org,Southwest,Regular,2023-09-22
C08355,Jennifer Torres,juliemiller@example.net,Southeast,New,2022-10-15
C08356,Anna Perez,robert23@example.org,West,New,2024-03-07
C08357,Mark Boyd,pauldiamond@example.org,Southeast,Regular,2024-11-09
C08358,Zachary Campbell,scottfigueroa@example.net,Southeast,Regular,2024-01-31
C08359,Brian Williams,blake89@example.net,Northeast,Regular,2022-11-15
C08360,Lisa Edwards,wsutton@example.net,Midwest,VIP,2023-11-04
C08361,Jeffrey Wilson,lanceellis@example.net,West,Regular,2023-08-21
C08362,James Hart,josephmcdonald@example.com,Northeast,New,2024-12-13
C08363,Brenda Hall,heather49@example.com,Northeast,Regular,2023-07-10
C08364,Christopher Williamson,mbailey@example.net,Northeast,New,2023-08-14
C08365,Danielle Mckinney,jamesscott@example.org,Midwest,Regular,2023-07-10
C08366,Michael Chapman,thall@example.net,Midwest,Regular,2023-03-22
C08367,Dennis Nunez,vincent55@example.org,Southeast,Regular,2024-09-06
C08368,Brian Burns,hunterjohnson@example.net,Midwest,Regular,2023-04-24
C08369,Mario Rodriguez MD,englishlisa@example.net,Southeast,Regular,2022-03-11
C08370,Amber Townsend,robertsmith@example.net,West,New,2024-02-11
C08371,Gabriel Rice,elizabethhill@example.net,West,New,2022-03-31
C08372,Gary Thomas,qjordan@example.net,Southwest,Regular,2024-06-09
C08373,Alexander Russell,gabrielle33@example.org,Midwest,Regular,2022-01-06
C08374,Christopher Jackson,laurachase@example.com,Southeast,VIP,2023-11-10
C08375,Eileen Johnson,rachel32@example.com,Midwest,New,2024-12-13
C08376,Amy Cooper,samanthafranklin@example.org,Southeast,Regular,2022-09-02
C08377,Brenda Porter,joshua70@example.org,Northeast,Regular,2022-11-10
C08378,Michael Mendoza,wlivingston@example.com,Southwest,Regular,2024-07-10
C08379,Amy Anderson,sstephens@example.org,Southeast,New,2022-08-24
C08380,Hannah Butler,donna38@example.com,Southwest,Regular,2024-04-29
C08381,Summer Wilson,fturner@example.net,Northeast,Regular,2023-07-22
C08382,Eric Martinez,alec41@example.org,Northeast,Regular,2022-02-25
C08383,Dawn Carter,ericmoyer@example.org,West,Regular,2022-04-29
C08384,Brian Lawrence,moonleroy@example.net,West,VIP,2023-07-12
C08385,Arthur Bell,judy37@example.net,Southeast,Regular,2023-09-28
C08386,Jared Young,juliemills@example.com,West,Regular,2022-08-16
C08387,Duane Lamb,perezmichael@example.com,Southeast,Regular,2024-01-07
C08388,Alyssa Patel,mhendricks@example.net,Southwest,New,2024-11-18
C08389,Shannon Hernandez,judithscott@example.com,Northeast,Regular,2024-05-01
C08390,Michael Smith,jennifergill@example.com,West,Regular,2023-04-11
C08391,Gregory Doyle DDS,michellebell@example.net,West,Regular,2023-12-04
C08392,David Valdez,eric94@example.net,West,New,2023-05-24
C08393,Lindsey Hernandez,lindseyelizabeth@example.com,Midwest,Regular,2022-11-29
C08394,Pamela Walters,nbarnett@example.org,Southeast,Regular,2022-02-17
C08395,Jerry Fuentes,kristenlee@example.org,Midwest,Regular,2022-12-30
C08396,William Brown,taylorbrittany@example.net,Southeast,Regular,2023-12-11
C08397,Nicole Mcconnell,dlindsey@example.net,Southwest,Regular,2022-04-21
C08398,Lori Greer,chavezmatthew@example.net,Midwest,Regular,2022-02-16
C08399,Nathaniel Cordova,tonya73@example.net,Southwest,Regular,2023-04-19
C08400,Mr. Robert Norton,leecharles@example.net,Midwest,At-Risk,2023-11-12
C08401,Marc Roman,courtney50@example.org,Southwest,Regular,2023-10-03
C08402,Nathaniel Johnson,evan78@example.org,Southeast,New,2024-08-05
C08403,Gina Chan,diana36@example.net,Southeast,New,2022-04-30
C08404,Austin Kaufman,gerald28@example.org,Southeast,Regular,2022-05-04
C08405,Angela Collins,ajames@example.org,West,Regular,2024-03-15
C08406,Jonathan Peterson,jacksonjames@example.net,Midwest,New,2023-09-23
C08407,Amanda Hughes,kgarrison@example.org,Southeast,Regular,2022-11-09
C08408,Candace Ward,valerienewton@example.org,West,VIP,2023-07-03
C08409,Gregory Carter,michele85@example.org,Southwest,New,2023-08-20
C08410,Jamie Murray,elliottadrian@example.org,Southwest,New,2024-07-13
C08411,Stephen Price,marc88@example.com,Southeast,Regular,2022-04-26
C08412,Mary Arroyo,brianreed@example.net,Southwest,Regular,2022-11-09
C08413,Tammy Rivera,watersemily@example.org,Midwest,Regular,2022-12-31
C08414,David Copeland,jrodriguez@example.com,Northeast,Regular,2022-04-22
C08415,Kristine Gonzalez,urivera@example.com,Southeast,Regular,2024-01-20
C08416,Brittney Clark,jacobspencer@example.org,Northeast,Regular,2022-06-27
C08417,Angela Zuniga,grantbrown@example.com,Northeast,At-Risk,2023-06-20
C08418,Elizabeth Fields,gmoore@example.org,Southeast,VIP,2024-12-11
C08419,Rachel Scott,yhall@example.net,Southeast,Regular,2024-07-21
C08420,Alejandro Gallegos,ehernandez@example.com,Southwest,Regular,2024-12-02
C08421,Lisa Parker,michele27@example.com,Midwest,Regular,2022-09-06
C08422,Ashley Swanson,richardmendez@example.org,Midwest,New,2024-05-03
C08423,Mrs. Caitlin Kline,daniel12@example.net,Southwest,At-Risk,2024-05-24
C08424,Pamela Payne DDS,hessbrandon@example.org,Northeast,At-Risk,2024-11-26
C08425,Joseph Sanchez,eswanson@example.org,Midwest,Regular,2024-03-09
C08426,Lori Malone,nicole64@example.org,Northeast,Regular,2023-03-01
C08427,James Washington,andersonkimberly@example.com,Southeast,Regular,2023-03-30
C08428,Travis Landry,hernandezkimberly@example.org,Southwest,Regular,2024-06-29
C08429,Daniel Flores,johnstonfrancisco@example.com,Southeast,At-Risk,2022-12-08
C08430,Richard Meyer,peterhughes@example.com,Southeast,Regular,2024-07-26
C08431,Anthony Cunningham,mking@example.org,Northeast,Regular,2022-09-27
C08432,Brittany Hanna,mirandakathy@example.net,Northeast,Regular,2022-09-04
C08433,Marissa Patrick,christine90@example.org,Southwest,At-Risk,2023-09-27
C08434,Whitney Fields,jhester@example.com,Southwest,Regular,2024-02-19
C08435,Alexis Hancock,kerririley@example.com,Southwest,Regular,2024-07-12
C08436,Danielle Johnson,tammy42@example.com,Southwest,Regular,2022-03-24
C08437,James Moore,marvinrussell@example.org,Southwest,New,2022-09-15
C08438,Andrea Werner,jwalsh@example.com,Midwest,Regular,2022-01-27
C08439,Mandy Sawyer,rking@example.org,Southeast,Regular,2023-05-13
C08440,Maria King,mcknightlisa@example.org,Midwest,Regular,2022-10-23
C08441,Dorothy Cohen,lmontgomery@example.org,West,Regular,2022-08-16
C08442,Mrs. Mary Harper,jeanparrish@example.com,Southeast,Regular,2022-10-28
C08443,Sherri Johnson,nelsonisabel@example.org,Midwest,Regular,2023-09-01
C08444,Cassandra Luna,samanthasoto@example.net,West,Regular,2024-02-20
C08445,Dwayne Peterson,jasmine51@example.com,Northeast,Regular,2023-04-26
C08446,Benjamin Pratt,ggreen@example.com,Midwest,Regular,2022-11-19
C08447,John Lopez,blewis@example.net,Southeast,VIP,2022-05-13
C08448,Christine Stevenson,wyattalisha@example.com,Southeast,Regular,2022-09-09
C08449,Jose Price,youngantonio@example.com,Southwest,New,2022-07-02
C08450,Ashley Wheeler,taylorwall@example.com,Northeast,Regular,2022-09-08
C08451,Amanda Marquez,mhart@example.org,Southwest,Regular,2022-01-11
C08452,Dillon Robinson,richard79@example.net,Midwest,Regular,2024-09-22
C08453,Jesus Wood,matthew06@example.org,Southwest,New,2023-05-23
C08454,Courtney Lopez,brendan85@example.net,Midwest,New,2023-10-21
C08455,Jeanne Harrison,mullinsabigail@example.net,Southwest,Regular,2024-05-27
C08456,Betty Mckenzie,yvettehowell@example.net,West,VIP,2024-07-15
C08457,Cindy Pearson,vstevenson@example.com,Midwest,Regular,2024-10-11
C08458,Luke Leonard,robert10@example.com,Midwest,Regular,2022-10-13
C08459,Amy Lewis,melodyyoung@example.net,Northeast,New,2023-12-17
C08460,Richard Mosley,bankstravis@example.com,Southwest,Regular,2024-12-23
C08461,Kristina Jackson,owells@example.org,Northeast,Regular,2024-01-10
C08462,Robin Frey,jasmine06@example.com,Southwest,At-Risk,2024-11-05
C08463,Jacob Moran,piercejames@example.org,West,New,2023-05-09
C08464,Brandon Fisher PhD,grantrichard@example.com,Southwest,Regular,2023-07-02
C08465,Brandon Howard,mcole@example.com,Southeast,Regular,2024-12-19
C08466,Karen Carr,timothywatkins@example.org,West,Regular,2022-05-06
C08467,Sarah Kemp,ortegaheidi@example.net,West,New,2023-12-05
C08468,Michelle Kirby,hailey57@example.net,Northeast,At-Risk,2024-04-25
C08469,Curtis Thompson,kimberlyroberts@example.net,Southeast,VIP,2024-07-18
C08470,Ronald Heath,turnerkristina@example.com,West,Regular,2023-10-12
C08471,Russell Daniels,monica12@example.com,Southwest,Regular,2022-10-02
C08472,Karen King,john78@example.net,Midwest,Regular,2023-08-25
C08473,Susan Mcfarland MD,ramirezfred@example.net,Southwest,Regular,2022-11-14
C08474,Stephen Byrd,erichardson@example.org,West,At-Risk,2022-10-01
C08475,Joseph Schneider,bishopjoshua@example.net,Midwest,Regular,2022-10-06
C08476,Carolyn Anderson,charleshenson@example.org,Northeast,New,2024-06-14
C08477,Christopher Gonzalez,david23@example.org,Southwest,New,2022-12-13
C08478,Robin Murray,qschultz@example.org,Midwest,Regular,2024-05-02
C08479,Jeffrey Cook,cfuentes@example.net,Midwest,At-Risk,2022-06-20
C08480,Rebecca Foster,colemansheila@example.com,Southwest,New,2022-08-29
C08481,Lisa Beard,wellstiffany@example.org,Southeast,At-Risk,2023-08-22
C08482,Christina Montoya MD,catherine32@example.org,Midwest,Regular,2022-09-23
C08483,Jennifer Rivas,brownruth@example.com,Midwest,Regular,2022-11-19
C08484,Jessica Hoffman,troyspencer@example.com,Southwest,New,2024-03-28
C08485,Faith Colon,ricejennifer@example.org,Southwest,At-Risk,2022-09-03
C08486,Jack Potter,ivazquez@example.com,Southeast,New,2024-10-06
C08487,Donna Deleon,gateswesley@example.com,Midwest,At-Risk,2023-11-29
C08488,Nathaniel Hernandez,bradybenjamin@example.com,Southeast,Regular,2024-03-22
C08489,Jeremy Smith,tanderson@example.com,Southwest,New,2022-11-16
C08490,Douglas Harrison,amandabarton@example.com,West,New,2023-06-07
C08491,Joanna Perry,sean64@example.net,Northeast,Regular,2024-04-23
C08492,Mrs. Laura Moore,kirbycolleen@example.net,Midwest,Regular,2022-05-03
C08493,Rachel Moore,ahensley@example.org,Midwest,Regular,2024-10-29
C08494,Charlene Trujillo,sabrinaenglish@example.org,West,Regular,2024-02-29
C08495,Emily Wells,pinedajoseph@example.net,Midwest,New,2023-05-01
C08496,Mr. Paul Flowers,jennifer58@example.org,Northeast,New,2024-01-29
C08497,Thomas White,wrightjames@example.org,Northeast,Regular,2024-03-12
C08498,Michael Short,oparker@example.org,West,Regular,2023-01-14
C08499,Crystal Joseph MD,taylortracy@example.net,Southeast,Regular,2023-12-23
C08500,Michael Chan,ffigueroa@example.com,Southeast,New,2024-09-27
C08501,Sara Mann,kylesimmons@example.org,Midwest,Regular,2023-12-31
C08502,Amanda Scott,sedwards@example.net,Northeast,Regular,2024-10-07
C08503,Todd Williams,colemanclinton@example.org,Southwest,Regular,2023-12-03
C08504,Mr. Levi Jennings Jr.,delgadodenise@example.org,Southwest,New,2024-01-22
C08505,Bonnie Schneider,nathanielpage@example.com,Northeast,At-Risk,2024-06-29
C08506,Madison Harris,gkennedy@example.com,Northeast,Regular,2022-07-20
C08507,Melanie Smith,oliverdouglas@example.org,West,New,2022-05-17
C08508,Heidi Stephens,nicole45@example.org,Southeast,Regular,2024-06-15
C08509,Paul Moses,callen@example.net,West,Regular,2022-10-07
C08510,Debra Carter,stephenhill@example.com,West,Regular,2023-12-20
C08511,Christina Watkins,scottpamela@example.net,Southwest,Regular,2024-03-26
C08512,Laura Marshall DDS,angelanguyen@example.com,Midwest,At-Risk,2023-09-28
C08513,Anna Meza,jaime55@example.org,West,Regular,2022-03-22
C08514,Erik Flynn,zjordan@example.net,Northeast,New,2024-02-05
C08515,Justin Oconnor,shannon89@example.com,West,Regular,2023-08-29
C08516,Christopher Wilson,rodriguezsusan@example.com,Southwest,Regular,2022-07-05
C08517,Kathleen Smith,barbara39@example.com,Southeast,New,2022-11-20
C08518,William Ortega,aaron80@example.net,Southeast,Regular,2024-06-16
C08519,Jason Larsen,melissa35@example.org,Northeast,Regular,2024-07-17
C08520,Caleb Bradley,scott49@example.net,Midwest,Regular,2024-10-05
C08521,Nancy Ross,carrie98@example.org,West,New,2022-11-06
C08522,Melanie Diaz,melissawebster@example.com,Midwest,VIP,2024-04-03
C08523,Courtney Carlson,jonesmaria@example.net,Midwest,Regular,2024-07-31
C08524,Shannon Mendoza,adammclaughlin@example.com,Northeast,Regular,2024-07-11
C08525,James Hines,mary97@example.org,Northeast,Regular,2022-04-09
C08526,William Matthews,tiffany99@example.net,Midwest,Regular,2023-11-03
C08527,Leslie Whitney,ujenkins@example.net,West,Regular,2024-03-23
C08528,Jeffrey Adkins,brittany96@example.com,Northeast,Regular,2023-11-19
C08529,Mrs. Kristi Gutierrez,hillscott@example.net,Southeast,Regular,2023-03-08
C08530,Lee Smith,ashley03@example.com,Southeast,Regular,2022-08-27
C08531,Tyler Pineda,cooperrobert@example.org,Southwest,Regular,2023-12-11
C08532,Kimberly Garcia,colleen57@example.com,Northeast,Regular,2022-10-02
C08533,William Larsen,brandi27@example.net,Southeast,New,2022-08-11
C08534,Carlos Gonzalez,gabriel95@example.org,Midwest,VIP,2024-12-09
C08535,Timothy Jordan,juanbrooks@example.net,Southwest,Regular,2023-07-27
C08536,Justin Prince,deborahjames@example.com,Southeast,Regular,2022-11-15
C08537,Samantha Morris,morrisian@example.net,West,VIP,2022-11-18
C08538,Katie Young,tylerthompson@example.com,Southwest,New,2024-04-21
C08539,Jennifer Underwood,nicholasbarton@example.com,Southeast,Regular,2022-12-18
C08540,Frederick Beck,butlerkaren@example.net,Southeast,Regular,2024-10-21
C08541,Brian Howell,sgriffin@example.org,Southeast,Regular,2024-11-05
C08542,Todd Price,donnabrewer@example.com,Southwest,Regular,2022-04-11
C08543,Savannah Harris,amandaallen@example.net,Northeast,Regular,2023-01-17
C08544,Jessica Hall,teresa72@example.net,Southeast,Regular,2023-04-25
C08545,Stephen Williams,mccoyhayley@example.net,West,Regular,2023-04-12
C08546,Thomas Frye,mckenziecheryl@example.org,West,Regular,2024-06-14
C08547,Jenny Stevens,ogreene@example.net,Northeast,New,2022-01-08
C08548,Christopher Gibson,misty28@example.org,Northeast,New,2023-06-20
C08549,Carol Evans,mauricejackson@example.org,Southwest,VIP,2023-07-29
C08550,Penny Porter,brittany09@example.net,Northeast,Regular,2023-08-29
C08551,Richard Rogers,webbcatherine@example.org,Midwest,Regular,2024-08-24
C08552,Sean Ross,dustin99@example.com,Southwest,VIP,2023-05-27
C08553,Rachel Hernandez,antonio74@example.org,Northeast,Regular,2022-06-02
C08554,Jessica Hawkins,susanmckay@example.net,Midwest,Regular,2022-04-04
C08555,Kevin Huber,icrawford@example.net,Midwest,Regular,2022-12-21
C08556,Donald Bailey,owerner@example.com,Midwest,New,2024-09-17
C08557,John Cannon,oedwards@example.com,West,At-Risk,2024-06-15
C08558,Elizabeth Jones,hollywolf@example.org,Northeast,At-Risk,2023-09-24
C08559,Tyler Walker,raymondmegan@example.org,Midwest,New,2022-01-24
C08560,Audrey Dawson,zgonzales@example.org,Southwest,Regular,2022-02-20
C08561,Steven Curtis,chadcarpenter@example.com,Southwest,Regular,2023-04-29
C08562,Mark Miller,agriffin@example.com,Northeast,New,2024-03-02
C08563,David Jones,melissapatrick@example.net,Southwest,Regular,2024-03-21
C08564,Thomas Ortiz,jennifer23@example.com,Southeast,At-Risk,2024-07-04
C08565,Nancy Sanchez,wpeterson@example.org,Southwest,Regular,2024-12-04
C08566,Richard Pierce,fmorris@example.org,Southeast,New,2023-09-16
C08567,Travis Alvarez,tinafisher@example.net,Southwest,Regular,2022-05-12
C08568,Danny Brooks,madison19@example.net,Midwest,Regular,2024-05-28
C08569,Patricia Smith,kristyyoung@example.net,Northeast,Regular,2023-02-14
C08570,Tina Cherry,sullivankelly@example.org,Southeast,Regular,2024-03-27
C08571,Justin White,dmckinney@example.org,West,Regular,2022-03-17
C08572,Kristin Gallagher,rhunt@example.org,Southeast,Regular,2023-04-17
C08573,Jason Ford,iansmall@example.net,Midwest,Regular,2023-05-05
C08574,Samantha Mitchell PhD,scottsherry@example.org,Northeast,VIP,2024-01-06
C08575,Jennifer Hill,burtonnancy@example.net,Midwest,Regular,2024-03-02
C08576,Jennifer Garcia,norman05@example.net,West,Regular,2022-10-06
C08577,Nicole Conner,xespinoza@example.com,Southeast,Regular,2023-06-19
C08578,Madison Rodriguez,bryantmonica@example.net,Southeast,New,2024-10-25
C08579,David Brown,donna11@example.net,Northeast,Regular,2022-04-22
C08580,Jamie Smith,hpatton@example.net,Southwest,Regular,2022-12-22
C08581,Elizabeth Mora,noah52@example.com,West,Regular,2023-09-12
C08582,Kristina Gross,ekeller@example.com,West,Regular,2022-08-03
C08583,Dr. Bonnie Allen MD,tanner82@example.com,West,New,2023-02-08
C08584,Bradley Shah,tyler47@example.net,Northeast,VIP,2024-03-14
C08585,Elizabeth Melendez,watsontravis@example.net,Southwest,Regular,2022-08-14
C08586,Eric Newman,medinachristopher@example.com,Northeast,Regular,2023-11-08
C08587,Pamela Santos,cameron87@example.net,Midwest,VIP,2023-05-10
C08588,Amanda Knight,garciatina@example.net,Northeast,Regular,2024-04-02
C08589,Michelle Hunter,petersenmonica@example.net,West,Regular,2023-09-23
C08590,Molly Rivera,vasquezjames@example.net,Southwest,Regular,2022-11-23
C08591,Connor Foster,albert14@example.org,Northeast,Regular,2023-01-19
C08592,Grace Williams,griffithjeremy@example.com,Midwest,Regular,2022-10-30
C08593,Cody Ware,elizabethjames@example.net,Southeast,VIP,2022-01-07
C08594,Stephen Patel,scottricardo@example.org,Midwest,Regular,2023-01-29
C08595,Dylan Thornton,ereed@example.net,Southeast,Regular,2024-01-07
C08596,Kristi Gonzales,hamiltonjonathan@example.com,Southeast,Regular,2024-10-01
C08597,Christina Burns,robertscott@example.com,Southeast,New,2023-03-08
C08598,Laura Carter,mariodiaz@example.com,Northeast,Regular,2022-08-19
C08599,Paula Burnett,snydervictor@example.net,Southwest,Regular,2024-11-15
C08600,Sarah Acevedo,robingraham@example.net,West,New,2023-05-31
C08601,Diana Bates,gwilliams@example.com,West,Regular,2024-06-04
C08602,Jordan Garcia,smithkathleen@example.org,Southwest,Regular,2023-06-11
C08603,Zachary Carter,davidkelley@example.com,Southeast,Regular,2022-02-14
C08604,Gerald Bruce,michaelharmon@example.com,Southwest,Regular,2024-11-27
C08605,Donald Clark,lisareed@example.net,Southeast,Regular,2024-11-08
C08606,Maria Kennedy,fharvey@example.org,West,Regular,2023-05-13
C08607,Bradley Robertson,madelinejuarez@example.com,Northeast,Regular,2024-05-01
C08608,David Campbell,nicholascastro@example.com,West,Regular,2022-04-11
C08609,Charles Reid,eesparza@example.org,West,At-Risk,2023-09-08
C08610,Dylan Snow,suttonbrandon@example.org,Northeast,Regular,2024-08-02
C08611,Jennifer Bailey,cohennicholas@example.com,Northeast,Regular,2023-04-24
C08612,Amy Marshall,gabriel69@example.net,Northeast,Regular,2022-03-03
C08613,Mrs. Stephanie Mcclure,adamstamara@example.org,Southeast,Regular,2024-03-20
C08614,Christian Curry,cgill@example.org,West,Regular,2023-05-01
C08615,Michael Olsen,alyssaparker@example.net,Midwest,Regular,2023-02-09
C08616,David Williams,joseph93@example.com,Southwest,Regular,2022-03-12
C08617,Shane Wells MD,roberto91@example.com,Northeast,New,2023-08-23
C08618,Crystal Rollins,tluna@example.org,Southwest,New,2022-08-15
C08619,Jenny Vasquez,rosalesjoanne@example.net,Southwest,VIP,2024-12-04
C08620,Daniel Wiggins,jay90@example.net,Southwest,Regular,2022-12-26
C08621,Leslie Kent,juliasmith@example.org,Northeast,Regular,2024-12-09
C08622,Brooke Brown,cpeters@example.net,Midwest,Regular,2024-11-09
C08623,Michelle Johnson,meyerpaul@example.org,Southeast,Regular,2024-04-01
C08624,Jesse Miller,jason38@example.org,Southeast,Regular,2023-09-13
C08625,Paul Strickland,luis53@example.org,Midwest,Regular,2024-11-02
C08626,Amanda Aguilar,ugarrison@example.org,Northeast,Regular,2023-12-08
C08627,Jordan Carter,valerie29@example.com,Northeast,VIP,2024-09-08
C08628,Vernon Lucero,xcox@example.net,Northeast,Regular,2024-05-05
C08629,Brandon Pacheco,john20@example.org,Southeast,Regular,2024-01-09
C08630,Michele Wright,brownsteven@example.com,West,Regular,2024-08-01
C08631,Larry Wu,whitevalerie@example.org,Midwest,VIP,2022-05-29
C08632,Kevin Garcia,ronnie09@example.com,West,Regular,2023-10-19
C08633,Jill Camacho,rogerwatkins@example.net,Southwest,New,2024-03-31
C08634,William Wolfe,huntconnor@example.net,Midwest,New,2024-01-02
C08635,Jeremy Brown,phillip00@example.net,Southwest,New,2023-11-03
C08636,Veronica Torres,esmith@example.com,Midwest,At-Risk,2022-08-27
C08637,Christine Johnson,crystal81@example.com,West,New,2022-11-20
C08638,Andrea Hickman,millermario@example.org,West,Regular,2022-01-08
C08639,Sarah Davis,debragreen@example.org,Southeast,Regular,2024-07-02
C08640,David Frost,gedwards@example.com,West,Regular,2024-07-22
C08641,Allen Brown,smithchristopher@example.net,Southeast,Regular,2022-06-08
C08642,Craig Weber,paul94@example.com,Southwest,Regular,2023-06-30
C08643,Deborah Walker,matacheyenne@example.org,West,Regular,2024-10-26
C08644,Bradley Hernandez,joseph89@example.net,Midwest,Regular,2023-04-01
C08645,Todd Hernandez,joshuajackson@example.net,Northeast,Regular,2022-10-04
C08646,Dana Perry,mbarnes@example.com,Southeast,Regular,2022-04-13
C08647,Justin Richards,david07@example.org,Southeast,Regular,2024-09-17
C08648,Jennifer Myers,leslie98@example.net,Southwest,New,2023-01-25
C08649,Michael Brown,powelljeffrey@example.org,Northeast,Regular,2023-03-10
C08650,Deborah Lopez,christophertapia@example.com,West,New,2022-06-06
C08651,Brian Hall,summerholt@example.net,Southwest,Regular,2023-12-06
C08652,Victoria Martinez,brownjill@example.com,Southwest,At-Risk,2024-06-29
C08653,Sarah Moore,aharris@example.org,West,Regular,2023-09-12
C08654,Christopher Powers,edixon@example.org,West,Regular,2024-12-06
C08655,Hannah Murray,vramirez@example.org,Southwest,Regular,2024-06-30
C08656,Dustin Maxwell,nancylopez@example.org,Northeast,Regular,2024-09-04
C08657,Daniel Sherman,vbullock@example.com,Southeast,Regular,2023-09-13
C08658,Brian Kent,harringtoncaitlyn@example.org,Northeast,At-Risk,2022-10-15
C08659,Cindy Thomas,deborahryan@example.net,Southwest,Regular,2023-03-06
C08660,Kristin Douglas,travishowell@example.net,Southwest,Regular,2023-07-24
C08661,Dominique Adkins,kathygarcia@example.com,Southwest,Regular,2022-03-01
C08662,Stephen Lopez,allennicolas@example.org,Northeast,Regular,2023-04-25
C08663,Peter King,brooksjennifer@example.org,Midwest,Regular,2023-02-16
C08664,Heidi Torres,carlsonmary@example.net,West,New,2024-02-05
C08665,Lisa Smith,charlesgross@example.org,Southeast,At-Risk,2023-12-13
C08666,Jennifer Bradley,garnercrystal@example.net,Northeast,Regular,2022-10-12
C08667,Brett Shepherd,roy71@example.com,Northeast,New,2024-08-02
C08668,Kathleen Berry,evaughn@example.net,West,Regular,2022-09-22
C08669,Veronica Alvarado,nmiddleton@example.org,Southeast,Regular,2022-12-10
C08670,Catherine Young,bowmandebra@example.com,Northeast,VIP,2023-05-10
C08671,Jeffrey Reyes,whitechristopher@example.org,West,Regular,2022-11-01
C08672,Sandra Meyer,angela87@example.com,Midwest,Regular,2024-02-13
C08673,Jonathan Smith,stanleyeugene@example.net,Southwest,Regular,2023-01-05
C08674,Christopher Hall,brandonrobertson@example.com,Midwest,Regular,2023-05-16
C08675,John Lam,leepam@example.org,West,Regular,2024-01-10
C08676,Melissa Reyes,mromero@example.org,Southeast,Regular,2022-01-09
C08677,Kylie Davis,kelsey94@example.com,Southeast,Regular,2023-12-05
C08678,Chris Robinson,gestes@example.net,Midwest,At-Risk,2023-03-02
C08679,Jeffrey Rice,tiffany37@example.net,Southeast,Regular,2024-10-21
C08680,William Day,beckershelly@example.org,Southeast,Regular,2023-12-11
C08681,April Parker,kevinwood@example.net,Southeast,Regular,2024-03-26
C08682,Kristin Miller,ucooper@example.net,Northeast,Regular,2024-01-15
C08683,Christian Smith,ijohnson@example.org,West,Regular,2023-07-05
C08684,Michael Jones,kimberly84@example.com,Northeast,Regular,2022-09-02
C08685,Christopher Ayala DVM,kristin71@example.org,Northeast,At-Risk,2022-04-21
C08686,Laura Reed,maryguerra@example.com,Southeast,Regular,2024-08-27
C08687,Randy Thomas,michaelcameron@example.net,Midwest,Regular,2022-04-08
C08688,Gary Walton,raven84@example.org,Southeast,Regular,2023-08-26
C08689,Stephen Shepard,dfox@example.net,Northeast,Regular,2023-03-17
C08690,Carolyn Noble,anthonyhanna@example.net,West,At-Risk,2023-04-23
C08691,Tony Jones,anne63@example.org,Midwest,Regular,2024-10-10
C08692,Pamela Martinez,xcarpenter@example.org,Southwest,Regular,2024-02-12
C08693,Jamie Harris,katrina35@example.net,Southwest,Regular,2024-07-11
C08694,Alexis Carter,sarah27@example.com,Southwest,Regular,2024-03-19
C08695,Brandon Thomas,carpenterraymond@example.net,Southwest,Regular,2022-08-10
C08696,Briana Rodriguez,ucohen@example.com,Northeast,Regular,2023-03-27
C08697,Denise Acosta,lambrobert@example.com,Midwest,Regular,2023-12-12
C08698,Larry Lang,williamsjohnathan@example.com,West,Regular,2023-03-26
C08699,Christina Palmer,ashleygarza@example.org,West,Regular,2023-04-27
C08700,David Mccormick,cheryljones@example.org,Southeast,Regular,2024-01-30
C08701,Cassandra Wells,megan06@example.org,West,Regular,2024-05-14
C08702,Charles King,newtonsamantha@example.org,Northeast,Regular,2022-05-25
C08703,Christian Baker,scott25@example.com,Southwest,Regular,2024-08-09
C08704,Jeffrey Hill,sreed@example.net,Midwest,New,2023-04-04
C08705,Ashley Pena,ashleyjimenez@example.net,Southeast,Regular,2024-05-08
C08706,Jamie Davis,stefaniethomas@example.org,Southwest,Regular,2024-06-15
C08707,Susan Escobar,debra44@example.net,Midwest,VIP,2023-05-31
C08708,Alyssa Collins DVM,connielevine@example.org,Northeast,New,2022-04-10
C08709,Dr. Ryan Atkinson,zbowen@example.com,Midwest,Regular,2024-11-30
C08710,Teresa Shaw,burnettlauren@example.org,Midwest,VIP,2024-12-26
C08711,Brad Bright,kinglinda@example.org,West,New,2023-06-04
C08712,Kristie Glass,marcusweiss@example.net,Northeast,Regular,2022-12-05
C08713,Kevin Jennings,robert94@example.org,Southwest,Regular,2022-03-21
C08714,Stacy Allen,abigail49@example.org,Southeast,Regular,2023-08-27
C08715,Matthew Choi,cooksharon@example.org,West,New,2023-05-06
C08716,Benjamin Conner,christophermerritt@example.net,Southeast,Regular,2022-06-16
C08717,Walter Moore,rogerbanks@example.com,Midwest,At-Risk,2024-03-01
C08718,John Crawford,dhood@example.net,West,Regular,2023-06-30
C08719,Taylor Cabrera,phillip96@example.com,Northeast,Regular,2023-04-26
C08720,Alexis Chambers,samanthalandry@example.org,Southwest,New,2022-02-02
C08721,Joseph White,kristin88@example.org,Midwest,Regular,2022-01-08
C08722,Nicole Harris,robert99@example.com,Southeast,New,2024-12-04
C08723,Kelly Peterson,donald80@example.org,Midwest,Regular,2024-08-31
C08724,Donald Reid,tonywilson@example.com,Midwest,New,2022-11-17
C08725,Cassandra Page,sawyerjessica@example.net,Southwest,At-Risk,2022-11-07
C08726,Carolyn Rodriguez,megan67@example.com,Northeast,Regular,2022-04-20
C08727,Ana Jackson,john42@example.com,Northeast,New,2024-10-28
C08728,Shane Vaughan,deanna25@example.org,Southeast,Regular,2022-05-19
C08729,Riley Shelton,hernandezelizabeth@example.org,Southeast,Regular,2022-06-02
C08730,Christopher Turner,canderson@example.net,Midwest,Regular,2022-05-19
C08731,Stephen Perez,ufleming@example.net,Southeast,Regular,2023-08-18
C08732,Luis Palmer,derrickkelley@example.net,Northeast,Regular,2023-01-12
C08733,Sandra Pope,amandawilliams@example.net,Midwest,Regular,2022-11-22
C08734,Douglas Estrada,pdavis@example.com,Northeast,At-Risk,2023-02-12
C08735,Ashley Goodwin,stephensonnicole@example.org,Southeast,Regular,2022-12-24
C08736,Jason Howell,amy85@example.org,Northeast,At-Risk,2022-02-06
C08737,Dr. Debra Gibson,nicholas10@example.net,Midwest,Regular,2023-01-17
C08738,Karen Bass,thompsonrichard@example.org,Southwest,Regular,2022-11-25
C08739,Warren Parrish,williamthompson@example.com,Southwest,New,2024-08-30
C08740,Donna Gomez,jlong@example.org,West,VIP,2024-03-21
C08741,Melinda Whitaker,newmanmichael@example.com,West,VIP,2022-08-20
C08742,Crystal Medina,pbooker@example.net,Southeast,Regular,2024-04-28
C08743,Clifford Baxter,anthonyblack@example.net,Southeast,Regular,2023-01-18
C08744,Tammy Jones,christine49@example.com,Southeast,Regular,2024-05-31
C08745,Kimberly Bass,bernardkristie@example.com,Midwest,New,2022-05-07
C08746,Michele Perez,jonesjonathon@example.com,Northeast,Regular,2024-06-21
C08747,Jeffrey Rowe,unelson@example.net,Midwest,Regular,2023-09-04
C08748,James Young,cameroncarter@example.org,West,Regular,2022-10-24
C08749,Jesse Rivera,martin76@example.com,West,New,2022-05-31
C08750,Kimberly Bray,bbailey@example.com,Southeast,Regular,2023-04-16
C08751,Katherine Shah,bobby85@example.org,Midwest,Regular,2022-01-02
C08752,Jason Schmidt,nwalters@example.org,Southeast,Regular,2022-12-19
C08753,Kyle Smith,mackenziebrown@example.com,Southwest,New,2022-06-08
C08754,Deborah Dean,martinezkyle@example.net,Southeast,Regular,2024-08-21
C08755,Scott Ross,yjohnson@example.com,Southeast,Regular,2023-06-21
C08756,Wendy Campos,mitchellbrittany@example.com,Southwest,Regular,2022-12-19
C08757,Krista Long,jeffrey56@example.com,Northeast,Regular,2022-11-12
C08758,Ryan Hood,josephgerald@example.org,Southeast,Regular,2024-03-24
C08759,Christina Williams,paynenicole@example.org,Northeast,Regular,2022-08-11
C08760,Jason Campbell,briannahurley@example.org,West,Regular,2022-11-19
C08761,Ryan Andrews,zgomez@example.com,Midwest,At-Risk,2023-09-10
C08762,Stacy Ross,perry86@example.org,Northeast,New,2024-08-18
C08763,Wendy Cline,kennedyjames@example.org,Northeast,Regular,2024-11-12
C08764,Melissa Sullivan,matthewfox@example.org,Midwest,Regular,2022-02-03
C08765,Marie Nelson,castroheather@example.com,Northeast,Regular,2023-09-23
C08766,Sara Hunt,guzmanthomas@example.net,Northeast,Regular,2024-01-09
C08767,Michelle Schneider,steven34@example.org,Midwest,Regular,2024-12-20
C08768,Meredith Boyd,woodardjeanette@example.com,Southwest,Regular,2023-05-14
C08769,Chris Simmons,deanphillip@example.net,West,Regular,2022-02-14
C08770,Dwayne Rasmussen,martinkaitlin@example.org,Southeast,Regular,2024-12-23
C08771,Jodi Schneider MD,vespinoza@example.com,Northeast,Regular,2023-10-28
C08772,Susan Pennington,christine07@example.net,Northeast,Regular,2022-10-07
C08773,Amy Gonzalez,henrytonya@example.net,West,Regular,2023-01-06
C08774,Chris Martin,lucaskaren@example.com,Southwest,Regular,2024-12-16
C08775,Marisa Sellers,amyterry@example.com,Southeast,Regular,2022-05-22
C08776,Jennifer Bryant,eric07@example.com,Northeast,Regular,2023-10-28
C08777,Dylan Banks,hickserik@example.com,West,Regular,2023-03-09
C08778,Robert Crawford,xpatrick@example.net,Midwest,Regular,2024-02-19
C08779,George Williams,denise67@example.org,Southeast,Regular,2022-10-23
C08780,John Curtis DDS,kennethpitts@example.net,Southeast,Regular,2023-10-22
C08781,Jermaine Woods,martinchristine@example.com,West,At-Risk,2024-08-17
C08782,Kristina Nelson,harrylawrence@example.com,Northeast,Regular,2023-10-15
C08783,Taylor Vaughn,oneillstephanie@example.net,Midwest,Regular,2023-05-28
C08784,Kim Welch,connie48@example.com,Southeast,New,2022-08-25
C08785,John Johnson,ashleymurray@example.net,Midwest,Regular,2024-08-25
C08786,Timothy Cooper,mathewbutler@example.net,West,Regular,2023-05-08
C08787,Mrs. Lauren Jacobs,william41@example.com,Southeast,New,2022-01-03
C08788,Susan Perez,reidrhonda@example.net,Midwest,Regular,2022-12-20
C08789,Cynthia Davis,shill@example.com,West,At-Risk,2023-02-03
C08790,Joanna Parks,davidtucker@example.org,Northeast,Regular,2023-10-17
C08791,Taylor Clark,theresaellis@example.org,West,Regular,2022-02-26
C08792,Marcus Goodman,fmoreno@example.com,Southwest,Regular,2022-11-10
C08793,Lawrence Wright,craig64@example.net,West,New,2022-10-05
C08794,Shaun Hall,vbarnes@example.com,Northeast,Regular,2023-10-26
C08795,Abigail Weeks,carolynjackson@example.com,Southeast,Regular,2024-07-07
C08796,James Montoya,teresa86@example.com,Northeast,Regular,2022-10-31
C08797,Edward Lawson,nicholas30@example.net,Midwest,Regular,2022-11-26
C08798,Roberta Ward,ibutler@example.org,Northeast,New,2023-05-23
C08799,Nicholas Gibson,justindouglas@example.com,West,Regular,2022-07-14
C08800,Jennifer Santiago,mccoyeddie@example.org,Southwest,New,2024-11-13
C08801,David Holmes,hallcheryl@example.net,West,Regular,2024-10-20
C08802,Nicole Rangel DDS,julie49@example.org,West,New,2022-04-24
C08803,Brandy Short,matthewsantiago@example.org,Southwest,Regular,2023-02-18
C08804,Megan Anderson,sonia38@example.com,West,Regular,2023-12-21
C08805,Ethan Davis,mooneymatthew@example.net,Northeast,Regular,2024-03-15
C08806,Nathan Velez,samantha53@example.com,Southwest,New,2023-11-30
C08807,Trevor Mcdonald,emilyjohnston@example.com,Midwest,Regular,2024-06-07
C08808,James Phillips,pdunn@example.net,Southwest,New,2022-12-24
C08809,Carrie Clark,christine32@example.org,Midwest,Regular,2022-11-29
C08810,Holly Garcia,bradleytonya@example.com,Southwest,Regular,2023-11-15
C08811,Michelle Nelson,rgreen@example.net,West,Regular,2022-12-15
C08812,Allison Mcclain,freemangloria@example.org,Northeast,Regular,2023-08-17
C08813,Cindy Lopez,gtate@example.org,Midwest,New,2023-05-18
C08814,Kelly Mason,patricia81@example.org,Northeast,Regular,2024-06-29
C08815,Lisa Valdez,mcdowellcatherine@example.com,Southwest,Regular,2024-12-08
C08816,Kristen Gonzales,travis22@example.com,Southeast,Regular,2022-12-18
C08817,Donald Martin,richard03@example.com,Northeast,At-Risk,2022-04-17
C08818,Kevin Hernandez,bgonzales@example.org,West,Regular,2024-02-25
C08819,Courtney Smith,rbenson@example.com,Southeast,New,2024-10-13
C08820,Robin Carroll,vhouston@example.net,Southwest,VIP,2022-07-25
C08821,Russell Reyes,zsherman@example.com,Midwest,At-Risk,2024-07-13
C08822,Andrew Bridges,tasha09@example.org,Midwest,At-Risk,2022-09-01
C08823,Johnny Molina,kmiller@example.net,Northeast,Regular,2022-10-26
C08824,Adam Osborn,wgarrett@example.com,West,New,2023-07-12
C08825,Laura Ayers,perkinsmelissa@example.net,Southwest,New,2023-08-07
C08826,John Smith,vday@example.net,Midwest,Regular,2023-08-04
C08827,Amanda Young,jessicaclayton@example.org,West,Regular,2022-12-17
C08828,Dalton Weber,williamsjulie@example.net,Southeast,Regular,2022-01-08
C08829,Bethany Warren,jacksoncarrie@example.com,Southeast,Regular,2023-06-01
C08830,Sean Collins,ycardenas@example.com,Southeast,Regular,2024-08-10
C08831,Troy Klein,aprilingram@example.com,Southwest,Regular,2023-12-25
C08832,Alexander King,nancynguyen@example.org,Northeast,New,2023-04-03
C08833,Mary Cochran,jessicaevans@example.org,West,Regular,2023-06-19
C08834,Jonathan Romero,kgoodwin@example.org,West,New,2024-03-12
C08835,Kelly Williams,susancox@example.com,Northeast,Regular,2022-01-04
C08836,Nicole Ramirez,susan83@example.com,Southeast,Regular,2024-11-20
C08837,Carrie French,jacquelinelamb@example.net,Northeast,At-Risk,2023-10-26
C08838,Jacqueline Foster,jimeneznicholas@example.com,Midwest,Regular,2022-05-21
C08839,James Gray,ltapia@example.com,Southwest,Regular,2024-03-23
C08840,Brian Chen,markmccoy@example.com,Southwest,Regular,2024-11-10
C08841,Jacob Thompson,sharon49@example.net,Southeast,Regular,2024-03-20
C08842,Joshua King,patrick97@example.org,West,VIP,2022-03-24
C08843,Robert Castaneda,bergerjoseph@example.net,Northeast,Regular,2022-07-18
C08844,Nicole Jackson,pagebryce@example.net,Southeast,Regular,2023-10-23
C08845,Allison Bowers,powellisaac@example.com,West,Regular,2023-06-18
C08846,Yvonne Clark,rdavis@example.net,West,Regular,2023-03-18
C08847,Gabriel Smith,cbell@example.org,Southwest,At-Risk,2023-09-21
C08848,Joe Smith,ssanchez@example.org,Southeast,Regular,2024-02-08
C08849,Larry Johnson,erichorton@example.net,West,Regular,2024-03-03
C08850,Kaylee Carter,cryan@example.org,West,Regular,2023-11-22
C08851,Daniel Farmer,wilsonhoward@example.net,Southwest,New,2022-08-24
C08852,Deborah Fletcher,juan14@example.com,Northeast,Regular,2022-07-11
C08853,Kelsey Waters,ele@example.net,West,Regular,2022-04-23
C08854,Savannah Webb,shane94@example.org,Southwest,Regular,2022-11-27
C08855,Valerie Garcia,millerjuan@example.org,Southwest,Regular,2022-03-08
C08856,James Morgan,brandonreynolds@example.net,Southwest,At-Risk,2023-01-10
C08857,Regina Henderson,matthewlane@example.net,West,Regular,2022-11-07
C08858,Karen Holmes,edwardsjohn@example.net,Southwest,VIP,2024-07-16
C08859,Roger Dudley,russellwang@example.com,Southwest,Regular,2022-03-26
C08860,Pamela Lewis,nlopez@example.org,Northeast,New,2023-06-09
C08861,Troy Valdez,ortizjonathan@example.net,Northeast,Regular,2023-06-23
C08862,Natasha Lewis,tperez@example.com,Midwest,Regular,2024-11-22
C08863,Marisa Robinson,larryweeks@example.net,Southeast,Regular,2022-03-18
C08864,Stacy Kane,edwardgrant@example.com,Northeast,Regular,2022-11-15
C08865,Gwendolyn Thomas,davidrodriguez@example.org,Northeast,At-Risk,2023-09-08
C08866,Bradley Vazquez,bullockdiane@example.net,Southwest,Regular,2022-09-26
C08867,Ebony Allen,qlewis@example.net,Northeast,Regular,2023-09-05
C08868,Terri Garcia,cavila@example.net,West,Regular,2022-11-23
C08869,Ivan Rodriguez,benjaminedwards@example.net,Southwest,Regular,2023-11-02
C08870,Barbara Watson,sandovalmark@example.net,Southeast,Regular,2023-07-30
C08871,Sharon Wilson,myersjohn@example.net,Southeast,Regular,2022-03-20
C08872,Tyler Johnson,stevensemily@example.org,Southeast,VIP,2023-05-31
C08873,Laura Martin,ilewis@example.com,West,At-Risk,2024-06-02
C08874,Jason Brennan,brookedennis@example.org,Southwest,At-Risk,2022-11-26
C08875,Cesar Chavez,williamsstephanie@example.net,West,Regular,2024-10-17
C08876,Kimberly Phelps,billycook@example.net,Northeast,Regular,2022-05-22
C08877,Kim Parker,jonathanspencer@example.net,Midwest,New,2024-09-17
C08878,Jason Stevenson,jeffjones@example.net,Southeast,Regular,2023-02-12
C08879,Lisa Beasley,clarkrebecca@example.net,West,Regular,2024-07-05
C08880,Tracey Reynolds MD,amberarmstrong@example.net,Southeast,Regular,2023-07-26
C08881,Rachel Irwin,ksantiago@example.org,Southeast,Regular,2023-07-04
C08882,Christopher Jacobs,syoung@example.org,Southwest,Regular,2023-12-12
C08883,Ryan Byrd,alewis@example.org,Southwest,New,2024-01-07
C08884,Jacob Gonzalez,sherrichristensen@example.com,Northeast,Regular,2022-06-22
C08885,Jennifer Johnson,lisaramirez@example.org,Midwest,Regular,2022-08-19
C08886,Glenn Fuller,jenkinsmichael@example.net,Southeast,Regular,2023-10-09
C08887,Erica Rivera,jessicabell@example.net,Southeast,At-Risk,2022-02-25
C08888,William Johnson,sharon88@example.com,Southwest,Regular,2023-06-12
C08889,Thomas Weber,amandasullivan@example.net,Southeast,New,2022-01-28
C08890,Holly Robinson,bflores@example.org,Southwest,New,2022-03-12
C08891,Kristen Hernandez,carolyn18@example.com,Northeast,Regular,2022-05-22
C08892,Gina Barker,aaronpineda@example.net,Southwest,Regular,2024-01-27
C08893,Charles Orozco,heidi10@example.org,Southwest,Regular,2023-05-25
C08894,Melanie Berry,mark06@example.net,Southwest,Regular,2024-11-06
C08895,Carlos Oconnor,barrytheresa@example.org,Southwest,Regular,2023-10-17
C08896,Steven Davis,robert53@example.net,Midwest,Regular,2023-02-20
C08897,Albert Wong,rcummings@example.net,Southwest,At-Risk,2024-01-22
C08898,Nathan Pollard,drakejames@example.com,West,At-Risk,2022-06-11
C08899,Rhonda Burns,xruiz@example.org,Midwest,Regular,2023-12-12
C08900,Edwin Brown,robertduran@example.net,Northeast,Regular,2023-11-12
C08901,Kelly Turner,michaelball@example.org,Midwest,At-Risk,2022-05-02
C08902,Sarah Houston,gcollins@example.org,Midwest,VIP,2022-01-16
C08903,Robert Henderson,alexisalexander@example.org,Southeast,VIP,2023-01-17
C08904,David Smith,zacharyschaefer@example.net,Southwest,Regular,2022-11-03
C08905,Thomas Spencer,fedwards@example.net,Midwest,Regular,2022-02-23
C08906,Edward Sutton,alisonmcgrath@example.net,West,New,2022-02-17
C08907,Megan Hardy,cookdaniel@example.com,Midwest,Regular,2024-07-03
C08908,Andrew Boyd,richardsonstephanie@example.net,Southeast,Regular,2022-09-22
C08909,Mr. Austin Odonnell,fserrano@example.org,Northeast,Regular,2022-09-21
C08910,Amber Gibson,jclark@example.net,Southwest,New,2022-08-31
C08911,Nicholas Wilson,kayladean@example.com,Southwest,VIP,2023-09-18
C08912,Crystal Hayes,dlane@example.com,Southeast,Regular,2024-03-15
C08913,Nicholas Jones DVM,michael17@example.org,Southeast,Regular,2022-12-08
C08914,Raymond Hines,cluna@example.com,Northeast,Regular,2024-03-31
C08915,Ashley Hernandez,kenneth94@example.org,Southeast,Regular,2022-11-22
C08916,Heather Vargas,jharris@example.net,Midwest,Regular,2022-06-23
C08917,Richard Jones,fbridges@example.org,Southwest,Regular,2024-01-31
C08918,David Williams,jack70@example.net,Southeast,Regular,2023-11-23
C08919,Paula Wade,edwardhill@example.org,West,New,2024-03-09
C08920,Earl Martinez,popelaura@example.com,Northeast,New,2024-03-16
C08921,Brenda Moyer,schultzmark@example.net,West,New,2023-10-29
C08922,Michael Valdez,ochoaangelica@example.org,Southeast,Regular,2024-04-05
C08923,Joseph Oliver,hmiller@example.com,Southeast,Regular,2024-01-11
C08924,Alex Martinez,hsanchez@example.org,Southwest,VIP,2023-12-04
C08925,Tara Santana,ortizalexis@example.org,Southwest,Regular,2022-01-10
C08926,Travis Gonzalez,garciajulia@example.net,Midwest,Regular,2022-10-28
C08927,Melissa Armstrong,fcarpenter@example.org,Midwest,Regular,2023-11-01
C08928,Thomas Evans,gilbertnicole@example.org,West,At-Risk,2023-12-30
C08929,Justin Nicholson,kellerlisa@example.org,Southeast,Regular,2024-02-28
C08930,Donna Caldwell,brandy04@example.net,Southeast,New,2024-05-12
C08931,Sheri Collins,tiffanytrevino@example.org,Northeast,Regular,2023-12-04
C08932,Ashley Cole,amberkim@example.net,Southwest,Regular,2022-01-06
C08933,Richard Flores,xwilkerson@example.com,Northeast,At-Risk,2022-02-13
C08934,Dylan Ho,beckymurray@example.org,Southeast,VIP,2024-06-20
C08935,Andrea Baxter,sarah51@example.org,Northeast,Regular,2024-11-06
C08936,Stephanie Harrington,sheriedwards@example.com,Southeast,At-Risk,2023-02-16
C08937,Erica Carpenter,michelle45@example.org,Southeast,Regular,2024-04-10
C08938,Laura Benson,cynthiaallen@example.com,Northeast,Regular,2023-09-09
C08939,Valerie Salas,bwilliams@example.com,Southeast,Regular,2024-03-07
C08940,Amy Stokes,sotodonna@example.org,West,Regular,2023-06-09
C08941,Gloria Barrera,umoore@example.org,West,Regular,2023-11-23
C08942,Christina Adams,sherrileblanc@example.org,West,At-Risk,2023-04-25
C08943,Jessica Wright,robertadams@example.net,Southeast,New,2023-05-22
C08944,Lisa Colon,shendrix@example.com,Southwest,Regular,2023-06-14
C08945,Margaret Carter,sarah39@example.net,Midwest,Regular,2023-01-19
C08946,Nicholas Harrison,randysanchez@example.com,Northeast,New,2024-10-03
C08947,Megan Crawford,peter88@example.org,Southeast,Regular,2023-07-09
C08948,Michael Howard,cwhite@example.net,West,Regular,2022-07-28
C08949,Christopher Webb,fjones@example.com,Southwest,At-Risk,2023-02-14
C08950,Carrie Barnett,aknight@example.org,Southwest,Regular,2024-09-17
C08951,Amanda Sanders,wallacesamuel@example.org,Southeast,New,2023-05-15
C08952,Kayla Jones,jasminewilliams@example.com,Southwest,Regular,2024-06-13
C08953,Tiffany Jones,hollandhannah@example.net,West,Regular,2022-08-05
C08954,Ashley Johnson,senglish@example.com,Midwest,Regular,2022-04-20
C08955,Mark Franklin,kristy81@example.net,Midwest,At-Risk,2024-04-28
C08956,Shannon Raymond,joliver@example.org,Southwest,Regular,2022-12-08
C08957,Christian Scott,travisbeasley@example.org,West,Regular,2024-06-22
C08958,Jennifer Porter,jennifer33@example.com,West,Regular,2023-12-03
C08959,Megan Kirk,royarnold@example.org,Northeast,Regular,2023-11-15
C08960,Susan Sanders,aprilgarcia@example.org,Southwest,Regular,2022-03-27
C08961,Allison Hernandez,lsampson@example.com,Southeast,VIP,2023-05-28
C08962,Justin Church,lamfaith@example.com,Midwest,Regular,2023-11-24
C08963,Zachary White,lucasmiller@example.net,Midwest,Regular,2023-03-03
C08964,Mrs. Monica Jones,angela87@example.org,West,New,2024-04-27
C08965,Scott Lee,joshuaferguson@example.net,Southwest,Regular,2023-10-29
C08966,Robert Hunt,vanessa19@example.org,Southwest,Regular,2024-03-10
C08967,Diane Turner,martinezkimberly@example.com,Northeast,Regular,2022-09-11
C08968,Greg Prince,kimberlyacosta@example.com,West,New,2022-02-15
C08969,Kellie Sanchez,michaelleblanc@example.com,Midwest,Regular,2024-02-08
C08970,John Stevenson,wolfeeric@example.org,West,Regular,2024-07-20
C08971,Michael Giles,gregory49@example.com,Northeast,Regular,2023-08-28
C08972,Mike Gonzalez,jade69@example.org,Southwest,Regular,2023-03-14
C08973,Anna Mosley,mooneyjennifer@example.net,Southeast,Regular,2022-04-20
C08974,Alexis Wood,susanmiranda@example.org,Northeast,At-Risk,2024-09-11
C08975,Carrie Malone,troy15@example.net,Southwest,Regular,2022-03-09
C08976,Bradley Howard,pwright@example.net,Midwest,Regular,2022-12-25
C08977,Evelyn Franco,kelly00@example.net,Southeast,Regular,2023-09-21
C08978,Scott Turner,autumnmiller@example.com,Southeast,At-Risk,2023-08-16
C08979,James Richards,choover@example.com,Midwest,Regular,2023-10-19
C08980,Matthew Rasmussen,pjames@example.com,Northeast,Regular,2023-02-06
C08981,Erica Mays,rmarshall@example.com,Midwest,At-Risk,2022-10-17
C08982,Kristin Powell,james74@example.com,Southeast,New,2024-02-29
C08983,Corey Richards,carolyn96@example.net,Northeast,Regular,2023-04-05
C08984,Patrick Miller,clarkkimberly@example.net,Midwest,New,2023-03-29
C08985,Dennis Randall,johnsonmeagan@example.net,Northeast,Regular,2024-10-03
C08986,Jasmine Clarke,kim62@example.net,Southeast,At-Risk,2023-09-07
C08987,Steven Johnson,perezmichael@example.com,West,Regular,2024-08-05
C08988,Charlotte Murray,johnsonedward@example.com,Midwest,Regular,2022-12-23
C08989,Jared May,michaelrios@example.com,Southwest,Regular,2024-06-17
C08990,Jeffrey Bird,dowens@example.com,Southeast,Regular,2024-01-09
C08991,Zachary Chavez,kirksharon@example.com,West,Regular,2024-06-10
C08992,Joshua Flynn,lauraharris@example.com,West,Regular,2022-08-10
C08993,Kenneth Townsend,olivia50@example.net,Southeast,New,2022-04-11
C08994,Jonathan Duncan,obyrd@example.net,Midwest,Regular,2024-01-21
C08995,Jay Mendez,davisbob@example.net,Midwest,Regular,2023-11-07
C08996,Paul Jenkins,jbenson@example.com,Southeast,Regular,2022-03-13
C08997,Stacy Johnson,brandimccarthy@example.com,Southwest,Regular,2023-04-19
C08998,Marissa Thomas,hollowaytiffany@example.org,Northeast,Regular,2024-07-25
C08999,Jennifer Adams,ldavis@example.org,Southwest,At-Risk,2022-03-16
C09000,Victoria Chavez,rrichard@example.org,West,At-Risk,2024-09-20
C09001,Megan Le,gaustin@example.org,Northeast,Regular,2022-11-01
C09002,Michael Lewis,jacqueline89@example.net,Midwest,At-Risk,2024-12-13
C09003,Kristy Smith,johnsonjeremy@example.net,West,New,2022-04-23
C09004,Leslie Johnson,yavery@example.com,West,Regular,2022-01-21
C09005,Ashley Woods,gduncan@example.org,Southwest,Regular,2023-02-28
C09006,Ronald Bailey,mary54@example.net,Southeast,At-Risk,2024-12-08
C09007,Christopher Herman,fischergarrett@example.org,Northeast,Regular,2022-10-11
C09008,Kevin Porter,eburns@example.org,Midwest,VIP,2023-05-05
C09009,Kelly Walton,hernandezmelinda@example.com,Southwest,At-Risk,2023-02-10
C09010,William James,jharmon@example.net,West,At-Risk,2024-07-21
C09011,Lisa Wilkinson,kristinarussell@example.net,Northeast,Regular,2024-05-03
C09012,John Charles,daniellee@example.com,West,Regular,2024-11-03
C09013,Devin Hahn,lawrencehernandez@example.net,Midwest,Regular,2023-11-18
C09014,Kevin Sweeney,kimberlyday@example.org,Southeast,Regular,2024-03-13
C09015,Teresa Baker,jonesbreanna@example.net,West,At-Risk,2023-12-12
C09016,Erika Mcdonald,alyssa27@example.org,Southeast,Regular,2024-02-11
C09017,Omar Hall,wilsonaaron@example.com,Southeast,Regular,2023-11-21
C09018,Barry Acevedo,anthonybaker@example.org,West,Regular,2023-06-21
C09019,Jennifer Maynard,tranjennifer@example.com,Northeast,At-Risk,2022-06-03
C09020,Robert Soto,andrea06@example.org,Northeast,Regular,2024-02-15
C09021,Michelle Velasquez,stevencross@example.org,Midwest,Regular,2024-12-05
C09022,Mrs. Sarah Hall MD,fboyd@example.net,West,VIP,2022-11-11
C09023,Ashley Shaw,alanhughes@example.com,West,Regular,2023-03-02
C09024,Richard White,paula84@example.org,Northeast,New,2024-09-01
C09025,Patricia Schroeder,daniel40@example.org,Southwest,Regular,2024-09-24
C09026,Alicia Wilson,qdunn@example.com,Northeast,Regular,2023-02-05
C09027,Robert Suarez,silvaheather@example.net,Southwest,At-Risk,2023-02-07
C09028,Shawn Rollins,nobrien@example.com,Southeast,Regular,2023-10-10
C09029,Ashley Bryant,kevin64@example.net,Southeast,Regular,2024-07-30
C09030,Mitchell Morgan,vhill@example.com,Southeast,New,2022-08-30
C09031,Melissa Ortiz,bill77@example.org,West,Regular,2023-01-30
C09032,Daniel Sanchez,aberry@example.com,West,Regular,2023-02-25
C09033,Tammy Wright,langtimothy@example.org,West,Regular,2024-05-13
C09034,Elizabeth Brown,jorgepatterson@example.com,Southeast,Regular,2022-02-10
C09035,Maria Hernandez,manningchad@example.com,West,Regular,2023-06-04
C09036,Julian Smith,heather06@example.net,Southeast,New,2023-09-14
C09037,Mr. Edward Gilbert,tammy68@example.com,Northeast,Regular,2024-09-22
C09038,Todd Stone,barnesjoshua@example.net,Southwest,New,2024-11-24
C09039,Heather Hamilton,gabriellabaker@example.org,West,Regular,2024-09-14
C09040,Sheri Barajas,pmcgee@example.com,Midwest,Regular,2022-12-15
C09041,David Foster,janewright@example.com,Southeast,Regular,2023-01-29
C09042,Andrew Parker,jenniferbecker@example.net,Southwest,Regular,2022-05-10
C09043,Angel Gonzalez,coleholly@example.net,Southwest,Regular,2022-03-09
C09044,Rachel Shepard,davidhubbard@example.com,West,At-Risk,2022-06-24
C09045,Sarah Becker,moniquebrown@example.org,Northeast,Regular,2022-06-07
C09046,Christopher Davis,lisarojas@example.org,Midwest,Regular,2023-12-17
C09047,Michael Wolf,bdavenport@example.org,Midwest,Regular,2024-06-08
C09048,Sarah Graves,ashleyhaley@example.net,West,Regular,2023-08-19
C09049,Paula Baker,cgilbert@example.net,Southeast,New,2024-11-25
C09050,Dennis James,vdavis@example.net,Southwest,Regular,2022-02-19
C09051,Shannon Lucas,robinsonsarah@example.org,Southwest,Regular,2022-01-28
C09052,Marilyn Nichols,msmith@example.org,Southeast,Regular,2022-11-27
C09053,Adam Morgan,charles68@example.com,Northeast,At-Risk,2024-01-22
C09054,Leroy Case,pricepatrick@example.org,Southeast,Regular,2024-05-23
C09055,Jared Larson,acostawilliam@example.com,Southwest,Regular,2022-01-02
C09056,Johnny Chavez,lutzwilliam@example.org,Southwest,Regular,2023-11-14
C09057,Matthew Zimmerman,willie02@example.net,West,Regular,2022-01-16
C09058,Phyllis Mack,istein@example.net,Southwest,Regular,2024-08-05
C09059,Sarah Rodriguez,christopherthomas@example.com,Southwest,New,2022-01-06
C09060,Kristen Terry,chelsea12@example.com,Southeast,Regular,2023-11-06
C09061,Brian Espinoza,rmiranda@example.com,West,Regular,2023-07-26
C09062,Kenneth Levy,mhutchinson@example.net,Southeast,Regular,2023-09-01
C09063,Joshua Morgan,fosterpatrick@example.net,Southwest,New,2023-01-22
C09064,Ryan Fisher,riveracory@example.org,West,Regular,2024-10-24
C09065,Christina Kelly,jfreeman@example.net,Northeast,Regular,2023-10-12
C09066,Heidi Juarez,cunninghamamy@example.com,Northeast,At-Risk,2024-09-07
C09067,Robert Weber,allisonandrews@example.net,Midwest,Regular,2023-04-20
C09068,Joyce Smith PhD,whiteshannon@example.net,Midwest,Regular,2023-01-12
C09069,Danielle Molina,lanenicole@example.com,Southwest,Regular,2023-10-24
C09070,Richard Owens DDS,samuel69@example.com,Northeast,Regular,2022-03-23
C09071,Alicia Davis,larrypatterson@example.org,Midwest,Regular,2022-05-12
C09072,Brittney Torres,petersonjennifer@example.net,Southeast,Regular,2023-11-08
C09073,Eric Simmons,james01@example.net,Southeast,Regular,2022-07-30
C09074,Douglas Lopez,michellewaters@example.com,West,New,2024-11-08
C09075,Michael Wright,moralesbecky@example.org,Midwest,Regular,2023-03-09
C09076,Jeff Sanders,jguzman@example.org,Southwest,Regular,2023-10-01
C09077,Garrett Moore,henrydavid@example.com,Southeast,Regular,2022-07-19
C09078,Albert Morton,michael44@example.com,Southeast,VIP,2023-04-01
C09079,Michelle Bennett,phillipsvictor@example.net,West,New,2022-08-25
C09080,Daniel Patterson,heather01@example.net,Northeast,Regular,2023-02-20
C09081,Mrs. Lindsay Bell PhD,tonyaross@example.org,West,New,2022-08-26
C09082,Blake Jones,jessica96@example.org,Southeast,Regular,2024-10-16
C09083,Ryan Reed,barbarasmith@example.com,Midwest,VIP,2023-04-18
C09084,Charles Scott,jackson43@example.com,Southwest,At-Risk,2024-03-29
C09085,James Anderson,kayla05@example.org,Southeast,Regular,2023-12-11
C09086,Alfred Hunt,bensonrobert@example.com,Southeast,Regular,2023-11-09
C09087,Allison Potter,ylloyd@example.com,West,Regular,2022-01-16
C09088,James Aguilar,ahall@example.org,West,Regular,2024-07-14
C09089,Daniel Fisher,bmason@example.net,Southwest,Regular,2022-10-08
C09090,Lisa Brown,qjenkins@example.net,Midwest,Regular,2024-07-02
C09091,Ashley Romero,isaiah46@example.com,West,Regular,2023-04-13
C09092,Anthony Jefferson,paul47@example.net,Southeast,Regular,2022-08-05
C09093,Robert Johnston,bsmith@example.net,Southeast,Regular,2022-10-09
C09094,Holly Martinez,carolharris@example.net,West,Regular,2023-06-08
C09095,Brian Luna,ashley28@example.com,Northeast,Regular,2024-09-27
C09096,David Lowery,antonio05@example.org,Southwest,New,2023-12-16
C09097,Hannah Smith,jlewis@example.com,West,Regular,2023-09-13
C09098,Timothy Holt,benjaminmurphy@example.org,West,At-Risk,2022-12-24
C09099,Paula Schultz,eboyer@example.com,Southeast,Regular,2024-04-10
C09100,Danielle Lawrence,georgesheila@example.org,Southeast,Regular,2023-07-27
C09101,Beth Ortiz,eugenestewart@example.com,West,Regular,2024-08-16
C09102,Theresa White,barrysnyder@example.net,West,Regular,2023-06-04
C09103,Robin Thomas,cherylking@example.net,Southeast,VIP,2024-11-19
C09104,Jimmy Johnson Jr.,gibsonanthony@example.com,Southeast,Regular,2024-07-23
C09105,Maria Zuniga,grahamanthony@example.org,Midwest,Regular,2022-07-15
C09106,Justin Harper,jacquelinerosales@example.net,Midwest,Regular,2023-09-14
C09107,Samantha Evans,lgarcia@example.org,Southwest,Regular,2024-09-26
C09108,Samantha Kelly,tbaker@example.com,Midwest,Regular,2023-04-25
C09109,Patrick Thomas,kpeterson@example.com,Southwest,Regular,2024-01-12
C09110,Shane Rollins,princematthew@example.org,Northeast,New,2022-06-26
C09111,Susan Campbell,normanmelinda@example.com,Northeast,Regular,2023-11-29
C09112,Christopher Galvan,moralesmark@example.com,Southwest,Regular,2023-07-22
C09113,Julie Smith,johnsonjames@example.net,Southeast,Regular,2024-11-01
C09114,Javier Bryant,nelsonbethany@example.com,Southwest,Regular,2022-09-30
C09115,Philip Phillips,andrew54@example.net,Southeast,Regular,2023-09-28
C09116,Ann Sims,langdarren@example.com,West,VIP,2024-08-31
C09117,Anthony Hunter,matthew67@example.com,West,Regular,2023-12-19
C09118,Carl Johnson,gwilson@example.org,Southeast,VIP,2023-06-07
C09119,Anna Gonzalez,ywang@example.org,Southeast,Regular,2023-04-29
C09120,Pam Jones,davidwilson@example.org,Southwest,Regular,2024-03-18
C09121,Chad Oconnell,jillianwood@example.com,Southwest,Regular,2024-07-18
C09122,Noah Swanson,romerojoshua@example.org,West,Regular,2023-07-28
C09123,Megan Cannon,dawn97@example.com,West,Regular,2023-02-13
C09124,Chad Whitaker,sharonstein@example.com,West,VIP,2024-09-23
C09125,James Steele,tamara36@example.com,West,Regular,2024-09-16
C09126,Christopher Mccarthy,boonesara@example.com,Midwest,New,2022-05-30
C09127,Ana Callahan,carol79@example.net,Midwest,Regular,2024-09-25
C09128,Erica Brown,cynthiawall@example.net,Southeast,Regular,2024-05-06
C09129,Kyle Taylor,thorntonpatrick@example.net,Northeast,At-Risk,2022-06-26
C09130,Jeffrey Bell,alexander76@example.net,Southwest,Regular,2024-08-20
C09131,Alicia Graham,xscott@example.com,Southeast,New,2022-11-03
C09132,Brian Whitehead,connieduffy@example.com,Northeast,Regular,2024-01-03
C09133,Brian Williams,dennis39@example.org,Northeast,At-Risk,2024-02-11
C09134,Ashley Perry,anaburnett@example.com,West,Regular,2022-04-14
C09135,Joseph Miller,garciamonica@example.net,Northeast,Regular,2022-07-08
C09136,Ashley Arellano,beandanielle@example.org,Northeast,Regular,2024-01-14
C09137,Justin Rivera,wroth@example.com,Southeast,Regular,2022-12-28
C09138,Sandra Jenkins,jasonkeller@example.org,West,Regular,2024-03-22
C09139,Roberta Walsh,gfoster@example.net,Midwest,Regular,2023-10-24
C09140,Kristin Williams,annaoconnor@example.org,Southwest,Regular,2023-08-28
C09141,Katherine Martinez,chavezteresa@example.com,West,Regular,2024-10-14
C09142,Rhonda Hernandez,michealrichards@example.org,Southwest,Regular,2022-11-18
C09143,Kristin Guerrero,kimberlyespinoza@example.org,Northeast,Regular,2022-09-21
C09144,Ashley Le,lopezsharon@example.com,Southwest,Regular,2022-09-24
C09145,Nicole Miranda,kevin36@example.org,Midwest,At-Risk,2022-03-23
C09146,David Keith,david84@example.com,West,Regular,2022-10-12
C09147,Nicholas Lucero,fsweeney@example.net,Southwest,Regular,2023-03-11
C09148,James Hart,ryan83@example.org,West,Regular,2022-08-28
C09149,Taylor Carter,campbellmichelle@example.com,Southeast,Regular,2024-07-23
C09150,Theresa Lowe,nicholasbaker@example.com,West,At-Risk,2023-04-05
C09151,Alejandro Thompson,joshua72@example.org,West,Regular,2023-03-28
C09152,Gregory Gray,elizabethhines@example.org,West,At-Risk,2023-11-25
C09153,Harold Arnold,deborah35@example.com,Midwest,New,2024-01-21
C09154,James Velasquez,jennacontreras@example.net,Southeast,Regular,2024-12-01
C09155,Tyler Guzman,laustin@example.org,West,Regular,2022-10-29
C09156,William Norman,johnbrown@example.org,Midwest,At-Risk,2024-02-06
C09157,Joseph Williamson,briancalhoun@example.com,Southeast,Regular,2022-05-14
C09158,Diana Rowe,jedwards@example.org,Southeast,Regular,2022-09-21
C09159,Jose Osborne,jamesowens@example.com,Midwest,Regular,2024-08-03
C09160,Robert Lawson,kortiz@example.org,Southwest,New,2022-07-29
C09161,Jasmine Werner,sarah21@example.org,Southwest,Regular,2024-06-23
C09162,Margaret Carter,lcrawford@example.net,West,Regular,2024-11-03
C09163,Alyssa Hart,codystrickland@example.net,Midwest,New,2023-05-05
C09164,David Hall,aturner@example.com,West,Regular,2024-08-04
C09165,James Wong,nbrown@example.net,West,Regular,2023-11-01
C09166,Michele Green,fritzmichelle@example.net,Southeast,Regular,2022-06-12
C09167,Mary Conley,sandrabarnes@example.net,Southeast,VIP,2022-04-17
C09168,Julia Wilkinson,luis22@example.net,Midwest,Regular,2022-05-02
C09169,Jennifer Hale,calvingraham@example.com,Midwest,Regular,2024-01-16
C09170,Nichole Cook,joshua45@example.net,Southeast,At-Risk,2024-03-24
C09171,Matthew Bender,bowmanrodney@example.org,West,New,2024-08-11
C09172,Lance Gonzalez,karenwebster@example.com,Midwest,Regular,2022-01-28
C09173,Carrie Richards,fletchersuzanne@example.org,West,Regular,2022-11-26
C09174,Matthew Fields,lkelly@example.net,Midwest,At-Risk,2022-04-14
C09175,Deborah Wood,karenflores@example.net,West,Regular,2023-09-18
C09176,Holly Richards,kevin68@example.com,West,Regular,2024-06-24
C09177,Brandon Roberts,deanna86@example.com,Southwest,Regular,2024-08-05
C09178,Keith Flynn,amiller@example.net,Southeast,Regular,2024-01-31
C09179,Mary Mills,kelly87@example.org,Northeast,Regular,2024-02-03
C09180,Joshua Rodriguez DDS,ynichols@example.com,Southwest,Regular,2024-10-14
C09181,Evan Parks,figueroagabriella@example.net,Southwest,Regular,2024-01-15
C09182,Tiffany Ochoa,dblack@example.net,Southeast,New,2024-05-25
C09183,Jeff Smith,brianjackson@example.com,Southeast,Regular,2023-09-24
C09184,Ryan Alvarado,melissahorn@example.com,West,Regular,2023-10-27
C09185,Aaron Powers,brichardson@example.org,Southwest,Regular,2022-07-14
C09186,Gary Moss,sknox@example.com,West,Regular,2024-03-20
C09187,Heather Thompson,fergusonrobert@example.com,Midwest,Regular,2022-12-07
C09188,Patrick Hernandez,bartonmichael@example.com,West,Regular,2024-05-26
C09189,Brandy Johnson,gloriajordan@example.com,West,New,2024-06-24
C09190,Kevin Trujillo,ycarlson@example.net,West,Regular,2024-08-27
C09191,Hannah Perez,kylemeyer@example.com,Midwest,Regular,2024-06-26
C09192,Justin Smith,evansolivia@example.org,Northeast,Regular,2023-04-29
C09193,David Carter,sharris@example.com,Southwest,Regular,2024-08-22
C09194,Cynthia Romero,carolweeks@example.org,West,Regular,2022-11-10
C09195,Daniel Martin,margaretkennedy@example.net,West,At-Risk,2024-03-31
C09196,Dr. Nicole Neal,rdavis@example.com,West,Regular,2024-02-25
C09197,Jeff Huang,christinasanchez@example.com,Midwest,At-Risk,2022-04-26
C09198,Deborah Mosley,jerry43@example.net,Southeast,New,2024-10-30
C09199,Matthew French,kevin44@example.com,Southwest,Regular,2022-10-15
C09200,Alicia Jones,william09@example.com,Midwest,Regular,2024-07-07
C09201,John Barnes,lcarter@example.org,Northeast,Regular,2024-10-16
C09202,Joseph Guzman,randyharris@example.com,West,At-Risk,2022-11-05
C09203,Daniel Thomas,jeremy05@example.com,Southeast,Regular,2023-08-05
C09204,Christopher Ward,parkerjames@example.net,West,VIP,2022-07-21
C09205,Karen Stone,yhernandez@example.org,Southeast,New,2022-10-08
C09206,Cheyenne Wilson,joycepacheco@example.com,West,Regular,2022-07-23
C09207,Deborah Carter,qmoreno@example.org,Southwest,New,2023-04-08
C09208,Mary Thomas,padillathomas@example.net,Southwest,Regular,2022-04-25
C09209,Mark Jones,jeffreysmith@example.com,Northeast,Regular,2024-11-22
C09210,Michael Ferguson,williamfritz@example.com,Southeast,At-Risk,2022-08-11
C09211,Travis Nguyen,marshalljill@example.org,Southwest,Regular,2023-07-09
C09212,Elizabeth Boyd,wigginsdanielle@example.org,Southeast,Regular,2023-07-09
C09213,Michael Baker,rodriguezalbert@example.org,Northeast,VIP,2022-10-04
C09214,Angelica Mays,cruzrhonda@example.org,West,Regular,2022-04-05
C09215,Craig Johnson,michaelthomas@example.net,Midwest,New,2024-11-27
C09216,Jasmine Ellison,yestrada@example.com,West,Regular,2023-03-31
C09217,William Evans,ambertaylor@example.org,Midwest,Regular,2024-05-16
C09218,Sherry Taylor,grichards@example.com,Northeast,At-Risk,2022-08-17
C09219,Amanda Bell,oware@example.com,Midwest,Regular,2023-11-08
C09220,James Wright,ericwilson@example.net,Midwest,Regular,2022-04-23
C09221,Victoria Rodgers,kentbrenda@example.net,Southwest,Regular,2024-08-19
C09222,Frederick Rodriguez,obrienkelly@example.com,Northeast,New,2022-01-06
C09223,Heather Crawford,deanna01@example.org,Northeast,Regular,2024-04-19
C09224,David Freeman,derrickpowers@example.net,Southeast,Regular,2024-01-21
C09225,Thomas Bolton,leslie50@example.net,Southwest,New,2022-03-13
C09226,Martha Norman,jfox@example.com,Northeast,Regular,2022-02-28
C09227,Michael Hall,mwright@example.com,Southeast,Regular,2024-08-11
C09228,David Doyle,frank05@example.net,Northeast,Regular,2024-03-18
C09229,Janet Ware,wacosta@example.net,Midwest,Regular,2022-08-09
C09230,Andrea Cabrera,emily81@example.org,Midwest,Regular,2022-05-29
C09231,Robert Duke,alexandraguzman@example.org,Northeast,Regular,2023-09-06
C09232,Henry Miller,watkinsalexander@example.org,West,New,2023-05-31
C09233,Deborah Cannon,andrewsullivan@example.net,Southwest,Regular,2023-12-31
C09234,Shelby Holloway,jacobwatts@example.net,West,Regular,2024-10-20
C09235,William Gregory,ryan32@example.com,West,Regular,2024-01-19
C09236,Carlos Willis,bakerjohn@example.net,Southwest,Regular,2024-01-07
C09237,Alan Baker,ybrady@example.org,Northeast,Regular,2023-10-18
C09238,Christopher Lewis,istone@example.com,Northeast,Regular,2023-01-07
C09239,Candace Vazquez,udonovan@example.net,Midwest,Regular,2024-10-05
C09240,Ariel Hughes,johnny64@example.net,Southeast,Regular,2023-07-08
C09241,Alison Price,andrewsdanielle@example.net,Northeast,Regular,2024-06-18
C09242,Gina Fuller DVM,rickyhuerta@example.com,West,Regular,2022-03-31
C09243,Holly Houston,michaellewis@example.org,Northeast,Regular,2023-02-25
C09244,Donald Jackson,ronald08@example.net,West,VIP,2022-09-21
C09245,Sarah Harrington,waltersamy@example.com,Southeast,Regular,2024-01-02
C09246,Leslie Brown,nicholasmercer@example.com,Southwest,Regular,2023-03-05
C09247,Ruben Stewart,sarah03@example.org,Southeast,Regular,2023-09-05
C09248,Jessica Watson,mary80@example.com,Northeast,Regular,2024-12-17
C09249,Kristy Mueller,theresajimenez@example.net,Southwest,Regular,2022-03-24
C09250,Randy Phillips,paul59@example.net,Midwest,At-Risk,2023-09-14
C09251,Andrea Martinez,haynesadam@example.net,Northeast,Regular,2023-01-05
C09252,Deborah Deleon,phillipsbrian@example.com,Northeast,New,2024-06-25
C09253,Joshua Smith,jreeves@example.com,West,Regular,2022-02-19
C09254,Anthony Gray,herringdiane@example.com,Northeast,Regular,2024-01-01
C09255,Dr. Jon Olson,jbarnes@example.org,Southeast,Regular,2022-12-04
C09256,Ashley Garcia,mreed@example.net,West,Regular,2022-06-30
C09257,Jasmine Weber,qjenkins@example.net,Northeast,Regular,2023-08-01
C09258,Kurt Alexander,dorisreynolds@example.org,West,Regular,2024-09-10
C09259,Denise Horn,iknapp@example.com,Midwest,Regular,2024-10-25
C09260,Richard Harris,kurt82@example.net,West,New,2023-10-14
C09261,Alicia Anderson,jwilliams@example.net,Southeast,Regular,2023-03-11
C09262,Jenny Whitehead,lopezjoshua@example.net,Midwest,At-Risk,2024-03-08
C09263,Tara Wright,madison04@example.org,West,Regular,2024-11-24
C09264,Julia Booth,william09@example.org,Southwest,Regular,2024-09-08
C09265,Beth Roberts,meredith54@example.org,Northeast,VIP,2023-04-15
C09266,Patricia Walter,reyeslaura@example.org,Southwest,Regular,2024-01-04
C09267,Sabrina Cohen,christopher84@example.com,Southwest,New,2022-11-15
C09268,Elizabeth Garcia,bradleywalton@example.org,Southeast,Regular,2022-08-31
C09269,William Patton,wilsonstephanie@example.com,Northeast,VIP,2024-07-11
C09270,Michael Mcdaniel,kterry@example.org,Northeast,Regular,2022-10-29
C09271,Brandon Strong,otyler@example.com,Midwest,New,2022-04-25
C09272,Wendy Cook,james75@example.com,Southeast,New,2023-04-18
C09273,Nicholas Jones,wnavarro@example.com,Midwest,Regular,2022-07-28
C09274,Erin Byrd,tblackwell@example.org,Southeast,Regular,2022-12-12
C09275,Roberto White,khamilton@example.com,Southeast,New,2023-06-20
C09276,Paul Thompson,mariaarnold@example.net,West,Regular,2024-06-03
C09277,Laura Carroll,mnichols@example.net,Northeast,Regular,2024-06-24
C09278,Phyllis Mack DDS,mark12@example.net,Northeast,Regular,2023-04-05
C09279,Troy Graham,gsantana@example.com,Midwest,New,2024-01-24
C09280,Victoria Huber DVM,weberkathy@example.org,Southeast,Regular,2023-01-19
C09281,Debra Meyer,rodriguezronald@example.org,Southeast,Regular,2023-01-06
C09282,Matthew Smith,leekelly@example.net,Northeast,Regular,2022-07-01
C09283,Beth Lyons,matthewwilliamson@example.net,West,Regular,2024-03-27
C09284,Christine Jackson,williamshannon@example.com,West,Regular,2022-04-14
C09285,Lisa Ramsey,bjones@example.com,Southwest,Regular,2024-03-14
C09286,Kathleen Rivera,conleydouglas@example.com,West,Regular,2024-02-26
C09287,James Martinez,joelhenson@example.org,Northeast,Regular,2022-11-28
C09288,Holly Lynch,mosselizabeth@example.org,West,New,2024-11-23
C09289,Sheila Howard,gregorysummers@example.com,Midwest,New,2023-12-12
C09290,Chris Anderson,alejandro86@example.com,Northeast,Regular,2022-03-04
C09291,Sergio Snyder,randallgreen@example.org,Northeast,Regular,2022-07-21
C09292,Danielle Roman,jeanne84@example.com,Northeast,Regular,2022-06-10
C09293,Jacob Lowery,ryan26@example.com,Northeast,Regular,2023-08-05
C09294,Daniel Peterson,patrick32@example.com,Northeast,Regular,2022-11-19
C09295,Jennifer Lopez,fortiz@example.net,Northeast,Regular,2022-03-24
C09296,Wendy Perez,antonioorozco@example.com,West,Regular,2022-09-30
C09297,Carlos Mccormick,billy58@example.com,Southwest,Regular,2023-12-07
C09298,Kevin Johnson,jessica82@example.org,Midwest,Regular,2023-09-10
C09299,Jackie Cook,vrogers@example.net,West,Regular,2023-03-29
C09300,Kyle Mills,lmills@example.net,Northeast,At-Risk,2022-04-11
C09301,Calvin Diaz,fischerrichard@example.org,West,Regular,2022-12-09
C09302,Victoria Schmidt DDS,robin43@example.com,Northeast,Regular,2022-11-15
C09303,Troy Alvarez,frosario@example.net,Midwest,Regular,2023-12-27
C09304,Natasha Chandler,james90@example.com,Southeast,Regular,2022-03-17
C09305,Steven Flores,wstanley@example.net,Southeast,New,2022-11-14
C09306,Steven Sullivan,nyork@example.com,Southwest,New,2024-09-19
C09307,Doris Robertson,osullivan@example.net,Northeast,New,2022-11-28
C09308,Fernando Cobb,pamelachen@example.net,West,Regular,2024-07-26
C09309,Dillon Johnson,erikcallahan@example.com,West,Regular,2022-01-22
C09310,Jane Petty,elizabeth65@example.org,West,Regular,2022-04-20
C09311,Katrina Frank,brittany19@example.com,Midwest,Regular,2023-11-17
C09312,Jordan Brown,lopezcole@example.net,Northeast,At-Risk,2024-01-15
C09313,Susan Wise,lorineal@example.org,Southwest,New,2023-06-18
C09314,Jamie Rangel,cordovajodi@example.org,Southeast,New,2022-03-15
C09315,Brandon Goodwin PhD,timothy56@example.net,Southeast,Regular,2024-04-27
C09316,Jasmine Thomas,russellann@example.net,Midwest,Regular,2022-02-11
C09317,Joshua Contreras,chavezsarah@example.org,West,At-Risk,2023-01-10
C09318,Sarah Hale,james04@example.org,Northeast,Regular,2022-09-04
C09319,Victor Edwards,wsmith@example.org,Southeast,Regular,2023-11-05
C09320,Linda Lewis,estewart@example.net,Northeast,New,2023-06-15
C09321,Susan Conway MD,fadams@example.org,Southwest,New,2023-09-18
C09322,Christina Wagner MD,rodriguezscott@example.net,Midwest,Regular,2022-04-29
C09323,Katherine Becker,vpatterson@example.org,Midwest,Regular,2024-05-13
C09324,Deborah Washington,carljohnson@example.org,Southwest,Regular,2024-05-14
C09325,Mallory Banks,stevenknox@example.com,Southwest,At-Risk,2023-09-17
C09326,Kevin Foster,wflores@example.org,Southwest,Regular,2022-11-21
C09327,Laura Wolf,justinadams@example.com,Southwest,Regular,2022-10-08
C09328,Anne Keller DVM,cynthiaperez@example.com,Northeast,Regular,2024-08-07
C09329,Brian Lewis,rpatel@example.org,West,New,2023-07-18
C09330,Dennis Warren,nwhite@example.com,Southeast,New,2023-05-21
C09331,Christina Anderson,berrykaren@example.com,Southeast,Regular,2023-08-07
C09332,David Stokes,andreaadams@example.net,Midwest,New,2024-10-22
C09333,Laura Wise,prestoncarroll@example.org,Midwest,Regular,2022-04-27
C09334,Karla Parks,christianmolina@example.net,West,Regular,2022-08-25
C09335,Natasha Allison,patrickteresa@example.org,Midwest,Regular,2022-09-26
C09336,Casey Walker II,anita74@example.org,Southeast,Regular,2024-01-06
C09337,Jay Sanchez,virginiasmith@example.net,West,Regular,2022-01-13
C09338,Bryan Robinson,jennifermeza@example.net,Midwest,Regular,2024-08-15
C09339,Dr. Samuel Ryan,cooleyamy@example.org,Southeast,Regular,2022-10-12
C09340,Courtney Campos,duraneric@example.net,West,Regular,2023-10-06
C09341,Amanda Chang,davistracy@example.com,Southwest,Regular,2024-11-24
C09342,Zachary Ruiz,patricia34@example.net,Midwest,New,2023-03-16
C09343,Trevor Parsons,cathyrichard@example.org,West,Regular,2023-09-09
C09344,Sabrina Bullock,floreswilliam@example.net,West,Regular,2023-11-12
C09345,Mackenzie Smith,erin87@example.net,Southeast,Regular,2023-12-08
C09346,Andre Smith,thomasangela@example.net,Southwest,Regular,2023-08-31
C09347,Christopher Barnes,waguilar@example.com,West,Regular,2024-11-19
C09348,Dale Wilson,williamsjennifer@example.net,Southeast,Regular,2023-01-28
C09349,Michael Richards,wernerjennifer@example.org,Northeast,New,2022-02-15
C09350,Marcus Meyer,zjones@example.net,West,Regular,2022-10-09
C09351,Brenda Phillips,diana49@example.org,Northeast,At-Risk,2022-02-28
C09352,Lance Lozano,emily18@example.org,West,Regular,2023-07-06
C09353,Nicholas Brown,steven68@example.com,Midwest,Regular,2024-11-06
C09354,Trevor Montes,jbradley@example.org,Southeast,At-Risk,2023-12-27
C09355,Ebony Chavez,tparsons@example.org,West,Regular,2024-05-20
C09356,Matthew Blankenship MD,vmiller@example.net,Southwest,Regular,2023-09-19
C09357,Derek Hernandez,zmorris@example.com,Northeast,Regular,2023-11-23
C09358,Jeffrey Romero,emily98@example.org,Midwest,Regular,2022-12-03
C09359,Laura Johnson,qroberts@example.net,West,Regular,2024-09-06
C09360,Courtney Chapman,cynthiamorse@example.net,Northeast,Regular,2023-02-20
C09361,Amanda Lin DDS,diana58@example.org,Southwest,New,2024-08-04
C09362,Latasha Miller,barrylopez@example.com,Southeast,Regular,2023-08-14
C09363,Heather Reese,john73@example.net,Southwest,Regular,2024-10-14
C09364,Austin Oliver,theodoremathis@example.com,West,VIP,2023-01-11
C09365,Kathryn Hughes,ashley65@example.com,West,Regular,2024-04-14
C09366,Gregory Martinez,timothy20@example.com,Southeast,Regular,2022-10-23
C09367,Jacqueline Rivera,jessica03@example.org,West,New,2023-05-08
C09368,Austin Bradley,haguilar@example.com,Midwest,New,2024-11-22
C09369,Mrs. Julia Lynch,robinbradshaw@example.net,West,Regular,2023-08-12
C09370,Cody Gordon,shannonmitchell@example.com,Midwest,Regular,2023-06-21
C09371,Rachel Paul,jcarlson@example.com,Southwest,Regular,2022-04-27
C09372,Karen Chambers,meyertara@example.org,Northeast,New,2024-09-26
C09373,Patricia Carrillo,ydavis@example.org,Southeast,VIP,2024-08-28
C09374,Nicholas Perez,ihaney@example.org,Southwest,Regular,2024-06-14
C09375,Erin Herrera,amanda15@example.org,Southwest,New,2023-12-16
C09376,Joseph Hays,christopherobrien@example.org,Northeast,Regular,2024-05-12
C09377,Samantha Compton,aprilolson@example.com,Midwest,Regular,2022-03-05
C09378,Andrew Barrett,andrewalvarez@example.org,Southeast,Regular,2023-07-26
C09379,Ethan Nicholson,ramosthomas@example.net,Northeast,New,2024-08-03
C09380,Elizabeth Woods,autumnowens@example.com,Northeast,At-Risk,2022-04-20
C09381,Kevin Morton,tnelson@example.net,Northeast,Regular,2022-01-16
C09382,James Mendoza,dana80@example.net,Northeast,New,2024-07-25
C09383,Steve Sanders,ricardo15@example.com,Southeast,Regular,2023-10-04
C09384,Robert Lucas,emiller@example.org,Northeast,Regular,2022-04-07
C09385,Tony Bryant,sharoncampbell@example.com,Southeast,Regular,2022-06-14
C09386,Michele Cochran,rwilliams@example.net,Northeast,Regular,2022-06-10
C09387,Craig Martin,cassandrafernandez@example.com,Southeast,Regular,2024-02-24
C09388,Bernard Martin,ronald49@example.org,Southwest,Regular,2022-04-27
C09389,Carol Williams,jessicastrong@example.net,West,VIP,2022-11-19
C09390,Jennifer Mitchell,vdouglas@example.com,Midwest,Regular,2023-04-20
C09391,Christopher Little,harrismikayla@example.org,Midwest,Regular,2022-11-12
C09392,Paul Patel,williamszachary@example.org,Northeast,Regular,2023-04-01
C09393,Yolanda Miranda,edwardsgregory@example.org,Northeast,Regular,2023-04-03
C09394,Casey Steele,stephenwilkins@example.com,West,At-Risk,2024-11-05
C09395,Leslie Haley,colerobert@example.net,Midwest,Regular,2022-06-09
C09396,Jill Young,kevinsmith@example.net,Midwest,New,2023-12-29
C09397,Brent Williams,iscott@example.net,Southwest,Regular,2022-09-10
C09398,Brian Melton,jeffery26@example.com,Southeast,Regular,2022-05-28
C09399,John Cook,evelyn39@example.net,West,Regular,2022-10-13
C09400,Michael Price,pricealicia@example.com,West,New,2024-05-02
C09401,Michael Ibarra,bspence@example.com,Northeast,Regular,2022-08-25
C09402,Austin Martinez,james45@example.net,Midwest,Regular,2022-02-14
C09403,Jamie Foster,gwendolyn59@example.com,Southeast,Regular,2022-09-06
C09404,Megan Hill,brownoscar@example.net,Southwest,New,2023-03-15
C09405,Shane Brown,priley@example.net,Southwest,Regular,2022-07-05
C09406,David Todd,ihowell@example.org,Midwest,Regular,2024-06-02
C09407,Deanna Vega,garciajennifer@example.net,Southeast,At-Risk,2022-12-01
C09408,Daniel Black,joseph88@example.org,Northeast,At-Risk,2023-01-15
C09409,Marvin Gregory,robert32@example.com,Southwest,New,2022-03-28
C09410,Samuel Donovan,baileybrian@example.net,Southwest,New,2024-08-15
C09411,Karen Kim,whitedanielle@example.org,Southwest,At-Risk,2024-04-19
C09412,Mr. Edward Harrison,martineztravis@example.org,Midwest,VIP,2024-09-22
C09413,Matthew Kim,amanda70@example.net,Southeast,Regular,2023-05-05
C09414,John Dennis,brenda67@example.com,Southeast,New,2024-03-16
C09415,Juan Boone,william22@example.net,Southwest,At-Risk,2023-06-17
C09416,Erica Johnson,thorntondavid@example.com,Midwest,Regular,2024-10-13
C09417,Christina Miller,chrisjohnson@example.com,Southeast,New,2022-09-27
C09418,Joseph Pacheco,travishill@example.org,Southeast,Regular,2022-06-18
C09419,Carol Nixon,seanjenkins@example.com,Southeast,Regular,2024-08-10
C09420,Adam Flores,jhughes@example.com,Midwest,At-Risk,2023-07-01
C09421,Michelle Pacheco,daynathaniel@example.net,Midwest,Regular,2023-01-15
C09422,Dawn Velasquez,mcannon@example.net,Midwest,Regular,2022-12-10
C09423,Gabriel Randolph,michael06@example.com,Midwest,Regular,2023-03-23
C09424,Carrie Salazar,kellydavis@example.com,West,Regular,2024-10-27
C09425,Kimberly Lawrence,timothy03@example.org,Southeast,Regular,2023-12-15
C09426,Kylie Strickland,stephaniemason@example.com,Northeast,Regular,2023-03-20
C09427,Michele Sanchez,coltonkeller@example.net,Midwest,Regular,2024-08-08
C09428,Dalton Allen,llopez@example.org,Southeast,Regular,2023-11-30
C09429,Michelle Smith,jeffreyporter@example.com,West,Regular,2022-12-16
C09430,Joshua Haley,regina37@example.org,West,Regular,2023-08-15
C09431,Brooke Thomas,whitejames@example.com,Northeast,Regular,2022-07-28
C09432,John Lee,adriana14@example.net,Northeast,At-Risk,2024-05-31
C09433,Erik Thomas DDS,steve17@example.com,Southeast,Regular,2024-11-14
C09434,Tracey Ramirez,mtaylor@example.net,Southwest,Regular,2024-01-07
C09435,Richard Ellis,xadams@example.org,West,At-Risk,2024-06-10
C09436,Mark Williams,tannercolon@example.org,Northeast,New,2023-01-13
C09437,Marie Jennings,bethany34@example.com,Midwest,Regular,2023-11-17
C09438,Kelly Martin,morgananthony@example.net,Midwest,Regular,2024-12-12
C09439,Timothy Ortiz MD,amandaaguilar@example.net,West,New,2024-11-24
C09440,Crystal Reed,aliciabrown@example.com,Midwest,Regular,2023-04-15
C09441,Cynthia Cowan,pattersoncrystal@example.com,Southeast,Regular,2024-12-17
C09442,Emma Harris,davidbrown@example.com,West,Regular,2022-02-20
C09443,Henry James,moorechristopher@example.net,Midwest,At-Risk,2022-04-17
C09444,Dr. Luke Green,heathermiddleton@example.net,Midwest,New,2022-11-10
C09445,Brittney Sullivan,matthew27@example.net,Southeast,At-Risk,2022-03-06
C09446,Ashley Sanders,kevin02@example.com,Midwest,VIP,2024-07-09
C09447,Sean Jordan,nbaker@example.net,Northeast,Regular,2023-06-17
C09448,James Clarke,deborah10@example.com,Midwest,Regular,2022-01-24
C09449,Stacy Graves,jessicahoward@example.com,Southeast,Regular,2023-05-14
C09450,Debra Nelson MD,hendrixsamantha@example.net,West,At-Risk,2024-04-19
C09451,John Gibbs,richard56@example.net,Northeast,Regular,2024-08-15
C09452,Jacob Keith,sharon49@example.org,Southwest,VIP,2023-12-11
C09453,Laura Bonilla,fgeorge@example.net,Southeast,Regular,2024-09-13
C09454,Nicole Smith,tracy24@example.com,Southwest,New,2022-11-05
C09455,Sylvia Shelton,kevin92@example.com,Northeast,Regular,2024-08-22
C09456,Sharon Norris,christopherhiggins@example.org,Northeast,Regular,2024-07-24
C09457,Jason Howe,washingtonsamuel@example.net,Southeast,VIP,2023-05-02
C09458,Logan Bass,paulchoi@example.com,Northeast,Regular,2023-05-14
C09459,Sarah Johnson,jeffreycunningham@example.com,West,Regular,2023-03-18
C09460,Monica Pena,tkelley@example.com,Southeast,Regular,2024-04-04
C09461,Peter Ayers,penny46@example.com,West,Regular,2024-08-19
C09462,Ashley Hall,williamsmatthew@example.org,Midwest,Regular,2022-02-20
C09463,Janet Miller,william23@example.com,Northeast,Regular,2024-11-11
C09464,Stacie Jones,lewispatricia@example.com,West,New,2023-03-29
C09465,Peter Smith,riversaustin@example.net,Southeast,Regular,2022-07-16
C09466,Matthew Walters,patricia70@example.com,Northeast,Regular,2024-04-21
C09467,Julie Frazier,michaelbennett@example.org,Midwest,At-Risk,2023-12-03
C09468,Brian Glass,bernardyoung@example.net,Midwest,Regular,2024-01-23
C09469,Raymond Wright,phernandez@example.com,West,Regular,2022-05-09
C09470,Ronald Hammond,fernandezeric@example.com,Southeast,Regular,2023-11-30
C09471,Brandon Lee,josephhernandez@example.net,West,Regular,2024-02-02
C09472,Michael Nunez,melanieramirez@example.com,West,Regular,2022-11-05
C09473,Rachael Mitchell,xlittle@example.net,Northeast,New,2023-01-26
C09474,Madison Hernandez,olane@example.org,West,Regular,2022-11-19
C09475,Jill Green,chad29@example.org,Northeast,Regular,2023-07-26
C09476,Kimberly Mason,jessica90@example.com,Southwest,New,2024-09-01
C09477,Paul Jackson,deniseevans@example.org,Southwest,Regular,2022-06-05
C09478,James Jackson,wwalker@example.org,Southeast,Regular,2023-01-05
C09479,Kevin Jones,cgrimes@example.org,West,Regular,2024-12-02
C09480,Angela Ruiz,delgadocasey@example.net,West,New,2023-06-09
C09481,Kimberly Mendez,lindamoore@example.org,Northeast,New,2024-07-08
C09482,Brittany Smith,jamesanderson@example.net,Southeast,Regular,2024-03-23
C09483,Zachary Baker,matthew58@example.net,Midwest,New,2024-10-30
C09484,Donna Cooley,hamptonchristopher@example.org,Northeast,Regular,2024-08-19
C09485,Anna Friedman,yolanda10@example.com,Midwest,New,2024-08-09
C09486,Derek Vaughan,yriley@example.net,West,Regular,2024-03-05
C09487,Caroline Ortiz,judith06@example.com,Southwest,Regular,2022-07-25
C09488,Kimberly Mcguire,coreyli@example.net,Northeast,Regular,2022-11-17
C09489,Robert Williams,cartercourtney@example.net,Southeast,Regular,2023-05-31
C09490,Lee Roberts,crossjoseph@example.com,West,VIP,2024-04-17
C09491,Russell Velez,katherine94@example.net,Northeast,Regular,2022-05-29
C09492,Robert Hernandez,davidturner@example.org,Northeast,VIP,2023-06-02
C09493,Heidi Stewart,johnsonjennifer@example.net,Southeast,Regular,2022-05-14
C09494,Tyler Salazar,shauncarter@example.org,Southwest,Regular,2023-04-01
C09495,Jessica Wallace,robert21@example.net,Northeast,Regular,2024-07-18
C09496,Shaun Williams,robertsonevan@example.com,West,VIP,2023-10-06
C09497,Cassandra Stevenson,john63@example.com,Midwest,VIP,2024-12-10
C09498,John Johnson,wileysarah@example.net,West,Regular,2022-03-15
C09499,Lisa Liu,gregorygarcia@example.com,Southwest,Regular,2022-08-24
C09500,Christy Lee,stephanie56@example.com,West,VIP,2023-08-30
C09501,Heidi Flores,danieldavis@example.net,Midwest,Regular,2024-10-09
C09502,Larry Mills,sanchezkevin@example.org,Northeast,New,2022-12-07
C09503,Sandra Brown,glewis@example.org,Midwest,Regular,2024-06-05
C09504,Phillip Lopez,williamryan@example.net,West,Regular,2023-09-05
C09505,Michael Meadows,heidi31@example.com,West,Regular,2022-07-10
C09506,Laura Compton,johnsonkayla@example.net,West,Regular,2024-05-31
C09507,Kim Li,thomasmartin@example.net,Northeast,Regular,2022-07-07
C09508,Ralph Crawford,anna14@example.org,Northeast,At-Risk,2023-03-09
C09509,Matthew Evans,nicholaslopez@example.org,Southeast,At-Risk,2023-05-24
C09510,Kimberly West,paul68@example.com,West,New,2022-07-07
C09511,Anita Burnett,pcallahan@example.net,Northeast,VIP,2023-08-07
C09512,Jennifer Gentry,michael90@example.com,Northeast,Regular,2024-07-14
C09513,Joseph Willis,adamsterri@example.org,Southwest,VIP,2023-02-19
C09514,Karen Hernandez,troymoore@example.net,Southwest,Regular,2024-01-31
C09515,Angela Lyons,fclark@example.net,West,Regular,2023-05-05
C09516,Erica Turner,paulgood@example.net,Southeast,New,2023-10-28
C09517,Jillian Thomas,robinbrowning@example.net,Southeast,Regular,2024-07-06
C09518,Gary Morgan,kathleenshaw@example.org,Midwest,Regular,2022-12-12
C09519,Amanda Rogers,brendasullivan@example.net,Southeast,Regular,2023-03-25
C09520,Tamara Harmon,michelleblankenship@example.org,Northeast,New,2023-01-22
C09521,Vanessa Perez,kristen74@example.org,West,Regular,2023-11-15
C09522,Aaron Thompson,john71@example.org,West,Regular,2023-03-07
C09523,Carlos Ford,zsmith@example.com,Midwest,VIP,2022-06-28
C09524,Kelly Wong,grahamanna@example.com,West,Regular,2024-10-17
C09525,Jerry Garcia,ggarcia@example.com,Southeast,Regular,2024-07-05
C09526,Colin Ochoa,richmondkevin@example.net,Midwest,Regular,2024-05-16
C09527,Matthew Cole,derekgalvan@example.com,Southeast,At-Risk,2022-11-10
C09528,Francisco Oliver,jongutierrez@example.net,Northeast,Regular,2022-01-09
C09529,Virginia Bell,kristinemurphy@example.net,Southwest,Regular,2024-07-29
C09530,Cheryl Scott,zyoder@example.net,Southeast,Regular,2024-11-17
C09531,Jesse Nelson,coxshari@example.net,Midwest,Regular,2022-11-23
C09532,Melissa Allen,ewoodard@example.net,Southwest,Regular,2022-06-01
C09533,Richard Davis,charlesmiller@example.net,West,New,2022-01-27
C09534,Jessica Roberson,hsmith@example.com,Southeast,Regular,2022-05-21
C09535,Kevin Stark,rogersanita@example.org,Midwest,Regular,2024-10-19
C09536,Amy Jones,dakotamendez@example.net,West,New,2022-03-10
C09537,Susan Berry,robertawilson@example.org,Southwest,Regular,2024-02-21
C09538,Meghan Griffith,beth93@example.net,Northeast,Regular,2023-11-12
C09539,Erica Jacobs,leechristopher@example.org,Southwest,At-Risk,2023-06-08
C09540,Traci Carpenter MD,ricethomas@example.net,Northeast,Regular,2024-04-04
C09541,Carmen Morris,ramirezchristopher@example.com,Southwest,Regular,2023-12-06
C09542,Robin Khan,zolson@example.com,Midwest,At-Risk,2023-02-25
C09543,Richard Bowman,uhutchinson@example.net,West,Regular,2024-06-16
C09544,Madeline Dixon,ucase@example.com,West,Regular,2022-06-15
C09545,Dr. Sarah Long MD,jamiechurch@example.net,Southwest,Regular,2022-10-28
C09546,Mark Castillo,barnesjennifer@example.net,Southwest,Regular,2024-04-18
C09547,Darius Horton,adrianlee@example.org,Midwest,Regular,2022-11-06
C09548,Tammy Jones,eric34@example.net,Midwest,Regular,2023-06-13
C09549,Christian Warren,lewisscott@example.org,Midwest,Regular,2024-09-23
C09550,Michael Nguyen,rodriguezvictor@example.net,Midwest,Regular,2024-09-20
C09551,Matthew Lloyd,nguyenjames@example.com,Northeast,Regular,2023-11-05
C09552,Darryl Rivera,lisanorton@example.net,West,VIP,2022-06-28
C09553,Elizabeth Collins,amy96@example.org,Southeast,At-Risk,2022-03-09
C09554,Ryan Brown,pamelarichardson@example.com,Northeast,Regular,2022-12-31
C09555,Gabriel Clay,mariagutierrez@example.net,Southeast,Regular,2022-03-27
C09556,Brandon Bautista,allisonmartinez@example.net,Midwest,New,2023-09-29
C09557,Dennis Marshall,warrencynthia@example.com,Midwest,Regular,2024-09-19
C09558,Rodney Eaton,timothy62@example.net,Midwest,VIP,2022-11-25
C09559,Karen Romero,jacquelinevaldez@example.net,Southwest,Regular,2023-04-16
C09560,Eric Freeman,cbernard@example.org,Southeast,Regular,2024-05-12
C09561,Tina Welch,vlarson@example.org,Southwest,Regular,2023-10-26
C09562,David Hall,davidwagner@example.net,Northeast,New,2022-02-16
C09563,Angelica Adams,leahfisher@example.org,Southeast,Regular,2024-01-09
C09564,Michelle Meyer,sandovaljames@example.net,West,Regular,2024-12-30
C09565,Erin Nguyen,erik65@example.net,West,Regular,2023-08-06
C09566,Mary Briggs,xmckinney@example.net,Northeast,At-Risk,2023-12-24
C09567,Alan Contreras,jackholmes@example.com,Northeast,Regular,2023-11-15
C09568,Kimberly Leon,garyfreeman@example.com,Southwest,Regular,2023-10-31
C09569,Jill Hall,zadams@example.com,West,Regular,2022-06-29
C09570,Jennifer Ingram,kaufmanjonathan@example.net,Southeast,Regular,2022-06-16
C09571,Jennifer Stevens,millermark@example.org,Southeast,VIP,2022-07-12
C09572,Laura Hamilton,hcraig@example.net,Northeast,New,2022-03-19
C09573,Lisa Watts,williamschelsea@example.org,Southeast,Regular,2023-02-08
C09574,Mason Williams,uwhite@example.org,Southeast,Regular,2024-02-11
C09575,Adam Sandoval,stephanie53@example.net,West,Regular,2024-02-24
C09576,Alicia Ortega,acalhoun@example.com,Northeast,Regular,2022-07-15
C09577,Michele Gill,clarkamanda@example.com,Southwest,New,2022-02-10
C09578,Chelsea Watson,nicholasramirez@example.org,Southeast,Regular,2024-01-10
C09579,Francisco Martinez,ariashannah@example.org,Northeast,Regular,2022-02-04
C09580,Michael Palmer,michael75@example.com,Midwest,Regular,2024-06-01
C09581,Cindy Crawford,chenderson@example.org,Southeast,Regular,2024-06-14
C09582,Carly Scott,ccarter@example.net,West,Regular,2022-01-05
C09583,Brian Shepherd,yolandaramirez@example.org,Midwest,Regular,2022-08-23
C09584,Sarah Fisher,tracyrobinson@example.org,West,Regular,2022-10-27
C09585,Holly Morrow,cscott@example.org,Southeast,Regular,2024-05-15
C09586,Colleen Donovan,dianasmith@example.net,Southwest,Regular,2024-06-05
C09587,Diana Kramer,timothyoconnor@example.com,Midwest,Regular,2024-01-27
C09588,Debbie Thompson,tony19@example.org,Southeast,Regular,2024-05-21
C09589,Pamela Russell,jennifer50@example.net,Southwest,Regular,2023-02-28
C09590,Vanessa Bradley,epage@example.org,Northeast,New,2022-03-12
C09591,Jeffrey Khan,audreymejia@example.com,Midwest,Regular,2023-03-04
C09592,Matthew Jones,michaelwallace@example.com,West,New,2024-08-31
C09593,Jerry Cohen,afox@example.com,Southeast,Regular,2024-10-13
C09594,Pamela Martinez,claytoncruz@example.org,Southwest,Regular,2024-01-11
C09595,Sandra Mcclain,khuynh@example.org,Southeast,Regular,2024-03-26
C09596,Roger Henderson,smiller@example.net,Midwest,Regular,2022-02-23
C09597,Philip Christensen,beardjeffrey@example.net,West,New,2024-12-04
C09598,Thomas Phillips,yhoward@example.net,Southeast,Regular,2022-07-02
C09599,Anthony Torres,simpsondonna@example.net,Southeast,Regular,2023-03-22
C09600,Joseph Skinner,welchrobert@example.net,Southeast,Regular,2022-10-13
C09601,Ryan Harrington,johnsoncynthia@example.net,Southwest,VIP,2023-07-07
C09602,Robert Mcguire,donaldcastro@example.org,Southeast,New,2024-01-28
C09603,William Li,amy25@example.com,Southeast,Regular,2022-10-23
C09604,Russell Gallagher,kyoung@example.com,West,Regular,2023-09-10
C09605,Timothy Carlson,gclark@example.org,Southeast,Regular,2023-10-02
C09606,Veronica Garrett,goodmanomar@example.org,Southwest,Regular,2024-06-23
C09607,Nathan Potter,zmarks@example.net,Northeast,Regular,2023-11-20
C09608,Christian Collier,fryelaura@example.com,Midwest,Regular,2024-06-18
C09609,Amy Klein,lowejeffrey@example.org,Midwest,New,2022-10-03
C09610,Jason Jackson,burketracy@example.net,Northeast,Regular,2024-12-26
C09611,Rhonda Young,roger79@example.net,Midwest,Regular,2023-05-15
C09612,Peter Webster,frenchjeanette@example.org,Southwest,Regular,2024-08-26
C09613,Mariah Blevins,george60@example.org,Northeast,Regular,2022-10-30
C09614,Michael Baker,xbradshaw@example.org,Northeast,Regular,2024-08-10
C09615,Timothy Gray,davidjackson@example.org,West,Regular,2022-07-23
C09616,Brittany Allen,bowmaneddie@example.org,Midwest,Regular,2024-09-25
C09617,Robert Payne,zoconnor@example.net,Southeast,Regular,2024-01-20
C09618,Evan Taylor,buckjustin@example.net,Southeast,Regular,2024-01-06
C09619,Ashley Hinton,laura12@example.com,West,Regular,2024-08-17
C09620,Charles Logan,barry70@example.net,Southwest,New,2023-11-09
C09621,Hunter Cantu,uhill@example.net,Southeast,Regular,2023-08-24
C09622,Kristin Nicholson,kathleen36@example.net,Southwest,Regular,2022-08-31
C09623,David Alvarez,steven67@example.net,Southwest,Regular,2023-04-13
C09624,Nicholas Jones,schapman@example.net,Southeast,Regular,2024-06-18
C09625,Frank Travis,carrillotodd@example.net,Southeast,Regular,2023-05-17
C09626,Jennifer Harmon,rromero@example.net,Midwest,Regular,2023-09-08
C09627,Kevin White,margaretjohnson@example.net,Southeast,VIP,2022-12-29
C09628,William Best,williamsyolanda@example.org,Northeast,Regular,2024-12-08
C09629,Austin Bell,jacquelineberry@example.net,Southwest,Regular,2022-08-10
C09630,Chad Day,brian08@example.com,West,Regular,2022-06-09
C09631,Jason Murphy,samanthadunn@example.org,Southeast,Regular,2022-09-23
C09632,Scott Smith,michellebrown@example.org,Northeast,Regular,2023-10-05
C09633,Juan Shepherd,allendennis@example.org,Midwest,Regular,2022-02-11
C09634,Shelby Hebert,ashley88@example.org,Southwest,Regular,2022-12-06
C09635,Amanda Robinson,scott36@example.org,Midwest,Regular,2024-07-07
C09636,Holly Carpenter,joseph93@example.net,Southwest,VIP,2022-05-25
C09637,Jorge Rubio,berryronnie@example.com,Northeast,Regular,2024-03-22
C09638,Tanya Gray,hadams@example.com,Midwest,Regular,2024-05-15
C09639,Jennifer Harrison,hparrish@example.org,Southeast,Regular,2023-06-27
C09640,Paul Taylor,umeyers@example.net,Southwest,At-Risk,2022-12-29
C09641,Ann Shelton,browningtimothy@example.net,West,Regular,2022-05-16
C09642,Brett Thompson,dwatson@example.com,Southwest,Regular,2022-01-03
C09643,Molly Rivera,sarah29@example.net,Southeast,VIP,2022-11-15
C09644,Katherine Rose,williamsbrooke@example.net,Northeast,Regular,2022-08-23
C09645,Joshua Greene,anthonylopez@example.com,Southwest,Regular,2023-10-07
C09646,Marissa Howell,amber29@example.org,Southeast,Regular,2024-05-19
C09647,Charles Harris,martin49@example.com,Northeast,Regular,2022-12-09
C09648,Anita Black,cassandrahull@example.net,Northeast,Regular,2022-05-02
C09649,Craig James,michaelmorgan@example.com,Southeast,New,2022-03-07
C09650,Walter Johnson,pmartin@example.net,West,Regular,2022-08-01
C09651,Carolyn Diaz,john25@example.com,West,Regular,2022-12-08
C09652,Justin Ross Jr.,sergio34@example.net,Northeast,Regular,2023-06-18
C09653,Tammy Gross,tuckerdarlene@example.com,Southeast,New,2022-11-21
C09654,Danielle Hayes,hutchinsonelizabeth@example.com,Midwest,Regular,2022-04-15
C09655,Timothy Frazier,meganhahn@example.com,Southeast,Regular,2023-02-05
C09656,Anthony Stewart,leemargaret@example.com,Southwest,Regular,2022-02-14
C09657,Erin Jones,anna94@example.net,Midwest,Regular,2023-12-16
C09658,Cindy Brown,albert78@example.net,Southwest,Regular,2023-11-28
C09659,Leah Holloway,kenneth10@example.com,Northeast,VIP,2022-11-09
C09660,Amy Johnson,tiffany55@example.com,Southwest,Regular,2024-12-19
C09661,Melissa Vazquez,gchandler@example.net,West,Regular,2023-08-11
C09662,Molly Baker,juan35@example.com,Midwest,VIP,2022-04-09
C09663,Sarah Burton,jgrant@example.com,Southeast,New,2024-11-28
C09664,Dr. Samantha King,davidcrawford@example.com,Southwest,Regular,2023-11-15
C09665,Richard Abbott,brittany75@example.com,Southwest,At-Risk,2022-02-21
C09666,Lisa Middleton,april20@example.com,West,Regular,2024-08-07
C09667,Cameron Rodriguez,vwhite@example.com,Northeast,Regular,2022-07-07
C09668,Charlotte James,gordonrachel@example.net,Southwest,New,2024-06-26
C09669,Michelle Wilson,carrolltammy@example.net,West,New,2024-04-27
C09670,Mary Reid,greeneanthony@example.org,Northeast,Regular,2023-06-06
C09671,Jordan Graves,meganrobinson@example.org,Northeast,Regular,2023-09-27
C09672,Jennifer Woodard,michael14@example.com,Southeast,New,2024-02-14
C09673,Rachel Medina,bethany65@example.net,West,Regular,2022-05-04
C09674,Jenna Wright,stoutsandra@example.com,Northeast,Regular,2024-10-27
C09675,Wyatt Ramirez,fishergary@example.net,Midwest,Regular,2024-11-05
C09676,Christine Martinez,daniel04@example.com,West,At-Risk,2022-04-30
C09677,Shawn Young,roger35@example.org,Northeast,At-Risk,2023-01-15
C09678,Monica Allen,katherinelee@example.com,Southeast,Regular,2024-12-11
C09679,Dr. Michael Randolph,jeremyhull@example.org,Midwest,New,2022-09-19
C09680,Debra Miles,crystalcole@example.net,Northeast,Regular,2024-04-08
C09681,Michael Reeves PhD,brandon42@example.org,Midwest,New,2022-01-16
C09682,Janice Howard,lauren03@example.org,West,Regular,2022-03-15
C09683,Kim Patterson,haydenlong@example.com,West,Regular,2023-05-27
C09684,Keith Pierce,davisshannon@example.org,Midwest,Regular,2022-10-16
C09685,Lisa Melendez,mary58@example.org,Midwest,Regular,2024-11-01
C09686,Katie Scott,michaelcowan@example.org,West,At-Risk,2023-09-08
C09687,Christy Hoover,jordanjones@example.org,Southwest,Regular,2024-11-10
C09688,Richard Vance,rebeccapalmer@example.org,Southwest,Regular,2023-10-01
C09689,Arthur Jones,pauljohnson@example.net,West,At-Risk,2022-08-18
C09690,Kelli Williams,melanie26@example.org,Southeast,Regular,2022-04-14
C09691,William Grimes,elizabeth72@example.com,West,At-Risk,2022-02-27
C09692,Ruben Barker,james85@example.org,Northeast,Regular,2022-04-30
C09693,Teresa Lewis,johnsonpatricia@example.com,Southeast,VIP,2024-01-19
C09694,Leah Kelley,alyssa68@example.com,West,Regular,2024-01-30
C09695,Eduardo Nguyen,philipdrake@example.org,Midwest,At-Risk,2022-12-16
C09696,Walter Martinez,colemanstephen@example.org,Southeast,Regular,2022-03-30
C09697,Larry Carrillo,whitakerapril@example.com,Southeast,VIP,2023-03-01
C09698,Dr. Casey West DVM,matthewarmstrong@example.com,Midwest,Regular,2024-02-24
C09699,Sandra Harris,shortrandall@example.org,Midwest,Regular,2023-03-23
C09700,Nicholas Pugh,patrickturner@example.net,Midwest,At-Risk,2022-06-21
C09701,Cameron Bailey II,jeffrey14@example.org,Northeast,Regular,2023-03-12
C09702,Juan Garcia,pamela09@example.org,Southeast,Regular,2022-10-19
C09703,Kimberly Harris,othomas@example.com,Southeast,New,2023-03-19
C09704,Leslie Blankenship,uconley@example.org,West,Regular,2024-12-17
C09705,Kathleen Martin,rodriguezabigail@example.com,Northeast,Regular,2023-03-29
C09706,Patrick Pierce,craigholt@example.com,Southwest,Regular,2022-03-22
C09707,Kyle Lozano,rebeccabrown@example.com,Southeast,Regular,2023-05-27
C09708,John Mitchell,charlesgarcia@example.org,Southeast,At-Risk,2024-02-08
C09709,Zachary Wu,bernardsteven@example.org,Northeast,Regular,2023-03-16
C09710,Christopher Miller,gonzalezshelia@example.org,Southwest,Regular,2024-09-21
C09711,Philip Kidd,irwinheather@example.net,Southeast,Regular,2022-08-20
C09712,Jeff Banks,kenneth81@example.org,Northeast,Regular,2024-06-29
C09713,Abigail Armstrong,montoyabenjamin@example.com,Northeast,Regular,2022-01-19
C09714,Mary Dawson,jacksonkerry@example.org,West,Regular,2023-07-24
C09715,Adam Stone,whenry@example.com,Midwest,At-Risk,2023-11-14
C09716,Brooke Jenkins,jill22@example.org,Midwest,At-Risk,2022-03-09
C09717,Cheryl Sanchez,vcunningham@example.net,Southwest,Regular,2022-04-22
C09718,Daniel Garcia,ltodd@example.com,Southwest,Regular,2022-03-23
C09719,Amanda Smith,petersonpamela@example.com,Midwest,VIP,2022-12-13
C09720,Jordan Clark,anthony39@example.net,Midwest,Regular,2024-02-22
C09721,Catherine Sandoval,downsvicki@example.net,West,Regular,2023-10-20
C09722,Jonathan Flores,dianamcdaniel@example.org,Midwest,New,2024-08-29
C09723,Annette Johnson,mgarcia@example.com,West,Regular,2023-10-17
C09724,Ray Sanchez,williamsevan@example.org,Southeast,New,2024-11-06
C09725,Michael Johnston,adamswilliam@example.org,Midwest,Regular,2022-09-16
C09726,Russell Henderson,micheal78@example.net,Northeast,New,2023-09-21
C09727,Courtney Navarro,lisa54@example.org,West,Regular,2024-01-01
C09728,Darrell Walters,cranemichael@example.com,West,Regular,2022-03-24
C09729,Brandon Russell,jbell@example.net,Midwest,Regular,2022-01-26
C09730,Nicole Davis,danielle39@example.org,Northeast,Regular,2022-03-23
C09731,Dawn Hernandez,brogers@example.org,Midwest,Regular,2022-06-08
C09732,Robert Banks,williamskatherine@example.net,Southwest,Regular,2024-02-07
C09733,Jill Navarro,fcarlson@example.net,Southeast,New,2022-12-09
C09734,Madison Walker,rstokes@example.net,Northeast,Regular,2023-09-08
C09735,Elizabeth White,ryanboyd@example.org,Southeast,Regular,2022-05-29
C09736,Linda Parker,william59@example.net,West,Regular,2023-03-27
C09737,Erika Davis,kellyjason@example.org,Northeast,Regular,2022-01-07
C09738,Jennifer Jensen,zrichardson@example.net,Southwest,Regular,2022-03-31
C09739,William Anderson MD,zmcknight@example.com,Southwest,Regular,2023-01-05
C09740,Kristina Moore,lsmith@example.net,Southwest,At-Risk,2023-12-06
C09741,Mary Hunter,michellejones@example.com,Southwest,Regular,2022-11-20
C09742,Ryan Tyler,stephanie02@example.org,Midwest,At-Risk,2024-02-25
C09743,Kimberly Trujillo,marylove@example.com,Southeast,Regular,2022-04-24
C09744,Mary Mcdonald,npowers@example.net,Southeast,VIP,2022-07-08
C09745,Cathy Sullivan,robbinsbrian@example.org,West,New,2024-12-04
C09746,Kimberly Cunningham,espinozasarah@example.org,West,Regular,2024-02-16
C09747,Mary Miller,shawn86@example.com,Northeast,Regular,2022-01-22
C09748,Kelly Newton,bhull@example.org,Midwest,New,2024-11-30
C09749,Rachel Moore,fgallagher@example.com,Southeast,New,2024-07-16
C09750,Robin Thornton,bruce57@example.org,Northeast,Regular,2022-08-05
C09751,Zachary Turner,mkelly@example.org,Northeast,Regular,2024-12-30
C09752,Joseph Wagner,cheryl27@example.net,West,New,2022-12-13
C09753,Jesse Jackson,wandaperkins@example.com,Northeast,At-Risk,2023-05-03
C09754,Richard Alvarez,levi61@example.org,Northeast,Regular,2024-01-16
C09755,Kristine Watson,michaelgates@example.org,West,New,2023-01-30
C09756,Ashley Gordon,thomasdebra@example.net,Midwest,Regular,2022-11-08
C09757,Ivan Williams,urobinson@example.com,Southeast,Regular,2022-01-15
C09758,James Washington,andrew29@example.org,Southwest,Regular,2022-11-08
C09759,Gregory Shaw,shelley62@example.org,Northeast,Regular,2024-12-15
C09760,Jennifer Miranda DVM,mejiajon@example.org,Southwest,Regular,2024-02-19
C09761,Marcus Castillo,toddhays@example.net,Southeast,Regular,2023-11-19
C09762,Chase King,uwerner@example.org,Southeast,Regular,2023-10-02
C09763,Daniel Nichols,cwright@example.net,Southeast,VIP,2023-02-17
C09764,Mark Taylor,fsmith@example.net,Midwest,Regular,2022-11-04
C09765,Albert Harris,michele65@example.com,Southeast,New,2024-04-23
C09766,William Simmons,pcook@example.net,Midwest,Regular,2024-11-10
C09767,Rachael Webb,brittany03@example.org,Northeast,New,2023-02-19
C09768,Darrell Brown,nicolemarshall@example.net,Midwest,Regular,2023-09-05
C09769,Courtney Keller,kennethvasquez@example.com,West,New,2024-07-03
C09770,Juan Davidson,amandawilliams@example.org,Northeast,New,2022-08-12
C09771,Sarah Williams,kyle41@example.net,Midwest,New,2022-11-10
C09772,Kerry Anderson,jmorrison@example.net,Northeast,Regular,2024-05-29
C09773,Theodore Gonzales,lee21@example.com,West,Regular,2022-11-19
C09774,Dennis Jefferson,gerald10@example.org,Southeast,New,2024-08-06
C09775,Mr. Christopher Novak,laurenflynn@example.org,Southeast,Regular,2023-07-02
C09776,Brian Rodriguez,poolebonnie@example.org,Northeast,Regular,2023-12-01
C09777,Savannah Day,anna60@example.org,Southeast,Regular,2023-09-25
C09778,Jose Davis,xespinoza@example.com,Northeast,New,2022-10-27
C09779,Earl Brady,ynguyen@example.com,Southwest,Regular,2024-06-06
C09780,Tanya Smith,bavila@example.net,West,Regular,2024-12-16
C09781,Maxwell Jackson,laura46@example.com,Midwest,At-Risk,2023-08-04
C09782,Mike Guzman,thompsonmichelle@example.org,Southwest,Regular,2023-08-03
C09783,Lindsey Mitchell,bellmicheal@example.com,West,Regular,2022-04-16
C09784,William Simmons,greggreer@example.com,Northeast,Regular,2024-04-04
C09785,Karen Valdez,jerome79@example.net,Northeast,Regular,2023-12-10
C09786,Jeffery Garcia,qkemp@example.com,Southeast,Regular,2024-06-17
C09787,Heidi Boyer,bryanmcdaniel@example.com,Southwest,New,2024-08-11
C09788,Nicole Castillo,michaelbarnes@example.net,Southeast,Regular,2024-06-23
C09789,Kathryn Davis,nunezkenneth@example.org,Northeast,Regular,2023-10-17
C09790,Tracy Miller,pricebrian@example.com,Southwest,Regular,2024-05-13
C09791,Karen Coleman,jacqueline08@example.org,Southeast,Regular,2024-01-13
C09792,David Hartman,davidmiller@example.net,Northeast,Regular,2022-05-03
C09793,Christina Hernandez,robertjohnson@example.com,West,Regular,2024-02-25
C09794,Anthony Whitehead,bryanwilliams@example.org,Midwest,VIP,2024-06-17
C09795,James Aguilar,carolinedavis@example.org,Midwest,New,2024-01-19
C09796,Jamie Gonzales,michellepatterson@example.org,Southwest,VIP,2023-10-31
C09797,Virginia Howell,psweeney@example.org,Midwest,New,2023-03-25
C09798,Kelly Johnson,richmondbarry@example.org,Midwest,At-Risk,2022-01-29
C09799,Darius Key,bennettchristina@example.net,Southeast,VIP,2023-05-24
C09800,Carrie Hobbs,jeffersontracy@example.com,Southeast,At-Risk,2023-02-12
C09801,Kristina Levy DDS,joshua95@example.com,Southwest,At-Risk,2022-03-23
C09802,Joshua Cooper,lisa39@example.net,Midwest,Regular,2022-11-04
C09803,Douglas Avila,kellyperez@example.org,West,At-Risk,2022-08-02
C09804,Christina Jarvis,schultzmiguel@example.org,West,Regular,2022-05-28
C09805,Elizabeth Cowan,thumphrey@example.com,Southwest,Regular,2024-11-03
C09806,April Jackson,adam67@example.net,Northeast,Regular,2022-10-21
C09807,Michael Mccoy,robert67@example.org,Southeast,Regular,2024-06-12
C09808,David Weiss,fitzgeraldmaria@example.net,Southeast,Regular,2024-07-26
C09809,Megan Pugh,noahgonzalez@example.com,West,New,2024-06-09
C09810,Karen Bender,wellsangela@example.com,Midwest,Regular,2024-05-10
C09811,Mary Colon,lisa80@example.com,Midwest,Regular,2022-06-03
C09812,Thomas Bender,johnhenry@example.net,Southwest,Regular,2023-04-03
C09813,Jason Anderson,bharris@example.com,Southeast,New,2023-10-26
C09814,Teresa Kelley,christopher88@example.org,Midwest,New,2022-06-28
C09815,Larry Shepard,sarah88@example.com,Midwest,Regular,2022-11-24
C09816,Holly Barton,gortiz@example.net,Midwest,Regular,2023-03-04
C09817,Tommy Underwood,santiagoheidi@example.com,Northeast,Regular,2022-07-02
C09818,Alex Lane,misty39@example.com,Southeast,Regular,2023-08-09
C09819,Christy Barber,gnelson@example.org,Southeast,At-Risk,2022-08-15
C09820,Stephen Silva,dean29@example.com,West,Regular,2023-08-23
C09821,Theresa Nash,kimberlyhays@example.com,Southeast,Regular,2023-09-25
C09822,Maureen Jackson,joshua87@example.org,Midwest,Regular,2024-04-20
C09823,Alison Johnson,catherine22@example.com,Northeast,At-Risk,2023-03-28
C09824,Melissa Adams,sanchezkathleen@example.com,Northeast,Regular,2024-10-10
C09825,Tiffany Lawrence,josephnelson@example.org,West,New,2024-09-16
C09826,Luis Garcia,diazvictor@example.net,Midwest,Regular,2024-12-16
C09827,Patrick Brewer,heather06@example.net,West,Regular,2023-06-26
C09828,Adam Stone,lpark@example.org,Southeast,Regular,2024-03-29
C09829,Peter Campbell,smithjodi@example.net,Southwest,Regular,2024-08-17
C09830,Kelsey Fritz,louis56@example.net,West,Regular,2024-01-16
C09831,Michael Chavez,dwiley@example.org,Midwest,Regular,2023-09-02
C09832,Joel Griffith,mitchellzoe@example.org,Midwest,Regular,2024-02-24
C09833,Scott Gibson,kellerkristi@example.com,Southeast,Regular,2023-05-20
C09834,Rachel Perry,codymoore@example.org,Southwest,Regular,2023-07-07
C09835,Maria Brown,adam32@example.com,Southeast,At-Risk,2022-05-13
C09836,Pamela Lee,carolwood@example.net,West,Regular,2024-11-10
C09837,Andrea Raymond,wwatkins@example.org,Northeast,Regular,2022-06-11
C09838,Leonard Paul,psmith@example.org,West,Regular,2024-10-25
C09839,Heather Ali,brittanyduncan@example.net,Northeast,VIP,2022-10-16
C09840,Erin Taylor,richardsonmeghan@example.org,West,Regular,2024-10-21
C09841,Jacqueline Thompson,knighteric@example.net,Midwest,Regular,2023-01-05
C09842,Amy Hensley,samanthahall@example.com,West,Regular,2024-04-23
C09843,Alyssa Armstrong,traceyglover@example.org,West,Regular,2024-08-03
C09844,Omar Berger,paigeblack@example.com,Southwest,Regular,2023-11-01
C09845,David Sandoval,amandawatson@example.com,Midwest,Regular,2022-03-06
C09846,Rhonda Schneider,xnorris@example.com,Southwest,New,2022-12-10
C09847,Douglas Carr,carrie48@example.net,Southeast,Regular,2023-05-28
C09848,Monica Solis,williamschristopher@example.net,Northeast,New,2023-08-22
C09849,Jason Rogers,saramanning@example.com,Southeast,Regular,2024-06-06
C09850,Sue Reyes,qcampbell@example.com,West,Regular,2024-03-20
C09851,Stephen Miller,fvillegas@example.com,Southwest,Regular,2022-08-12
C09852,Mark Ramirez,lauragill@example.org,Midwest,Regular,2022-05-13
C09853,Juan Obrien DVM,montgomeryadam@example.com,Southeast,At-Risk,2024-09-15
C09854,Arthur Williams,bparker@example.com,Northeast,New,2024-09-01
C09855,Jodi West,michaelreese@example.net,Southeast,New,2022-11-24
C09856,Andrew Underwood,penningtonrebecca@example.org,Southwest,At-Risk,2022-06-07
C09857,Elizabeth Cooper,shart@example.org,West,New,2022-09-13
C09858,Hector Fox,hannah29@example.net,Northeast,Regular,2023-06-11
C09859,Ashley Johnson,robertruiz@example.org,Southwest,Regular,2023-08-24
C09860,Pam Patterson,thomasmarvin@example.org,Southwest,Regular,2024-04-07
C09861,Kimberly Cruz,jodiroberts@example.org,Midwest,New,2023-11-06
C09862,Adrienne Mullins,laura81@example.org,Northeast,Regular,2023-06-19
C09863,Lori Hammond,bensonautumn@example.org,West,Regular,2023-08-04
C09864,Gregory Cline,hramirez@example.net,West,New,2024-04-14
C09865,Mario Foster,dixonlori@example.org,West,Regular,2023-03-09
C09866,Nicholas Schmidt,melissathomas@example.net,West,Regular,2024-09-25
C09867,Adam Martin,jeffrey20@example.com,Midwest,Regular,2024-07-24
C09868,William Jones,bradleymichael@example.com,West,At-Risk,2024-07-08
C09869,Ronald Young,douglassarah@example.net,West,Regular,2024-09-25
C09870,April Lee,ronald91@example.net,West,Regular,2022-08-17
C09871,Meghan Hicks,danielherman@example.net,West,At-Risk,2024-02-16
C09872,Jeanette Hamilton,williamssandra@example.org,Southwest,Regular,2022-11-13
C09873,Cory Cole,andersonlinda@example.org,Southwest,Regular,2024-08-15
C09874,Jeremiah Mcbride,andrewjones@example.com,Northeast,Regular,2022-06-25
C09875,Kimberly Mcdaniel,turnershane@example.org,Southwest,Regular,2024-05-17
C09876,Ricardo Willis,qholden@example.org,West,Regular,2022-07-25
C09877,Lynn Stanley,hernandezdennis@example.org,Southwest,New,2023-01-16
C09878,Timothy Garcia,aprilperez@example.net,West,Regular,2022-12-01
C09879,Jennifer Moran,robertalynch@example.net,West,New,2022-12-17
C09880,Ariana Rose,dmoore@example.com,West,New,2024-01-15
C09881,Christopher Edwards,ogarcia@example.com,Midwest,Regular,2024-02-24
C09882,Jason Lee,scottpeter@example.org,Southwest,New,2024-12-21
C09883,Jessica Pugh,mariahmeadows@example.org,Midwest,Regular,2023-01-13
C09884,Rebecca Armstrong,williamkemp@example.com,West,At-Risk,2023-08-13
C09885,Juan Reed,julie26@example.net,Northeast,Regular,2024-01-14
C09886,Theresa Fisher,david66@example.net,Southwest,Regular,2024-06-23
C09887,David Morris,heatherrowe@example.com,Midwest,Regular,2022-07-03
C09888,Christopher Kelly,jasonmcclure@example.com,Southeast,At-Risk,2022-12-07
C09889,Nathan Lane,riosjoseph@example.org,Midwest,Regular,2023-12-01
C09890,Douglas Ramirez,kaitlin93@example.org,West,Regular,2024-05-26
C09891,Gregory Andersen,austinrose@example.com,Midwest,Regular,2022-11-17
C09892,Stephanie Hicks,meganwilliams@example.com,Southwest,Regular,2022-11-01
C09893,Julie Johnson,brush@example.com,Southwest,At-Risk,2022-07-12
C09894,Eric Gibbs,dmunoz@example.org,Midwest,VIP,2024-01-14
C09895,Amanda Chen,jamesbailey@example.org,West,Regular,2022-08-15
C09896,Jerry Patterson,nreynolds@example.net,Midwest,Regular,2023-06-09
C09897,Michael Mayo,kwalker@example.org,Southeast,At-Risk,2022-11-10
C09898,Anne Luna,nicolelopez@example.com,Southeast,Regular,2024-05-14
C09899,Jason Rodriguez,christine44@example.org,Southeast,At-Risk,2024-08-06
C09900,Jordan Knight,evansryan@example.com,Southeast,Regular,2022-05-18
C09901,Michael Spears,ofriedman@example.net,Southeast,Regular,2024-02-23
C09902,Jessica Calhoun,wardlatasha@example.com,Southeast,Regular,2022-08-27
C09903,Christine Fowler,elizabethhernandez@example.com,West,At-Risk,2023-10-19
C09904,Bradley Rodriguez,joshua02@example.com,Northeast,Regular,2024-07-23
C09905,Elizabeth Molina,lisalarson@example.com,Southwest,Regular,2022-11-25
C09906,George Harris,christopher69@example.net,Southwest,Regular,2022-09-25
C09907,Jared Jackson,ortizelizabeth@example.net,West,Regular,2024-08-04
C09908,Mary Wilson,emanning@example.com,Northeast,Regular,2022-01-07
C09909,Melvin Hill,hwalsh@example.com,Northeast,Regular,2024-10-26
C09910,Carolyn Willis,williamsbenjamin@example.net,West,Regular,2022-06-27
C09911,Janet Stein,pughkevin@example.net,Southeast,Regular,2024-10-27
C09912,Judy Martin,qshea@example.net,Northeast,Regular,2022-12-22
C09913,Jodi Smith,jasonmiranda@example.com,West,Regular,2022-05-05
C09914,Deborah Cox,ygardner@example.com,Southeast,Regular,2023-10-29
C09915,Elizabeth Davis,barnesdevin@example.net,Midwest,Regular,2023-04-27
C09916,Charles Stewart,mortonnancy@example.net,Southwest,Regular,2024-02-09
C09917,Mary Wall,adamsgregory@example.net,Midwest,Regular,2023-07-27
C09918,Kristen Hutchinson,lewisjames@example.net,Northeast,Regular,2024-07-08
C09919,Leah Coleman,jacob75@example.com,Southwest,Regular,2024-04-07
C09920,Jose Wallace,smithashley@example.net,Southwest,VIP,2023-07-07
C09921,David Ross,martinezashley@example.com,Southeast,At-Risk,2023-10-02
C09922,Cody Martinez,garystanley@example.org,Midwest,At-Risk,2024-09-02
C09923,Adrienne Harper,jennifer30@example.com,Midwest,Regular,2023-05-16
C09924,Scott Johnson,maria45@example.org,West,Regular,2023-05-10
C09925,Paul Hernandez,vincentperez@example.net,Northeast,New,2022-11-11
C09926,Mary Patel,bsolomon@example.net,Northeast,Regular,2023-07-23
C09927,Jose Long,mitchellwillis@example.org,Southeast,Regular,2022-06-30
C09928,David Colon,etran@example.net,Southeast,At-Risk,2023-05-26
C09929,Rebekah Castillo,mitchellcorey@example.net,Northeast,Regular,2023-09-11
C09930,Jason Hall,reneeflores@example.com,West,At-Risk,2022-02-16
C09931,Adam Kane,richard91@example.net,Southeast,Regular,2022-07-31
C09932,Heather Buckley,ltaylor@example.org,Southwest,Regular,2022-12-30
C09933,Ethan Lee,martineztyler@example.org,Midwest,Regular,2024-11-24
C09934,Nancy Benjamin,yberg@example.org,Southwest,Regular,2023-03-27
C09935,Benjamin Collins,wardamy@example.org,Midwest,Regular,2024-08-27
C09936,Michelle Perry,charles54@example.org,West,VIP,2022-04-02
C09937,Kayla Robinson,smiranda@example.com,Northeast,Regular,2023-11-26
C09938,William Smith,charlesgray@example.org,Southeast,Regular,2022-08-19
C09939,Mike Martinez,ashley11@example.net,Midwest,Regular,2023-07-16
C09940,James Cruz,jonathansmith@example.org,Southeast,Regular,2023-06-26
C09941,Cassandra Moss,qwilson@example.org,West,Regular,2024-11-11
C09942,Sue Thomas,leedanielle@example.com,Southwest,New,2022-09-02
C09943,Rachael Moore,courtneysanders@example.net,Northeast,Regular,2023-08-08
C09944,Kimberly Gonzales,mmurray@example.org,Southeast,Regular,2022-03-16
C09945,Jacqueline Harper,zle@example.org,West,New,2022-07-17
C09946,Jason Allen,bhunter@example.com,Northeast,Regular,2024-02-11
C09947,Anthony Johnston,nicholasshelton@example.com,Midwest,Regular,2023-11-09
C09948,Christopher Davis,ericedwards@example.com,Southeast,Regular,2024-10-08
C09949,George Robinson,charlesthomas@example.net,Southeast,At-Risk,2024-04-20
C09950,Franklin Flores,bobby86@example.net,Southwest,New,2022-11-03
C09951,Janet Calderon,shayes@example.net,West,New,2024-02-03
C09952,Leslie Morgan,xthompson@example.net,Midwest,Regular,2024-01-31
C09953,Frances Moore,bradleydouglas@example.org,West,Regular,2023-08-13
C09954,Robert Goodwin,keithallen@example.net,Midwest,Regular,2023-07-25
C09955,Wanda Taylor,robert23@example.org,Southwest,At-Risk,2023-06-27
C09956,Christine Stone,wrightadrian@example.org,Northeast,Regular,2022-11-21
C09957,Taylor Smith,larry18@example.org,Southwest,Regular,2022-12-14
C09958,Kimberly Flynn,michael87@example.org,Southwest,Regular,2022-11-07
C09959,Mark Gonzales,thomas79@example.com,Southwest,Regular,2023-03-11
C09960,Thomas Scott,williamskelly@example.org,Southwest,Regular,2022-08-06
C09961,Johnny Coleman,jerryjones@example.net,West,Regular,2023-02-26
C09962,Julie Weber,paulcross@example.org,Southeast,New,2024-11-11
C09963,Sharon Powers,gibbstracey@example.com,West,At-Risk,2022-10-28
C09964,John Jones,michaelthompson@example.org,Northeast,New,2022-07-17
C09965,Elizabeth Rodriguez,nuneztracy@example.com,Northeast,Regular,2024-02-21
C09966,Brianna Choi,amber40@example.net,Midwest,Regular,2024-03-16
C09967,Daniel Brown,thomas75@example.org,Northeast,Regular,2024-05-16
C09968,Deanna Mason,jimenezjohnathan@example.net,Northeast,New,2023-11-26
C09969,Todd Bender,vswanson@example.com,Southeast,New,2024-04-06
C09970,Judith Glass,samuelnoble@example.org,Southwest,Regular,2023-12-06
C09971,Johnny Cross,lrodriguez@example.com,Midwest,VIP,2023-11-01
C09972,David Thomas,brad64@example.net,Midwest,New,2022-12-21
C09973,Eric Flores,john19@example.org,Northeast,New,2024-07-28
C09974,Alex Baker,bsingleton@example.org,West,At-Risk,2024-01-10
C09975,Diana Montes,oramirez@example.net,Southwest,Regular,2024-01-28
C09976,Nicholas Ramos,athompson@example.com,Northeast,Regular,2022-07-10
C09977,Dawn Shah,hammondhenry@example.org,Southwest,Regular,2023-08-15
C09978,Lauren Lucas,arussell@example.org,West,Regular,2024-01-02
C09979,Karina West,houseashley@example.net,Northeast,New,2023-07-20
C09980,Christopher Contreras,kimberly27@example.net,Southwest,Regular,2022-09-16
C09981,Lawrence Ford,rowelaura@example.com,Southeast,At-Risk,2023-05-30
C09982,Christopher Banks,emmaguzman@example.net,Southwest,Regular,2023-05-06
C09983,Michael Randall,wthomas@example.com,Southeast,Regular,2023-12-05
C09984,Kara Schroeder,williamsduane@example.org,West,New,2024-03-01
C09985,Philip Bailey,qking@example.org,Northeast,Regular,2022-11-02
C09986,Melissa Avila,henryclark@example.net,West,At-Risk,2024-10-21
C09987,Larry Nixon,jacobsashley@example.com,Southeast,Regular,2023-04-12
C09988,Robert Miller,ericksonsean@example.org,Southeast,Regular,2023-03-23
C09989,Mrs. Valerie Clark,andrewpena@example.net,West,Regular,2023-01-07
C09990,Gary Martinez Jr.,vvaldez@example.net,Northeast,Regular,2022-02-19
C09991,Erica Reed,bhuffman@example.com,West,New,2022-09-10
C09992,Chad Ross,wilsonwilliam@example.com,Northeast,Regular,2022-08-26
C09993,Sandra Barnes,iparsons@example.net,West,Regular,2024-06-28
C09994,Robert Adams,bcarter@example.org,Southwest,Regular,2024-03-03
C09995,Brittany Rosales,rroach@example.net,Midwest,Regular,2023-06-12
C09996,Rachel Johnson,lmarks@example.com,Northeast,Regular,2024-09-14
C09997,Joseph Delacruz,joshuaweaver@example.net,Southwest,Regular,2022-05-26
C09998,Kathy Bryant,nicole43@example.org,Northeast,Regular,2022-04-19
C09999,Francis Harris Jr.,michaelellis@example.net,Northeast,Regular,2024-11-05
C10000,William Wright,rodriguezkathryn@example.org,Southeast,Regular,2023-10-05
